card_id,total_amount,tx_count,avg_installments,max_amount,avg_amount,authorized_ratio,target,is_recommended
C_ID_910ccf40e8,-30.39667989,44,1.4318181818181819,-0.56125524,-0.6908336338636364,0.8636363636363636,-0.44427562,0
C_ID_b149a57ea2,-16.293336899999996,27,0.0,-0.21535997,-0.6034569222222221,0.8148148148148148,-0.59115071,0
C_ID_934f91e091,-41.79559637000001,61,1.2950819672131149,-0.19152792,-0.6851737109836068,0.7213114754098361,0.0,0
C_ID_276dcb9d20,-2.6230429299999996,5,0.0,-0.09175188,-0.5246085859999999,1.0,4.07357114,0
C_ID_a8839baadb,-44.71913952000001,70,1.2142857142857142,1.20653874,-0.6388448502857145,0.9142857142857143,0.0,0
C_ID_a5802ec51b,-29.81936135000001,51,0.0784313725490196,0.07429107,-0.5846933598039218,0.8823529411764706,2.77942215,0
C_ID_2220f1bb5e,-17.49601381,29,1.4482758620689655,0.54861795,-0.6033108210344827,0.9655172413793104,1.05560994,0
C_ID_64f8327986,1.4802917199999999,8,3.75,3.99636092,0.18503646499999998,1.0,0.1176505,0
C_ID_2d32131e83,-49.761480879999986,72,0.0,-0.00205863,-0.6911316788888887,0.9166666666666666,-0.62370985,0
C_ID_d2cd2e23dd,-122.02879966000003,181,0.016574585635359115,0.84097376,-0.6741922633149173,0.9502762430939227,0.0,0
C_ID_2b3f10caeb,-117.93037864999998,178,0.011235955056179775,-0.26816313,-0.6625302171348314,0.8764044943820225,0.0,0
C_ID_5d1b7fdcce,-38.95496956,61,1.3934426229508197,1.50558135,-0.6386060583606558,0.9508196721311475,1.14921776,0
C_ID_2759d21f79,-22.819020400000007,37,1.4864864864864864,0.07955035,-0.6167302810810813,0.9459459459459459,0.0,0
C_ID_14b41d2891,-43.44257725999999,60,0.05,-0.64202274,-0.7240429543333332,0.95,0.0,0
C_ID_ee160dc81a,-46.74136244000001,69,0.0,-0.38104229,-0.6774110498550726,0.8695652173913043,0.12258657,0
C_ID_c4940c91b9,-59.58084055000001,93,0.0,0.19137765,-0.6406541994623657,0.9139784946236559,-0.41689913,0
C_ID_811e38ac1c,-7.55498447,11,1.0,-0.68681677,-0.68681677,1.0,0.24798448,0
C_ID_56daa3460e,-90.59802523000005,127,0.007874015748031496,-0.53637134,-0.7133702774015752,0.9606299212598425,-0.28756227,0
C_ID_f12b70761f,-23.131977529999997,34,1.911764705882353,0.27339236,-0.6803522802941175,0.8235294117647058,0.0,0
C_ID_a24ff4a819,-11.21641952,17,0.0,-0.46771521,-0.6597893835294117,0.9411764705882353,0.0,0
C_ID_c35da70d56,-0.5992723199999999,9,4.333333333333333,1.20653874,-0.06658581333333331,1.0,-1.68896996,0
C_ID_4545134bbc,-42.01379640000001,61,1.2459016393442623,0.00291514,-0.6887507606557379,0.9344262295081968,0.11809022,0
C_ID_d1210b0bcd,-12.227658659999998,34,1.8235294117647058,1.83769731,-0.3596370194117646,0.7941176470588235,0.0,0
C_ID_08884d6518,-4.4586215000000005,11,2.5454545454545454,0.59796501,-0.4053292272727273,1.0,-3.12900808,0
C_ID_e51df352de,-72.86146707000002,117,0.0,0.75574338,-0.622747581794872,0.9743589743589743,-0.42002581,0
C_ID_529b3bf9b8,-47.71261599999999,77,0.0,-0.20595337,-0.6196443636363635,0.948051948051948,-0.57775136,0
C_ID_1f019654fe,-39.581950799999994,61,1.1475409836065573,-0.16912339,-0.6488844393442622,0.9344262295081968,-3.0784852,0
C_ID_e1de015a61,-19.966267189999996,88,1.6590909090909092,14.279604,-0.22688939988636359,0.9318181818181818,0.0,0
C_ID_b734d8231a,18.69138785,33,3.757575757575758,10.5294675,0.5664056924242424,1.0,2.16915925,0
C_ID_130d55e0eb,-25.035370749999988,34,0.0,-0.69713999,-0.736334433823529,0.5882352941176471,0.0,0
C_ID_7977a0a1e3,-21.95310265,31,0.16129032258064516,-0.49205816,-0.7081646016129033,0.7419354838709677,0.0,0
C_ID_c550b7be1c,-36.2328719,51,0.058823529411764705,-0.50374878,-0.7104484686274509,0.6470588235294118,1.41671893,0
C_ID_12eb1f9100,-174.1507052600002,277,0.0,0.88797669,-0.628702907075813,0.9855595667870036,-0.07098651,0
C_ID_da1ba9cb32,-35.35288929000001,58,0.0,-0.3126416,-0.6095325739655174,0.8448275862068966,0.0,0
C_ID_1041246c8e,-30.656503329999996,56,1.2321428571428572,0.26541328,-0.5474375594642856,0.9821428571428571,0.0,0
C_ID_f8cdb789b4,-5.818460709999999,8,0.0,-0.70483356,-0.7273075887499999,1.0,-0.605796,0
C_ID_e3037daa35,-4.10599436,9,0.0,0.28634521,-0.4562215955555556,0.8888888888888888,0.0,0
C_ID_524abeb6b9,-31.176285410000002,45,0.022222222222222223,-0.56057905,-0.6928063424444445,0.8444444444444444,-4.04403277,0
C_ID_6fff711b28,-58.68787499999998,109,2.0642201834862384,0.18330842,-0.5384208715596328,0.944954128440367,-0.3072675,0
C_ID_641529a5c9,-19.7466397,33,1.3636363636363635,0.45521315,-0.5983830212121212,0.8484848484848485,1.29834249,0
C_ID_e7b5230b05,-49.728933480000016,78,1.0512820512820513,-0.22097988,-0.6375504292307694,0.9871794871794872,0.28091117,0
C_ID_751bcff6b7,-224.97113431999998,382,1.1858638743455496,3.03500977,-0.5889296709947643,0.9345549738219895,-0.38422728,0
C_ID_5e5c5f3cb4,-34.414543769999995,51,0.0196078431372549,-0.33397925,-0.6747949758823528,0.8431372549019608,0.0,0
C_ID_792a02050d,-1.6092793099999985,51,1.6470588235294117,2.60340327,-0.03155449627450977,0.8431372549019608,-1.76444578,0
C_ID_37b30fe4f9,6.27866266,6,3.0,3.81955898,1.0464437766666668,0.6666666666666666,0.09961224,0
C_ID_1fd8c3e62b,-15.155829909999987,197,1.1827411167512691,24.80206915,-0.07693314675126897,0.8527918781725888,0.03274031,0
C_ID_bdc4f53ea8,-25.479975160000006,67,1.328358208955224,2.31759902,-0.380298136716418,0.9253731343283582,0.0,0
C_ID_7dc7df99de,-26.684004489999996,37,0.0,-0.66705691,-0.7211893105405405,0.8918918918918919,0.77933096,0
C_ID_770ffb3714,-1.5394511100000001,3,5.333333333333333,-0.14586235,-0.5131503700000001,1.0,-0.36990988,0
C_ID_5a3b890a43,-7.04959784,15,0.06666666666666667,0.35754082,-0.4699731893333333,0.7333333333333333,0.93955516,0
C_ID_2ca97c3a0a,-86.59110068000005,121,0.0,-0.45683601,-0.7156289312396699,0.9834710743801653,0.0,0
C_ID_f5edd12e36,-72.17714464000002,100,0.04,-0.62519305,-0.7217714464000002,0.78,0.45355728,0
C_ID_0df8411218,-59.26573461999995,91,1.054945054945055,5.10591855,-0.6512718090109885,0.989010989010989,0.0,0
C_ID_6b82ac3667,-41.71690256,70,1.5285714285714285,1.13140618,-0.5959557508571429,0.8285714285714286,1.53943977,0
C_ID_b645ff9221,-46.08408776999997,74,1.0,0.54837752,-0.6227579428378374,0.9864864864864865,0.03909187,0
C_ID_9b6021f3a4,-14.1680472,27,0.0,0.85942632,-0.5247424888888889,0.8888888888888888,1.53580414,0
C_ID_708ad6920a,-21.377001229999998,36,1.6944444444444444,0.47775292,-0.5938055897222222,0.6944444444444444,-2.42644858,0
C_ID_8636aa5b22,-23.31579687,33,0.0,-0.61106813,-0.7065392990909091,0.9090909090909091,0.0,0
C_ID_cfe5032113,-62.53074013999999,87,0.04597701149425287,-0.52151012,-0.7187441395402298,0.7931034482758621,0.0,0
C_ID_740b57715b,4.13741479,15,1.2666666666666666,4.96316669,0.2758276526666667,0.8666666666666667,0.0,0
C_ID_e26a374c3f,-21.020196659999996,53,1.0,1.92023794,-0.3966074841509433,1.0,-0.51469844,0
C_ID_09348e6a56,-11.01347145,19,0.0,0.05553799,-0.5796563921052632,1.0,-3.07535732,0
C_ID_2e9dd7a3d1,-9.22830684,14,1.0,-0.44637756,-0.6591647742857143,1.0,0.95224479,0
C_ID_0d73671693,-48.85052866,70,0.014285714285714285,-0.30279924,-0.6978646951428572,0.8428571428571429,1.46847676,0
C_ID_3fadaebf61,-29.472429270000006,55,1.9454545454545455,1.20503609,-0.5358623503636365,1.0,4.9109048,0
C_ID_72717a97d8,-46.44371723000001,65,0.0,-0.5966577,-0.7145187266153847,0.9692307692307692,0.0,0
C_ID_efc53f76b0,-5.84014397,17,2.0588235294117645,2.78731275,-0.34353788058823526,0.8823529411764706,0.0,0
C_ID_c87cea6334,-68.60262302999999,135,1.1777777777777778,3.95874956,-0.5081675779999999,0.9925925925925926,0.0,0
C_ID_fcf8b646b2,-18.32233674,28,1.4642857142857142,-0.26739678,-0.6543691692857143,0.9285714285714286,1.01111252,0
C_ID_636130bb2c,-4.51436988,8,0.0,0.02877577,-0.564296235,1.0,0.0,0
C_ID_a146507be7,-5.76935408,21,3.380952380952381,0.31742004,-0.2747311466666667,0.9523809523809523,2.80866134,0
C_ID_c003996416,-20.40648383999999,33,0.0,0.60397562,-0.6183782981818179,1.0,-0.69962131,0
C_ID_1f45693447,-11.93160634,22,1.1363636363636365,-0.17358626,-0.5423457427272728,0.7727272727272727,1.19362054,0
C_ID_e4c0e64ae9,-215.75391714999995,306,0.026143790849673203,-0.31298721,-0.7050781606209149,0.954248366013072,0.0,0
C_ID_5cf34460a5,-30.80828616000001,83,0.024096385542168676,0.81134148,-0.37118417060240977,0.927710843373494,0.18893291,0
C_ID_c3b8522a4a,-60.85965681000001,84,0.9404761904761905,-0.66026493,-0.7245197239285716,0.9166666666666666,0.40446209,0
C_ID_e067b15963,-418.71411220999937,620,1.0758064516129033,1.20653874,-0.6753453422741925,0.9790322580645161,0.0,0
C_ID_6f1f3f1199,-73.44165561000001,105,0.10476190476190476,-0.25403821,-0.6994443391428573,0.8571428571428571,0.0,0
C_ID_711524eff1,-137.08312547999998,256,1.37109375,4.6611338,-0.5354809589062499,0.94921875,0.0,0
C_ID_6f2662e36e,-40.41865706,71,0.0,2.05827148,-0.56927686,0.9577464788732394,0.16971198,0
C_ID_69528c1be0,-23.714254859999997,35,0.0,-0.22641948,-0.6775501388571428,1.0,-0.10138186,0
C_ID_1afc78c8ff,-72.88858976999998,107,0.19626168224299065,0.75574338,-0.6812017735514017,0.5887850467289719,0.0,0
C_ID_c8b16a8c6b,-6.3302637,11,2.0,-0.3846787,-0.5754785181818182,0.8181818181818182,0.0,0
C_ID_3b49c46a91,-18.67150778,31,1.4516129032258065,0.06437358,-0.6023067025806451,0.967741935483871,0.05776897,0
C_ID_49ef4abca5,-22.18466116999999,38,1.0526315789473684,0.75574338,-0.5838068728947367,1.0,-1.78676663,0
C_ID_61898b8162,-9.175593829999999,13,0.0,-0.60118068,-0.7058149099999999,0.9230769230769231,-0.84006942,0
C_ID_7fce66de72,-96.38234563999991,149,1.25503355704698,0.24135583,-0.6468613801342276,0.9932885906040269,-0.50179998,0
C_ID_290c5d9972,-18.228045469999998,279,0.007168458781362007,7.2772495,-0.06533349630824371,0.931899641577061,0.0,0
C_ID_ba293cefca,-47.68768706000001,69,0.0,-0.09900969,-0.69112589942029,0.8840579710144928,-1.18349074,0
C_ID_2ae1ceb3e5,-6.6248885400000015,32,2.1875,3.34003294,-0.20702776687500005,0.96875,-0.73006777,0
C_ID_30b6c37c64,-73.89108356999999,109,0.0,-0.290192,-0.677899849266055,0.9541284403669725,0.16670152,0
C_ID_710f439e09,-37.772142730000006,62,0.03225806451612903,0.60397562,-0.6092281085483872,0.6935483870967742,0.0,0
C_ID_aa6e5bd039,-102.86222831000003,142,0.04225352112676056,-0.64169216,-0.7243818895070425,0.9014084507042254,0.0,0
C_ID_ca93845187,-16.848491369999998,25,0.0,-0.19588561,-0.6739396548,0.96,0.0,0
C_ID_e01e3476e8,-51.20991641000001,74,0.0,-0.43153137,-0.6920258974324326,0.972972972972973,2.47673665,0
C_ID_26a110ba04,-13.632547380000004,57,1.3157894736842106,2.10812945,-0.2391674978947369,0.8070175438596491,-0.04184513,0
C_ID_2d3c93fc76,-21.58036997,30,0.0,-0.64833388,-0.7193456656666667,0.4,0.0,0
C_ID_86fe1a69f3,-16.518599369999997,51,1.3137254901960784,17.35703362,-0.3238941052941176,0.9803921568627451,1.23846081,0
C_ID_d84e74513d,-49.71876068000005,200,1.205,6.7663481,-0.24859380340000026,0.73,0.37965206,0
C_ID_19dad9c1ff,-11.333566200000002,17,0.0,-0.37827741,-0.6666803647058824,0.9411764705882353,0.0,0
C_ID_81d19061d5,-15.24020382,40,2.35,0.95810542,-0.3810050955,0.725,-33.21928095,0
C_ID_174c3bc108,-47.20850664999998,134,0.0,0.43745181,-0.3523022884328357,0.8731343283582089,-0.48562624,0
C_ID_c192008cf2,-48.71945240000001,96,1.1666666666666667,3.308898,-0.5074942958333334,0.9895833333333334,0.0,0
C_ID_b785d9aa3e,-401.14225927000024,760,0.014473684210526316,3.30574244,-0.5278187621973688,0.9171052631578948,0.43327701,0
C_ID_ec238a9e2e,-96.64586568999997,145,0.006896551724137931,0.39177122,-0.6665232116551721,0.9379310344827586,-2.30790121,0
C_ID_b540f02980,-71.74920470000005,131,1.2748091603053435,1.32996651,-0.5477038526717561,0.7938931297709924,0.0,0
C_ID_518d79d23c,-108.18254526000003,150,0.0,-0.44682835,-0.7212169684000002,0.9666666666666667,-1.58273329,0
C_ID_9bd9120b8c,-63.14685716999998,98,1.2040816326530612,1.90226623,-0.6443556854081631,0.7653061224489796,0.0,0
C_ID_3e2c6d0bcd,-70.78815399000004,112,1.3571428571428572,0.44890201,-0.632037089196429,0.9107142857142857,-0.28257174,0
C_ID_2d64e0bd62,-102.05279526999999,153,0.006535947712418301,1.05627362,-0.6670117337908497,0.9607843137254902,0.0,0
C_ID_84b5083741,-35.05048081999999,63,2.0317460317460316,0.75559312,-0.5563568384126982,0.9682539682539683,-0.52682698,0
C_ID_bb35ed78a8,-18.56793004,35,1.0,0.24484198,-0.5305122868571429,0.9142857142857143,-0.09650747,0
C_ID_35fa84bf8d,-11.839328540000004,30,2.066666666666667,1.70236855,-0.3946442846666668,0.8666666666666667,-0.47384408,0
C_ID_1ebcbae392,-74.84003794999998,135,0.007407407407407408,0.45778268,-0.5543706514814813,0.9037037037037037,0.0,0
C_ID_79ef1dc5f1,-18.566908249999997,27,0.037037037037037035,-0.40159855,-0.6876632685185184,0.7407407407407407,-1.38214562,0
C_ID_515912b042,-169.1420834100001,392,1.0612244897959184,12.77695282,-0.4314849066581635,0.9846938775510204,-0.99071734,0
C_ID_f9c0cf04e4,-38.10484473999999,60,1.2166666666666666,1.13591413,-0.6350807456666665,0.95,4.2118E-4,0
C_ID_0d7de622fc,-3.56986342,30,0.0,3.15583795,-0.11899544733333332,0.9666666666666667,-1.70473384,0
C_ID_2749e3e016,-37.27840159,60,0.016666666666666666,0.19074654,-0.6213066931666666,0.75,1.76744293,0
C_ID_aafd7f82d0,-6.29220152,17,0.0,0.50770075,-0.3701295011764706,0.9411764705882353,0.0,0
C_ID_18146cc298,-25.18225492,36,0.0,-0.44183955,-0.699507081111111,1.0,0.00190562,0
C_ID_1fdf9137ba,-78.59696636999996,120,1.0,-0.14434467,-0.6549747197499997,0.9833333333333333,-0.76545751,0
C_ID_5e6821b512,-7.184310539999999,15,1.0,-0.07026397,-0.47895403599999997,1.0,0.0,0
C_ID_df08497395,-89.37566363999997,137,0.0,0.2266599,-0.6523771068613137,0.8978102189781022,1.72003293,0
C_ID_13320849b6,-69.39940381000001,111,0.0,0.75574338,-0.6252198541441443,0.8198198198198198,1.18353657,0
C_ID_e179132dcf,-2.63569525,6,0.0,-0.34630099,-0.43928254166666664,0.8333333333333334,1.91157349,0
C_ID_df0d32f555,-174.05295764000005,264,1.0075757575757576,0.605328,-0.6592915062121214,0.9545454545454546,0.3151189,0
C_ID_208e543b08,-15.564701339999997,24,1.2916666666666667,0.30104114,-0.6485292224999999,1.0,0.0,0
C_ID_4746bfad4a,-3.7282428700000003,7,1.5714285714285714,-0.23780958,-0.5326061242857143,1.0,-0.81772245,0
C_ID_46d3ab737b,-221.43925788999996,321,0.006230529595015576,-0.44667809,-0.6898419248909656,0.9657320872274143,-0.16428535,0
C_ID_dcc25a1ae6,-187.86435083999967,277,1.0216606498194947,-0.18694483,-0.6782106528519843,0.1299638989169675,0.83006246,0
C_ID_97835b0b35,-56.53224679,118,1.305084745762712,2.04652075,-0.47908683720338985,0.9915254237288136,0.0,0
C_ID_2507eeff67,-13.974430569999999,23,1.0,-0.34924619,-0.6075839378260869,1.0,-1.51433322,0
C_ID_6e800f89f3,-30.791561670000004,48,0.9375,0.10659807,-0.6414908681250001,0.9791666666666666,0.48350138,0
C_ID_5ffd8bdd32,-167.23207844999985,261,0.0,-0.24351965,-0.6407359327586201,0.9808429118773946,0.0,0
C_ID_e258c5c2b3,-21.009978640000003,43,1.0,2.49881875,-0.4886041544186047,0.9767441860465116,0.0,0
C_ID_e9cb6612f0,-40.415441449999996,85,1.9294117647058824,1.69144427,-0.47547578176470584,0.8823529411764706,0.86800894,0
C_ID_395faeb385,-78.78990680999998,127,1.1811023622047243,2.67913689,-0.6203929670078738,0.9921259842519685,0.0,0
C_ID_d6d5e0aa90,-5.6047837099999995,12,1.5,0.08656773,-0.4670653091666666,0.9166666666666666,0.0,0
C_ID_60cc447e16,-99.70004932999997,186,1.1720430107526882,3.38523268,-0.5360217705913977,0.989247311827957,0.57733194,0
C_ID_6cdf1dd0ae,-45.1576432,67,0.0,-0.01658927,-0.6739946746268657,0.9701492537313433,0.52509286,0
C_ID_8cfacdc712,-31.7499676,67,1.2537313432835822,1.26604372,-0.47388011343283587,1.0,-0.26072354,0
C_ID_c742e5e5a4,-7.969866500000001,28,2.3214285714285716,1.17648571,-0.2846380892857143,1.0,-0.67820241,0
C_ID_6adf898df9,-20.03299993,58,0.034482758620689655,1.10314131,-0.3453965505172414,0.9655172413793104,0.0,0
C_ID_41b0f647e9,-9.340269349999998,36,1.0277777777777777,0.9755512,-0.2594519263888888,0.8055555555555556,0.0,0
C_ID_978d35796c,-4.549531919999999,92,0.0,3.3473809,-0.04945143391304346,0.6847826086956522,1.09953451,0
C_ID_7edd40d6c5,-74.78670878999999,101,0.0,-0.61166919,-0.7404624632673267,0.9306930693069307,1.68053059,0
C_ID_e9328398c6,-40.733282110000005,69,0.043478260869565216,-0.30811862,-0.590337421884058,0.9420289855072463,-1.02895466,0
C_ID_d32d8f83a8,-51.761088889999996,73,1.0273972602739727,-0.45438669,-0.7090560121917808,1.0,0.51439447,0
C_ID_5fe1a4e8a0,-12.282460400000001,18,0.0,-0.49847448,-0.6823589111111112,0.7777777777777778,1.09892272,0
C_ID_9e0e3b0286,-157.98070589000002,324,1.0061728395061729,3.43947839,-0.48759477126543216,0.9753086419753086,-0.30221585,0
C_ID_494cd765fb,-13.105071789999998,22,2.5454545454545454,-0.08153385,-0.5956850813636363,0.9090909090909091,0.0,0
C_ID_a6a683e9e0,-73.22557445,122,1.0,0.7565999,-0.6002096266393442,0.7622950819672131,-0.39065339,0
C_ID_a0d8469023,-61.16540120000002,89,1.4157303370786516,-0.02638655,-0.6872516988764047,0.9438202247191011,1.07567962,0
C_ID_5c6eac5691,-36.92362561,55,0.9818181818181818,-0.41198187,-0.6713386474545455,0.8727272727272727,0.0,0
C_ID_d24c39a68b,-5.96815484,9,1.2222222222222223,-0.5774989,-0.6631283155555556,1.0,0.0,0
C_ID_eb72b4d905,-12.0800382,21,1.9047619047619047,-0.29761509,-0.5752399142857143,0.8095238095238095,-1.65188749,0
C_ID_0ee800b842,-20.45055659,36,1.6666666666666667,1.20503609,-0.5680710163888889,0.9444444444444444,1.10129404,0
C_ID_c1fad1ee99,-19.027335589999996,27,0.0,-0.59679294,-0.7047161329629629,0.8888888888888888,1.03300059,0
C_ID_3c7ab8b265,-104.84359431,159,0.006289308176100629,-0.33937377,-0.6593936749056604,0.9559748427672956,0.0,0
C_ID_2c56b9d85d,-48.23690607999999,70,0.014285714285714285,-0.32616547,-0.6890986582857141,0.9428571428571428,0.0,0
C_ID_0580a744b3,-78.80682666999996,115,0.02608695652173913,-0.01812197,-0.6852767536521736,0.9478260869565217,0.26669296,0
C_ID_b755ee3417,-48.11490579,101,2.118811881188119,0.5819167,-0.47638520584158417,0.693069306930693,0.0,0
C_ID_20f607b52a,-27.29406588,46,1.0869565217391304,-0.12329253,-0.5933492582608696,0.782608695652174,0.0,0
C_ID_b9f43f45f9,-173.58184652000025,260,0.0,1.39437014,-0.6676224866153856,0.9307692307692308,-0.36074284,0
C_ID_bd6597a5c7,-0.8295235700000001,13,3.6153846153846154,1.2816713,-0.0638095053846154,1.0,-0.18167341,0
C_ID_5b22983a43,13.007174019999999,19,3.4210526315789473,4.04742101,0.6845881063157894,0.9473684210526315,-1.65829487,0
C_ID_261be18ca2,-64.10584921000003,92,1.065217391304348,-0.51324554,-0.6968027088043481,0.967391304347826,-0.40339908,0
C_ID_a1b659d632,-2.4669775800000004,39,2.58974358974359,8.03608835,-0.06325583538461539,0.9743589743589743,2.14556124,0
C_ID_c770d49bae,-30.13735239999999,50,1.34,-0.06901677,-0.6027470479999998,0.96,0.09624611,0
C_ID_67861638b5,11.62423902,163,3.0736196319018405,9.83145598,0.07131434981595092,0.8159509202453987,0.0,0
C_ID_f02f37d5b5,-177.31988670999996,275,0.02181818181818182,2.22281178,-0.6447995880363635,0.8945454545454545,-0.63943902,0
C_ID_f4b86fd58c,-27.711081619999998,42,0.0,-0.371245,-0.6597876576190476,0.8095238095238095,0.0,0
C_ID_86f16405c3,-30.880323199999992,44,0.0,-0.29611244,-0.7018255272727271,0.7954545454545454,0.73673937,0
C_ID_5f349a0557,-36.96503869,55,0.0,-0.106553,-0.6720916125454546,0.9454545454545454,0.0,0
C_ID_79537e5563,-150.81361573000007,246,0.0,0.07053445,-0.6130634785772361,0.9634146341463414,-0.0553362,0
C_ID_0b7b5c9f97,-1.3005295899999998,15,2.4,1.76221914,-0.08670197266666665,1.0,-1.57322681,0
C_ID_10c81df0e5,-84.25214902999998,130,1.5538461538461539,0.10810073,-0.648093454076923,0.7461538461538462,0.48112725,0
C_ID_482fd432df,-50.36176000000001,88,0.0,2.85947006,-0.5722927272727274,0.8068181818181818,5.66338665,0
C_ID_dd406d3587,-24.57345579,56,1.8571428571428572,0.30494803,-0.43881171053571427,1.0,-0.48309428,0
C_ID_08a82d7ae0,-25.86905665999999,47,1.1063829787234043,0.45443177,-0.5504054608510637,1.0,0.0,0
C_ID_754c7a6026,-16.68401118,44,1.0227272727272727,0.53592054,-0.37918207227272727,0.8863636363636364,-1.29983804,0
C_ID_166972f32a,-32.50229992,46,0.0,-0.55171341,-0.7065717373913043,0.717391304347826,0.0,0
C_ID_221f23da77,-39.4214677,61,1.1967213114754098,-0.23227982,-0.646253568852459,0.8852459016393442,-1.8787269,0
C_ID_385018a6e6,-15.990041770000003,54,1.0555555555555556,0.24339944,-0.2961118846296297,1.0,0.0,0
C_ID_979e41aca8,-151.52137944999996,217,0.0,-0.32463276,-0.6982552048387095,0.967741935483871,0.0,0
C_ID_fc12e319a9,30.652085530000004,47,1.4893617021276595,7.09598469,0.6521720325531916,0.9148936170212766,0.33243573,0
C_ID_ab6aef738f,-13.92152223,31,0.0,1.51632531,-0.44908136225806455,1.0,0.0,0
C_ID_c6acf80517,-69.20090357000001,121,1.1900826446280992,0.53326085,-0.5719082939669422,0.8099173553719008,-4.04192053,0
C_ID_847336a01b,13.57936854,12,3.5833333333333335,9.19312976,1.131614045,0.9166666666666666,0.0,0
C_ID_3120a15c0d,-31.264025210000003,44,0.022727272727272728,-0.48845179,-0.7105460275000001,0.9545454545454546,-0.93168736,0
C_ID_803ed2d86a,-8.466132080000001,12,0.0,-0.67568213,-0.7055110066666668,0.8333333333333334,-2.09227058,0
C_ID_bf6b638f49,-20.868684339999998,32,1.1875,0.15318026,-0.6521463856249999,0.9375,-0.16350332,0
C_ID_d94b57cb47,-15.136265450000002,25,1.76,-0.41632454,-0.6054506180000001,1.0,0.54776501,0
C_ID_439f3d0323,-17.673221490000003,27,1.037037037037037,-0.36768372,-0.654563758888889,1.0,0.0,0
C_ID_f52cc22df9,-100.54070744,155,0.0,0.63288662,-0.6486497254193548,0.9935483870967742,-0.54761076,0
C_ID_356c6e4e11,-74.52102515000009,112,1.1607142857142858,-0.19931165,-0.6653662959821436,0.7589285714285714,-0.84102946,0
C_ID_2b878f8f41,-273.7126156799998,418,1.3397129186602872,3.0082175,-0.6548148700478463,0.9449760765550239,-0.25180116,0
C_ID_e90238fa72,-23.235269790000004,157,1.4203821656050954,6.12008788,-0.14799534898089176,1.0,0.0,0
C_ID_f9fa82de57,-31.693197369999993,116,1.5689655172413792,7.30730253,-0.27321721870689647,0.9913793103448276,-2.54974036,0
C_ID_f60d9fee4f,-67.66623089000002,108,1.3055555555555556,0.71036332,-0.6265391749074076,0.8703703703703703,0.0,0
C_ID_d8ccb52592,-117.50341538,169,0.005917159763313609,-0.37154553,-0.6952864815384616,0.9230769230769231,-0.45886253,0
C_ID_5cba3cc0d5,-43.341343609999996,66,0.10606060606060606,-0.29611244,-0.6566870243939393,0.7575757575757576,0.0,0
C_ID_0f98787396,-455.38928913999933,664,1.0481927710843373,2.42368619,-0.6858272426807219,0.9909638554216867,-0.38389316,0
C_ID_65277aec85,-26.96809573000001,45,1.4666666666666666,-0.22248253,-0.5992910162222225,0.9111111111111111,-0.20144379,0
C_ID_868d6fd0e1,-22.962989410000002,38,1.263157894736842,-0.1453214,-0.6042891950000001,1.0,-1.93963953,0
C_ID_f38589dc61,-5.17813597,8,0.0,-0.50606286,-0.64726699625,0.875,0.70909719,0
C_ID_d07071a819,-47.17486228999999,87,1.1494252873563218,0.5089179,-0.5422397964367816,0.7931034482758621,-0.47666786,0
C_ID_c67b535b3d,42.74198114,26,1.0769230769230769,6.91661322,1.6439223515384616,0.46153846153846156,0.51262222,0
C_ID_d1e18bb416,-4.45503017,7,0.0,-0.52483098,-0.6364328814285714,1.0,-1.8124301,0
C_ID_109f7db030,-12.02478575,17,0.0,-0.59664268,-0.7073403382352941,0.7647058823529411,1.43608868,0
C_ID_03ce6c5187,-5.435960860000001,11,2.4545454545454546,0.42516012,-0.49417826000000004,1.0,0.44530384,0
C_ID_c148c23ac7,-189.17658579999994,290,0.0034482758620689655,-0.28059005,-0.6523330544827585,0.996551724137931,0.31402169,0
C_ID_cf4c2483c0,-11.963387409999996,17,0.0,-0.63676346,-0.7037286711764703,0.9411764705882353,0.0,0
C_ID_26e352b2fe,-33.35567052999999,62,1.2096774193548387,1.49429644,-0.5379946859677418,0.8709677419354839,0.0,0
C_ID_73f1a4acba,-28.713319929999997,43,1.2093023255813953,-0.22097988,-0.6677516262790697,0.9302325581395349,0.83551589,0
C_ID_d268613b3d,-51.28000008999999,115,0.0,3.08791812,-0.4459130442608695,0.8521739130434782,0.0,0
C_ID_49fe582be2,-33.0117738,46,0.0,-0.32225857,-0.7176472565217391,0.9782608695652174,-0.93471273,0
C_ID_584c4fe792,-39.362203089999994,75,1.2666666666666666,1.53745258,-0.5248293745333332,1.0,-0.32587449,0
C_ID_3677fff8d3,-33.74681064000001,49,1.1020408163265305,-0.14734997,-0.6887104212244899,0.8979591836734694,0.0,0
C_ID_35b9f7843b,-58.02574689000001,84,0.0,-0.58840815,-0.6907827010714287,0.9880952380952381,0.059174,0
C_ID_e0907fbe7a,-12.64114321,19,1.263157894736842,-0.20339886,-0.6653233268421053,0.8947368421052632,-1.18748678,0
C_ID_32de5dd0de,-11.61152664,17,0.11764705882352941,-0.59664268,-0.6830309788235294,0.5882352941176471,1.03399139,0
C_ID_4914385502,-192.86774325999994,328,0.003048780487804878,0.68061083,-0.5880114123780485,0.9664634146341463,0.0,0
C_ID_5af582c414,-6.756235290000002,40,3.175,2.25839456,-0.16890588225000006,0.95,1.40605516,0
C_ID_cee597430c,-50.99768194000001,78,0.02564102564102564,-0.30117638,-0.6538164351282052,0.8461538461538461,0.0,0
C_ID_1364cf4baf,-31.889443690000004,47,1.1702127659574468,-0.43105052,-0.6784988019148936,0.7446808510638298,-33.21928095,0
C_ID_c0e7abf104,-8.351479789999999,13,0.0,-0.10076779,-0.6424215223076922,0.9230769230769231,0.31936163,0
C_ID_88c52e6ae9,-150.40199449999997,218,0.07339449541284404,-0.44652782,-0.6899174059633026,0.8807339449541285,-0.8151269,0
C_ID_7ea0d9e8f2,-36.74270645000001,58,1.0344827586206897,0.03513198,-0.6334949387931036,0.9827586206896551,-3.0458732,0
C_ID_e382200ff7,-2.82600602,5,2.2,0.07501235,-0.565201204,1.0,1.14580081,0
C_ID_5e577490b3,-9.861283589999998,15,0.9333333333333333,-0.29911774,-0.6574189059999999,1.0,0.70529221,0
C_ID_4cee36a92b,-9.97918163,26,1.2692307692307692,1.05627362,-0.38381467807692304,1.0,-0.08143634,0
C_ID_9a5df45bf4,-1.04172795,5,2.8,0.60547827,-0.20834559000000002,1.0,0.0,0
C_ID_75e90b6825,-54.01282673,75,0.0,-0.63571161,-0.7201710230666667,0.92,1.60724162,0
C_ID_05ef15331c,-45.15529908000001,65,0.015384615384615385,-0.47943589,-0.6946969089230771,0.8615384615384616,0.0,0
C_ID_72d01f95c1,-133.05133210999992,187,0.0,-0.41632454,-0.7115044497860958,0.8716577540106952,-0.09502679,0
C_ID_2edc93606d,-5.77359156,20,1.45,4.62056222,-0.288679578,1.0,-3.26212015,0
C_ID_50a4be5cb8,-115.24993447,163,0.006134969325153374,-0.36373174,-0.7070548126993865,0.9386503067484663,-0.74577875,0
C_ID_2e706a7ca3,-21.466198539999997,31,0.0,-0.34119198,-0.6924580174193548,1.0,3.69334709,0
C_ID_6cdabd2a73,-28.32946762999999,44,1.1363636363636365,0.30344538,-0.6438515370454543,0.5454545454545454,0.0,0
C_ID_216952adb2,-22.283956269999997,36,1.4722222222222223,0.15468291,-0.6189987852777777,0.6944444444444444,0.0,0
C_ID_7a11078bd5,-9.095652750000001,14,0.0,-0.3799754,-0.6496894821428573,1.0,0.0,0
C_ID_457931f95e,-83.40379728000003,195,1.441025641025641,5.26369692,-0.4277117809230771,0.9846153846153847,0.37554219,0
C_ID_f24f60f4d3,-19.730185680000005,43,1.744186046511628,3.38141595,-0.4588415274418606,0.9767441860465116,0.0,0
C_ID_8c2b49d1bc,-22.443733289999994,38,1.3157894736842106,0.36430275,-0.5906245602631577,0.7105263157894737,0.0,0
C_ID_466d4f414b,-13.913558159999997,22,1.0454545454545454,-0.42998364,-0.6324344618181817,1.0,0.0,0
C_ID_f4d51bea26,-34.30091326000001,48,0.0,-0.57861086,-0.7146023595833335,0.9583333333333334,-2.59002974,0
C_ID_ee218b3cce,-35.85052230000001,50,0.0,-0.64172221,-0.7170104460000002,0.54,0.0,0
C_ID_7a0b0ccc17,-18.07761494,39,0.02564102564102564,4.57247738,-0.4635285882051282,0.9743589743589743,-0.48886277,0
C_ID_312088b677,-41.88169831999999,62,1.0,-0.43569371,-0.6755112632258063,0.9193548387096774,0.0,0
C_ID_4eb9f41103,-52.130049939999985,89,1.3707865168539326,0.00888067,-0.585730898202247,0.8651685393258427,0.0,0
C_ID_5187b648e3,-46.231843450000014,93,1.7526881720430108,1.17949102,-0.4971165962365593,0.9139784946236559,0.0,0
C_ID_6be1641ef5,-12.21777123,20,0.0,0.00441779,-0.6108885615,0.6,-0.59512355,0
C_ID_7ba6b4d8db,-7.986140200000003,50,0.0,0.61306665,-0.15972280400000005,0.96,-0.71935277,0
C_ID_1d4d47675c,-115.28775609000003,162,1.117283950617284,-0.24990592,-0.7116528153703705,0.9259259259259259,0.29288891,0
C_ID_03a7550044,-5.342450880000001,15,1.4,0.92253767,-0.3561633920000001,0.9333333333333333,-0.78829024,0
C_ID_83c97f5603,-224.28365650999984,360,0.013888888888888888,0.4095025,-0.6230101569722218,0.9638888888888889,-0.47743332,0
C_ID_3adb9f5d0e,-19.728232190000003,32,0.96875,-0.25946278,-0.6165072559375001,1.0,0.0,0
C_ID_57cae61b8f,-23.277374069999993,37,0.0,-0.38993798,-0.629118218108108,0.972972972972973,-0.60915025,0
C_ID_bc87da81fb,-103.62302060999997,146,0.0273972602739726,-0.49145709,-0.7097467165068491,0.9315068493150684,-2.83486682,0
C_ID_495a941363,-20.190567930000004,28,0.0,-0.59664268,-0.7210917117857144,0.8928571428571429,0.0,0
C_ID_8dab39389b,-14.734125920000002,24,0.041666666666666664,0.00276488,-0.6139219133333335,0.75,5.67190857,0
C_ID_a13dbe46c6,-37.79232331,54,0.0,-0.50501101,-0.6998578390740741,1.0,0.0,0
C_ID_5aafb48f3e,-115.62522157999999,168,1.0476190476190477,-0.26829837,-0.6882453665476189,0.9107142857142857,0.0,0
C_ID_7778747a7b,-18.99949149,54,1.1111111111111112,0.75574338,-0.351842435,0.8703703703703703,0.0,0
C_ID_9c41014931,-16.30812299,44,0.0,3.40416609,-0.3706391588636364,0.8409090909090909,0.0,0
C_ID_bad804fb73,-61.51835902000005,106,0.0,1.04124711,-0.5803618775471703,0.9433962264150944,0.0,0
C_ID_8138151744,-7.1973234999999995,12,1.6666666666666667,-0.1157943,-0.5997769583333333,1.0,-1.45338492,0
C_ID_6fe393562a,-27.352954759999996,42,1.2619047619047619,-0.47372581,-0.6512608276190475,1.0,0.70875849,0
C_ID_4327e271ef,17.082033409999998,9,9.222222222222221,8.64571393,1.898003712222222,0.7777777777777778,-1.80203365,0
C_ID_0a141c6910,-4.04635412,8,2.25,-0.37086934,-0.505794265,1.0,2.18576375,0
C_ID_528fee91ff,7.67599301,12,3.8333333333333335,4.21169083,0.6396660841666667,0.6666666666666666,-0.02635962,0
C_ID_4a2ceabcf6,-56.607424449999996,280,0.007142857142857143,9.00586937,-0.20216937303571428,0.9071428571428571,-0.52631087,0
C_ID_0b2e591381,-16.3964939,23,0.043478260869565216,-0.61166919,-0.7128910391304347,0.8260869565217391,0.16416149,0
C_ID_016d36c729,-47.26398456000002,117,1.2478632478632479,7.43414131,-0.40396568000000016,0.9487179487179487,-0.93255656,0
C_ID_d291fbc138,-38.24218697,56,1.25,0.31696924,-0.6828961958928571,0.9464285714285714,2.01006611,0
C_ID_2a638a5721,-7.190366219999998,20,2.45,0.85642101,-0.35951831099999987,1.0,0.1467044,0
C_ID_dbe0bd6ca7,-372.2250294399996,537,1.0167597765363128,1.15959592,-0.6931564794040961,0.9608938547486033,-0.40632485,0
C_ID_ab09e5a47e,28.725295930000023,140,0.014285714285714285,3.50526446,0.20518068521428587,0.95,-0.41072835,0
C_ID_1b2528b618,-25.572748869999995,37,0.0,-0.42323673,-0.6911553748648647,0.9459459459459459,-0.16369915,0
C_ID_a0e5957846,-80.05411734000002,120,0.0,-0.07221742,-0.6671176445000001,0.925,-1.61571049,0
C_ID_c3ac15dd49,-2.83380477,4,0.0,-0.65907783,-0.7084511925,1.0,-0.16871401,0
C_ID_3b270bf5d5,-58.30343678000003,81,0.0,-0.59664268,-0.7197955158024695,0.9629629629629629,0.0,0
C_ID_9cf11e9f1b,-33.967069269999996,51,0.0,0.30494803,-0.6660209660784313,0.9803921568627451,1.50806386,0
C_ID_31ff83ca6c,-35.10962511999998,52,0.0,-0.34457294,-0.6751850984615382,0.9423076923076923,0.0,0
C_ID_e0b5663a0a,-5.851383800000001,8,0.0,-0.68109167,-0.7314229750000001,1.0,0.0,0
C_ID_78d0431be9,-9.15807291,17,1.3529411764705883,-0.04831024,-0.5387101711764706,0.47058823529411764,-1.5474878,0
C_ID_953e790905,-52.60547366999999,90,1.3888888888888888,1.05477097,-0.5845052629999998,0.9555555555555556,0.0,0
C_ID_2c9e1aced6,-25.962746969999998,41,0.12195121951219512,0.75574338,-0.6332377309756096,0.8536585365853658,4.75460122,0
C_ID_77259f4c2f,-77.72028956,121,1.71900826446281,-0.03873835,-0.6423164426446281,0.7768595041322314,1.30083807,0
C_ID_faeb4aad53,-174.27291582000015,262,0.0,0.57934716,-0.6651638008396953,0.9618320610687023,0.0,0
C_ID_ad1ed7583f,-33.34905890999999,54,0.0,0.45521315,-0.6175751649999998,0.9629629629629629,-1.12768972,0
C_ID_2eeb8c103d,-73.22579986,129,0.023255813953488372,1.2230679,-0.5676418593798449,0.8837209302325582,0.0,0
C_ID_ced1d37f2a,-26.904007650000008,108,0.9629629629629629,0.89098199,-0.2491111819444445,0.9814814814814815,0.0,0
C_ID_fbb2e636c2,-18.061491470000004,34,1.8823529411764706,-0.10076779,-0.5312203373529413,0.9705882352941176,0.0,0
C_ID_4e7fde2c16,-25.494941609999998,38,0.0,-0.47793323,-0.6709195160526316,0.9736842105263158,-0.0454691,0
C_ID_0a233f968f,-15.879401589999999,23,0.13043478260869565,-0.54435042,-0.6904087647826086,0.8260869565217391,0.0,0
C_ID_d6449c982d,-71.29526869000001,99,0.0,-0.53202868,-0.7201542291919193,0.8484848484848485,-0.27876553,0
C_ID_a500ef6d1f,-10.745789170000002,23,0.0,0.48511591,-0.46720822478260876,1.0,0.0,0
C_ID_269e433bf1,-12.810822589999997,23,0.043478260869565216,-0.3319657,-0.556992286521739,0.9565217391304348,0.0,0
C_ID_adedaa3ab4,-41.17295791000001,63,0.0,0.90450585,-0.6535390144444446,0.8253968253968254,-2.70171842,0
C_ID_c58706e13d,-53.85250887000003,87,0.05747126436781609,-0.27124356,-0.6189943548275866,0.6551724137931034,-0.16689731,0
C_ID_ea29e3b7c2,-46.97497958000002,107,1.3271028037383177,4.00333322,-0.4390185007476637,0.8130841121495327,2.15255842,0
C_ID_ad34d08516,-59.599353220000005,91,1.021978021978022,1.28649481,-0.6549379474725275,0.9230769230769231,0.0,0
C_ID_98de1e425e,-54.810689399999994,91,1.043956043956044,0.05986562,-0.6023152681318681,0.7802197802197802,0.54900894,0
C_ID_ea679637c8,-39.009380590000006,64,0.0,-0.23119791,-0.6095215717187501,1.0,0.0,0
C_ID_fc847ca6c1,-8.21902111,17,0.0,0.13214314,-0.48347183,0.8235294117647058,0.58928523,0
C_ID_99fe2f1702,-44.38146366,66,1.3333333333333333,0.00291514,-0.6724464190909091,0.3939393939393939,1.12903801,0
C_ID_0793f674dc,-23.53964686,55,1.7454545454545454,3.31025039,-0.4279935792727273,0.9636363636363636,-0.08194624,0
C_ID_8a245aad12,-10.362222410000001,22,7.681818181818182,1.15065514,-0.4710101095454546,0.7727272727272727,-0.46421823,0
C_ID_1fe76f1574,-16.179676339999997,25,0.0,0.31809623,-0.6471870535999998,0.88,0.0,0
C_ID_020e156382,-4.466871049999999,12,0.16666666666666666,0.75574338,-0.3722392541666666,0.8333333333333334,0.0,0
C_ID_f590fa6178,-34.13840159000001,58,0.06896551724137931,-0.32485816,-0.5885931308620691,0.7413793103448276,0.00151815,0
C_ID_a4a53b41d8,-91.43010328000005,134,0.007462686567164179,-0.27650284,-0.6823142035820899,0.9701492537313433,0.05970486,0
C_ID_54d3c7b01d,-1.53966148,4,1.75,-0.1610241,-0.38491537,1.0,1.40664719,0
C_ID_032ec41538,-86.45420917,125,1.152,-0.26605942,-0.69163367336,0.696,2.13694804,0
C_ID_c7bee9959c,-33.903431989999994,51,0.11764705882352941,-0.26620968,-0.6647731762745097,0.8823529411764706,1.1449511,0
C_ID_e1a41b1c5b,-141.73453708999992,214,1.0373831775700935,-0.11639536,-0.6623109209813081,0.9439252336448598,1.75216493,0
C_ID_1276f4822e,-49.23374984000001,91,1.0879120879120878,0.60547827,-0.5410302180219781,0.989010989010989,0.0,0
C_ID_6ffffe2535,-10.519625129999998,17,1.4705882352941178,0.30344538,-0.618801478235294,0.9411764705882353,1.83127914,0
C_ID_8dafe86d9e,-22.979728939999998,35,0.05714285714285714,-0.28108593,-0.656563684,0.8,-0.29627547,0
C_ID_f0f98d12df,-248.17098674999977,384,1.109375,1.32374553,-0.6462786113281244,0.9895833333333334,-0.11666926,0
C_ID_86eea22acb,-7.490550860000002,17,2.411764705882353,0.20757623,-0.44062063882352953,0.8235294117647058,0.0,0
C_ID_c21930ab54,-111.73950091000003,160,0.025,-0.17590035,-0.6983718806875002,0.89375,-1.17568076,0
C_ID_74eb921381,-4.25154114,6,0.0,-0.68680175,-0.7085901899999999,0.8333333333333334,2.14202464,0
C_ID_568d07ba15,-21.81084663,31,0.0,-0.60866389,-0.7035756977419355,0.967741935483871,0.76689824,0
C_ID_162d6d9f98,2.1801214799999995,26,0.0,5.79689767,0.08385082615384613,0.8846153846153846,1.55688245,0
C_ID_f3a0e6bbe2,-18.418491390000007,35,1.2285714285714286,-0.0571909,-0.5262426111428573,0.6571428571428571,-0.95264612,0
C_ID_cde83aec54,-45.01027815999999,62,0.08064516129032258,-0.67329291,-0.7259722283870966,0.8548387096774194,0.67969852,0
C_ID_96030d635c,-81.87151369999998,121,1.2479338842975207,-0.28469229,-0.6766240801652891,0.8016528925619835,0.01673873,0
C_ID_bc5cdbb467,-27.74134504,63,0.09523809523809523,0.41013361,-0.44033881015873017,0.8095238095238095,-1.21176785,0
C_ID_128b209b77,-10.984635560000001,17,0.0,-0.43736165,-0.6461550329411765,0.8823529411764706,0.0,0
C_ID_b24ed77949,-11.047581619999999,15,0.0,-0.7168698,-0.7365054413333333,0.8666666666666667,0.0,0
C_ID_8878b22ab6,-0.4448148099999999,8,1.0,2.24336805,-0.05560185124999999,1.0,-1.95432647,0
C_ID_b58322fefb,-33.71504463,71,0.9859154929577465,6.7663481,-0.4748597835211268,0.9577464788732394,-1.13875036,0
C_ID_f802d8bd7d,-72.08709080999998,108,1.1388888888888888,1.4151518,-0.6674730630555553,1.0,0.19923489,0
C_ID_e6a8c0dce1,-46.335481300000005,71,0.9436619718309859,1.1226908,-0.6526124126760564,1.0,0.0,0
C_ID_8d8737fbf9,-9.37618272,15,0.0,-0.19092686,-0.6250788479999999,1.0,-2.31295114,0
C_ID_c4cc4419b6,-21.1179291,30,0.0,-0.52029297,-0.70393097,0.7666666666666667,2.14967745,0
C_ID_61f17d05bf,-4.379642140000001,28,2.857142857142857,2.25840959,-0.15641579071428577,0.8928571428571429,1.16651973,0
C_ID_2557c91d43,-271.65461476999997,401,0.007481296758104738,-0.19768879,-0.6774429296009974,0.9476309226932669,0.31006197,0
C_ID_88839ed4f7,-8.04780903,12,1.0,-0.19844011,-0.6706507525,1.0,2.42129996,0
C_ID_2892d14c65,-0.22766666000000008,11,5.818181818181818,0.3851295,-0.0206969690909091,0.45454545454545453,2.80505733,0
C_ID_171d2f2492,-10.119288789999999,16,1.4375,-0.4388643,-0.6324555493749999,1.0,-1.70462961,0
C_ID_b3f6c0f80b,-56.25049975000001,87,0.0,0.30344538,-0.6465574683908047,0.8505747126436781,0.0,0
C_ID_e0e0a3afeb,-60.36436793999999,86,0.0,-0.5849821,-0.7019112551162789,0.8604651162790697,0.0,0
C_ID_45553f379e,-47.812737690000006,68,0.0,-0.371245,-0.7031284954411765,0.9705882352941176,0.56572637,0
C_ID_791576f9be,-6.92940079,13,0.0,-0.19893599,-0.53303083,1.0,-1.82972223,0
C_ID_5fdd517aa7,-34.87139475999998,48,1.0208333333333333,-0.61306665,-0.7264873908333329,0.9375,0.0,0
C_ID_fef924d17f,-9.546132590000001,14,0.0,-0.64217301,-0.6818666135714286,1.0,0.13920187,0
C_ID_d0768a0022,-24.761347330000003,38,0.02631578947368421,-0.38476886,-0.6516144034210527,0.868421052631579,-2.93695516,0
C_ID_f9dcfdb068,-187.43134662000003,306,1.0098039215686274,0.48797094,-0.6125207405882354,0.9248366013071896,2.06872515,0
C_ID_41bc89298d,-119.40673349999996,209,0.014354066985645933,0.42516012,-0.5713240837320572,0.9569377990430622,-0.49508336,0
C_ID_4012a4ed3a,-141.63875817000002,223,0.026905829596412557,0.19239946,-0.6351513819282512,0.9192825112107623,2.1536943,0
C_ID_fe4cd43c2c,-23.61996352,69,1.1159420289855073,3.30874774,-0.342318311884058,1.0,0.0,0
C_ID_b86802efeb,-84.08673720999998,133,1.0451127819548873,1.6723606,-0.6322311068421052,0.9699248120300752,-2.86546625,0
C_ID_7d81cfff63,-43.07346595,78,0.0,0.63327731,-0.5522239224358975,0.9358974358974359,-0.25397867,0
C_ID_a11e3b9770,-15.79208249,23,1.2173913043478262,-0.31113895,-0.686612282173913,0.9130434782608695,-2.09994335,0
C_ID_5a985dd5cd,-16.58147028,40,1.725,2.69416341,-0.41453675700000003,0.675,-0.02713092,0
C_ID_e0712223ff,-24.74587003000001,48,1.9791666666666667,0.70465324,-0.5155389589583336,1.0,-1.18796883,0
C_ID_33ddf03758,-50.42194113999999,101,0.009900990099009901,1.18943857,-0.49922713999999985,0.8118811881188119,0.0,0
C_ID_658ffc8be6,-39.05128960999999,61,0.0,-0.06228489,-0.6401850755737704,0.9836065573770492,-0.79021627,0
C_ID_e4d822b3ac,-34.788493509999995,79,2.0,0.52597299,-0.4403606773417721,1.0,0.49775805,0
C_ID_56ae14a3b2,-17.939295899999998,30,2.1,0.29883224,-0.59797653,0.9333333333333333,-4.31643541,0
C_ID_5a6ef9844e,-8.9925709,14,1.0,-0.45088551,-0.6423264928571429,0.6428571428571429,0.0,0
C_ID_41db0c8d4f,-18.0176141,33,1.4545454545454546,-0.18879309,-0.545988306060606,0.8181818181818182,-0.11705271,0
C_ID_6d4ddcaea5,-15.277589759999998,22,0.0,-0.6266957,-0.6944358981818181,0.8636363636363636,0.0,0
C_ID_623ba5fe09,-14.262879509999998,20,0.05,-0.6266957,-0.7131439754999999,0.85,-0.23937606,0
C_ID_2f10b6d2eb,-41.44992661,92,0.021739130434782608,6.11613591,-0.45054268054347824,0.8913043478260869,0.0,0
C_ID_763b3db03b,-21.077132060000004,96,2.2916666666666665,1.74448786,-0.21955345895833336,0.8125,0.0,0
C_ID_db9639800f,-19.100725090000005,70,0.0,5.25618367,-0.27286750128571435,0.9285714285714286,-33.21928095,0
C_ID_b037938f4a,-11.6517676,20,0.85,0.27489501,-0.58258838,0.7,1.38515336,0
C_ID_11822a3365,-461.9693536000006,675,0.01037037037037037,-0.21346663,-0.6843990423703713,0.9614814814814815,0.0,0
C_ID_172b4c9d1f,-77.81376960000001,109,0.027522935779816515,-0.5488734,-0.713887794495413,0.8807339449541285,-0.63448568,0
C_ID_31bde7b9aa,-74.62846459000002,112,0.0,-0.34547453,-0.6663255766964288,0.9642857142857143,-3.41689636,0
C_ID_3f19e6bbc9,-59.28970184000002,100,1.53,2.25839456,-0.5928970184000002,1.0,-0.96452826,0
C_ID_b7b25ee48a,-30.49041531,45,0.044444444444444446,-0.32591001,-0.6775647846666667,0.8888888888888888,0.0,0
C_ID_fca2dfb8b1,-33.78356549,50,0.0,-0.45641527,-0.6756713098,0.88,0.0,0
C_ID_ab4fc565f9,-54.25732308000002,146,1.8904109589041096,3.98343812,-0.37162550054794535,0.9452054794520548,0.40965589,0
C_ID_34d5c54131,-125.68275151000002,187,1.0160427807486632,-0.34660152,-0.6721002754545455,0.9732620320855615,0.20185948,0
C_ID_82e4e6f17d,-61.68900008999998,103,1.3689320388349515,-0.14584732,-0.5989223309708736,0.8058252427184466,0.40303622,0
C_ID_c01255886b,-23.791446069999992,41,1.7317073170731707,1.54238128,-0.5802791724390242,0.9024390243902439,-5.0181209,0
C_ID_2bf0c97480,-146.81110882999985,219,1.0,-0.34269463,-0.6703703599543372,0.9771689497716894,-0.68115104,0
C_ID_76d06a02dc,-54.01118877000003,141,1.0212765957446808,5.03075594,-0.38305807638297895,0.9787234042553191,0.0,0
C_ID_a4a48936db,-7.211839090000002,24,1.25,1.43193642,-0.30049329541666675,0.8333333333333334,2.15023836,0
C_ID_984379278f,-20.21701459,28,0.10714285714285714,-0.64133152,-0.7220362353571429,0.8214285714285714,0.0,0
C_ID_c6d8103a66,-22.617770359999994,31,0.03225806451612903,-0.59664268,-0.7296054954838708,0.22580645161290322,0.00958605,0
C_ID_367fec4f36,-22.745390479999998,33,0.0,-0.52460558,-0.6892542569696969,0.9696969696969697,0.0,0
C_ID_d1113496d7,-258.8798858499997,372,0.016129032258064516,-0.48140436,-0.6959136716397841,0.9354838709677419,-0.97958351,0
C_ID_367730df7c,-212.9505711100003,321,0.006230529595015576,-0.16889799,-0.663397417788163,0.956386292834891,0.0,0
C_ID_b843ab2780,-6.5429489599999995,15,2.066666666666667,0.89323597,-0.4361965973333333,1.0,-1.29856865,0
C_ID_9c1d8784e9,-25.901003039999992,35,0.0,-0.7297926,-0.7400286582857141,0.5714285714285714,-3.32192809,0
C_ID_08aba39fda,-39.52707396000001,61,0.06557377049180328,0.0133736,-0.6479848190163936,0.7868852459016393,-0.41259167,0
C_ID_9d61faec32,-106.23632642999999,157,0.0,0.08030168,-0.6766644995541401,0.9490445859872612,-1.24304518,0
C_ID_f95370fbc2,-7.95499027,15,1.1333333333333333,-0.33360359,-0.5303326846666666,1.0,-1.22043671,0
C_ID_780ab0f778,-11.01438807,16,1.1875,-0.14734997,-0.688399254375,0.8125,0.0,0
C_ID_de8e6e07ed,-140.98258038,203,0.029556650246305417,-0.23300109,-0.6944954698522168,0.9458128078817734,0.0,0
C_ID_6c63bb572b,-26.741075160000005,37,0.0,-0.67943876,-0.7227317610810812,0.972972972972973,-1.01061752,0
C_ID_024346fe19,-21.151663629999998,31,0.0,-0.37531719,-0.6823117299999999,0.9354838709677419,0.0,0
C_ID_47aea05ccb,-10.8703289,17,0.0,-0.26052966,-0.6394311117647059,0.8823529411764706,0.0,0
C_ID_3610120ac3,-19.133753340000005,32,1.375,-0.06635708,-0.5979297918750002,0.84375,0.3713124,0
C_ID_bb9a474496,-118.10025332999993,168,1.0654761904761905,-0.27657798,-0.7029776983928567,0.9345238095238095,0.0,0
C_ID_30504a4879,-67.72848575999998,119,1.2352941176470589,4.19681459,-0.5691469391596637,0.9915966386554622,1.6391906,0
C_ID_46c336d260,-26.38081461,38,0.0,-0.35920876,-0.6942319634210526,0.9473684210526315,0.0,0
C_ID_3bfe208b1e,-15.596422290000003,24,0.0,-0.3449486,-0.6498509287500002,0.7916666666666666,0.0,0
C_ID_459002b282,-3.11845199,5,1.2,-0.29761509,-0.623690398,1.0,-3.53221916,0
C_ID_add584f255,-15.29151937,22,0.0,-0.55156314,-0.6950690622727272,0.8636363636363636,-0.68696361,0
C_ID_300bc113bc,-11.719011259999998,17,1.0,-0.63420896,-0.6893536035294117,1.0,-3.63753152,0
C_ID_650557248c,-8.336408229999998,18,2.2777777777777777,0.58876879,-0.4631337905555555,0.9444444444444444,0.0,0
C_ID_0984f1861e,-6.114918780000001,18,1.0555555555555556,1.537122,-0.33971771000000006,1.0,3.06870524,0
C_ID_6309309ec7,-90.07577881000003,140,1.4071428571428573,0.08502,-0.6433984200714288,0.8285714285714286,-0.78967473,0
C_ID_886272f813,-40.21736192999998,57,0.0,-0.59664268,-0.7055677531578944,0.8947368421052632,-0.4947791,0
C_ID_12d59fa14f,-47.14258529000001,98,1.2448979591836735,2.66621409,-0.48104678867346945,0.8775510204081632,0.0,0
C_ID_c1da049a1f,-2.86005611,10,3.4,0.91433319,-0.286005611,0.9,-1.87065837,0
C_ID_2a85496703,-15.039224200000001,21,0.14285714285714285,-0.62819835,-0.7161535333333334,0.7142857142857143,2.62262551,0
C_ID_9c4bb6c6b1,-97.82451508999993,179,0.061452513966480445,4.45226529,-0.5465056708938544,0.8435754189944135,-0.45699786,0
C_ID_8db4c2e71b,-74.83622119999997,119,1.0252100840336134,0.75574338,-0.6288758084033611,0.8487394957983193,0.0,0
C_ID_1dc61a361f,-96.02289647,135,0.007407407407407408,-0.55087192,-0.7112807145925927,0.9333333333333333,0.0,0
C_ID_4019f1b226,-21.618687599999998,35,1.4285714285714286,-0.49897035,-0.6176767885714285,0.9714285714285714,0.0,0
C_ID_652a94759f,-25.732676030000004,37,0.0,-0.49145709,-0.6954777305405406,0.8378378378378378,-1.47473469,0
C_ID_5d85b4f5bc,-94.73467371,150,1.3266666666666667,1.66200734,-0.6315644913999999,0.92,-0.46471974,0
C_ID_b93d53cd5c,-120.86353881000015,218,1.110091743119266,1.13831837,-0.5544199027981658,0.9495412844036697,0.0,0
C_ID_94aaaffe31,-97.84630364999997,138,0.0,-0.14584732,-0.7090311858695649,0.9782608695652174,0.2634732,0
C_ID_ffc4af1caa,-42.460113869999994,62,0.08064516129032258,-0.28258858,-0.6848405462903224,0.8387096774193549,-1.2843569,0
C_ID_35c888398d,-33.78888492,50,0.08,-0.39378477,-0.6757776984,0.88,1.85727672,0
C_ID_d177b33b8a,-22.261506759999993,37,1.3513513513513513,-0.07822802,-0.6016623448648647,0.918918918918919,-1.46609867,0
C_ID_635bd04335,-20.444561089999997,29,0.0,-0.63345763,-0.7049848651724137,0.896551724137931,0.0,0
C_ID_df65960bcd,-7.8308111700000005,20,0.2,0.43052459,-0.3915405585,0.9,0.0,0
C_ID_dd230452dc,-168.54353225,240,0.0125,-0.37082426,-0.7022647177083333,0.9458333333333333,0.0,0
C_ID_47a9adfdd7,5.6111549499999995,13,2.3846153846153846,3.60621257,0.43162730384615383,0.9230769230769231,-0.99215892,0
C_ID_fa04d222ac,-151.50056769000003,233,0.030042918454935622,0.21478896,-0.6502170287124465,0.8197424892703863,0.5351752,0
C_ID_9f9efc8a8b,-5.562153519999999,11,1.0,-0.32616547,-0.5056503199999999,1.0,0.0,0
C_ID_5255f1f264,-61.26301347000001,115,1.2869565217391303,2.10812945,-0.5327218562608697,0.9826086956521739,0.0,0
C_ID_ccfe126276,-24.164689609999996,73,1.1643835616438356,5.02603761,-0.3310231453424657,0.8356164383561644,1.99868072,0
C_ID_80cef446ae,-20.284408470000002,36,1.7222222222222223,0.31952375,-0.5634557908333334,0.8611111111111112,0.0,0
C_ID_0c2dcc7386,-102.05769397000007,206,0.02912621359223301,4.71294521,-0.4954256988834955,0.8883495145631068,0.0,0
C_ID_d730bc64a6,-395.03133724999935,585,0.0017094017094017094,2.00895447,-0.6752672431623921,0.958974358974359,0.0,0
C_ID_8d31114a1b,-5.24432774,8,0.0,-0.59664268,-0.6555409675,1.0,1.72122764,0
C_ID_e86c60befd,-5.91760567,19,3.0,0.42745918,-0.31145293,1.0,0.0,0
C_ID_9bb96fa470,-33.56145865999999,57,0.017543859649122806,0.10509542,-0.5887975203508771,0.9298245614035088,0.3104932,0
C_ID_a39da0fe69,-90.83431707999999,165,1.1515151515151516,2.49881875,-0.5505110126060605,0.9878787878787879,0.11878489,0
C_ID_9438f27626,-6.3873343700000005,19,2.736842105263158,0.318532,-0.33617549315789474,0.7368421052631579,-0.93658348,0
C_ID_11b30a8577,-9.13623938,19,0.0,0.75158104,-0.4808547042105263,0.8947368421052632,1.26826982,0
C_ID_14e53c929d,-86.91161618000002,143,1.020979020979021,2.85795238,-0.6077735397202799,0.9300699300699301,0.0,0
C_ID_0211041cb6,-184.31435225999982,331,0.02416918429003021,10.12161792,-0.5568409433836853,0.9093655589123867,-0.44903854,0
C_ID_5e89140f46,-195.75263809999987,329,0.00303951367781155,1.64184176,-0.5949928209726439,0.9331306990881459,-0.98407922,0
C_ID_62c42bed05,-27.76582324,40,0.0,-0.47943589,-0.694145581,0.95,0.0,0
C_ID_4248ca69a7,-139.32611788999995,198,0.015151515151515152,-0.24141594,-0.7036672620707068,0.9747474747474747,0.0,0
C_ID_3245ecf10c,-37.362054179999994,57,0.05263157894736842,-0.41632454,-0.655474634736842,0.7894736842105263,-0.87086204,0
C_ID_ac9dd61bf6,-17.076699010000002,24,0.0,-0.5893999,-0.7115291254166668,1.0,0.0,0
C_ID_9f0252957b,-7.09192753,10,0.0,-0.64172221,-0.7091927530000001,1.0,0.66418482,0
C_ID_35e9e53328,-22.032517759999998,40,0.0,0.20351908,-0.5508129439999999,0.85,2.669715,0
C_ID_9ccedd706e,5102.101244089999,83,1.3012048192771084,5138.37809856,61.471099326385534,0.9759036144578314,-0.67137829,0
C_ID_40ae7a8808,-87.00990456,124,1.2258064516129032,-0.29626271,-0.7016927787096774,0.9354838709677419,-0.0817092,0
C_ID_2db0fc1f8a,-8.361622720000002,19,1.5789473684210527,0.38008059,-0.4400854063157896,0.7368421052631579,0.0,0
C_ID_9d15ca9217,-10.60990444,22,1.0,1.19917575,-0.4822683836363636,0.9545454545454546,0.0,0
C_ID_466b44a9e5,-31.5170416,46,0.0,-0.40129802,-0.6851530782608696,1.0,0.95947847,0
C_ID_146361301c,-31.771260129999987,47,0.0,0.1396564,-0.6759842580851061,0.9148936170212766,0.0,0
C_ID_f2696d355d,-71.94370785000004,212,0.0047169811320754715,5.41396204,-0.33935711250000017,0.9292452830188679,0.69662336,0
C_ID_c6d7ace2e8,-3.8015722499999995,17,2.2941176470588234,1.82253556,-0.22362189705882352,0.9411764705882353,1.05256984,0
C_ID_d671c78832,-5.44998058,18,1.0555555555555556,0.43951044,-0.3027766988888889,0.9444444444444444,-0.37166015,0
C_ID_6868bed447,-34.55036842000001,50,0.0,-0.50648361,-0.6910073684000002,0.9,-1.16931869,0
C_ID_e928fdb1cb,-50.913563620000026,92,0.021739130434782608,1.39719512,-0.5534083002173916,0.9347826086956522,0.0,0
C_ID_784be9e9f9,-24.873354869999986,193,0.015544041450777202,2.25839456,-0.12887748637305693,0.8860103626943006,-1.58329261,0
C_ID_55c2d526c1,-28.531829719999998,49,0.061224489795918366,-0.29460979,-0.5822822391836734,0.7755102040816326,0.0,0
C_ID_03a7a80e66,-7.19721831,10,0.1,-0.66621543,-0.719721831,0.7,0.0,0
C_ID_36d73e2337,-13.404174440000002,30,2.3,1.23877061,-0.44680581466666675,0.9666666666666667,0.0,0
C_ID_db6000597d,-28.227227260000003,45,1.2,0.11711663,-0.6272717168888889,1.0,0.37926013,0
C_ID_8a70207504,-34.367285429999995,50,0.0,-0.24185171,-0.6873457085999999,0.94,1.17770122,0
C_ID_f19753a411,-67.50148019000001,108,1.3240740740740742,1.35680386,-0.6250137054629631,0.9814814814814815,-0.87731645,0
C_ID_f52b3d1005,-9.22594767,13,0.0,-0.64050507,-0.7096882823076923,1.0,0.0,0
C_ID_8ff5b6eda8,-73.65459638000003,119,0.025210084033613446,0.99616757,-0.6189461880672271,0.957983193277311,0.0,0
C_ID_57da1d68b2,-37.22498237,56,1.3928571428571428,0.75424073,-0.6647318280357143,0.9107142857142857,-5.11597113,0
C_ID_2e31e3b211,-73.84553818999998,114,0.0,-0.0710754,-0.647767878859649,0.9824561403508771,-0.18764203,0
C_ID_ee876fd0d1,-30.560498950000003,42,0.0,-0.64779292,-0.7276309273809525,0.7857142857142857,0.14480732,0
C_ID_2c7189f1d8,-45.65195534000002,79,1.0886075949367089,1.78438325,-0.5778728524050636,0.9873417721518988,0.98251863,0
C_ID_7df837a660,-125.56449271999996,180,0.005555555555555556,-0.28709653,-0.6975805151111109,0.8833333333333333,-0.25736885,0
C_ID_59da40db4c,-0.3797950899999996,11,2.3636363636363638,1.40188339,-0.034526826363636326,0.6363636363636364,0.0,0
C_ID_93219a1773,-21.990608789999996,40,1.1,3.76104574,-0.5497652197499999,0.975,0.0,0
C_ID_d6c87b8725,-13.439035939999998,21,0.047619047619047616,-0.25554086,-0.6399540923809524,0.9047619047619048,2.97469466,0
C_ID_03dde70912,-17.138488030000005,25,0.92,-0.49250895,-0.6855395212000002,1.0,0.0,0
C_ID_3313127345,-25.49097462,36,0.05555555555555555,-0.57410291,-0.7080826283333334,0.8333333333333334,1.97199584,0
C_ID_bf6dd05c0d,-86.65218351000003,130,0.0,0.08196962,-0.666555257769231,0.9230769230769231,-0.30295725,0
C_ID_9db878aaf9,-51.98107703,77,1.025974025974026,-0.38326621,-0.6750789224675325,0.961038961038961,0.0,0
C_ID_0769c6cc65,-8.803236860000002,12,0.0,-0.70877051,-0.7336030716666668,0.5833333333333334,-1.93665935,0
C_ID_627a31517b,-32.40610021,45,1.0666666666666667,-0.45468722,-0.7201355602222221,0.8666666666666667,0.0,0
C_ID_008b212481,-8.225121869999999,21,1.0476190476190477,5.59581289,-0.39167246999999994,1.0,0.94432539,0
C_ID_520e50ba0a,-17.333772550000013,149,1.4026845637583893,20.26015569,-0.11633404395973164,0.912751677852349,-3.28848307,0
C_ID_3f6775582f,-148.37261894000005,208,0.0,0.20357918,-0.7133298987500003,0.8653846153846154,0.0,0
C_ID_59dedba89a,45.10224044,22,0.0,10.29529434,2.0501018381818183,1.0,0.0,0
C_ID_1add574fff,-67.64609533000002,103,1.3009708737864079,-0.24449637,-0.6567582070873789,0.9805825242718447,2.55743617,0
C_ID_80d417f58a,-44.85249983000001,70,1.5857142857142856,0.65396882,-0.6407499975714288,0.9714285714285714,0.0,0
C_ID_b894809520,-12.55977468,20,0.05,-0.39528742,-0.627988734,0.95,0.0,0
C_ID_9d2370b5ba,-67.76937285,100,0.02,-0.24954528,-0.6776937285,0.91,2.09056047,0
C_ID_735c392e84,-14.099871899999997,29,1.5172413793103448,1.20653874,-0.4862024793103447,0.9655172413793104,-0.0947727,0
C_ID_076bf632a8,-81.35572877999995,127,1.1181102362204725,-0.19543481,-0.6405962896062988,0.84251968503937,0.0,0
C_ID_baf5ab6d81,-35.34860679,71,1.2816901408450705,0.81905008,-0.4978677012676056,0.9577464788732394,-1.10118028,0
C_ID_f6f015b2cf,-5.16041971,11,1.5454545454545454,-0.19360158,-0.46912906454545455,1.0,-1.57433703,0
C_ID_bd31109257,-54.879721220000015,79,0.012658227848101266,-0.39839791,-0.6946800154430381,0.9493670886075949,0.0,0
C_ID_300f611c37,-33.11114417,73,1.5616438356164384,5.98738876,-0.4535773173972603,0.7671232876712328,-0.95654364,0
C_ID_6668902db1,3.08901505,3,6.333333333333333,1.52944345,1.0296716833333333,1.0,0.0,0
C_ID_be49e6923c,-3.04868389,7,3.5714285714285716,-0.14734997,-0.43552627,0.8571428571428571,-1.68626058,0
C_ID_f704d148fb,-17.99731331,29,0.9310344827586207,0.29743477,-0.6205970106896551,0.9655172413793104,0.59978019,0
C_ID_8d5c7431d2,-9.91485312,14,1.0,-0.70498383,-0.7082037942857143,1.0,0.0,0
C_ID_b4515717b0,-6.13138781,9,1.1111111111111112,-0.61181945,-0.6812653122222222,1.0,0.0,0
C_ID_3633fc07ca,-396.2394992600004,623,1.0353130016051364,1.5332151,-0.6360184578812206,0.9951845906902087,0.31592518,0
C_ID_310e9e065f,-0.7584181199999999,15,2.0,5.44401506,-0.05056120799999999,1.0,0.6037206,0
C_ID_2f408f75b7,-73.94710245000003,149,0.013422818791946308,2.36645021,-0.4962892781879197,0.46308724832214765,2.18957236,0
C_ID_8d0d5edf65,-39.87112101,58,0.017241379310344827,-0.52188578,-0.687433120862069,0.8103448275862069,0.41320238,0
C_ID_e372e7e299,-3.2838938900000003,8,1.375,-0.0032307,-0.41048673625000004,0.875,0.65814274,0
C_ID_e512c7d676,-59.641848190000026,96,1.1875,0.59187927,-0.6212692519791669,0.875,-0.23905454,0
C_ID_81dc9f4b61,-31.099800489999996,55,0.09090909090909091,1.75049847,-0.5654509179999999,0.8727272727272727,0.69620202,0
C_ID_256903b23a,-3.40769732,16,1.3125,1.6914593,-0.2129810825,1.0,-0.69038982,0
C_ID_a690d80cc0,-77.35380805000005,119,1.596638655462185,0.05250263,-0.6500320004201685,0.7226890756302521,0.0,0
C_ID_af195f22ed,-117.40733586999997,164,0.018292682926829267,-0.38627151,-0.7158983894512193,0.9451219512195121,1.04887166,0
C_ID_e9641148a1,-28.010259480000002,44,0.0,-0.36693239,-0.6365968063636364,0.9090909090909091,1.12930057,0
C_ID_6ada83e022,-94.39363203000006,140,0.007142857142857143,-0.29626271,-0.6742402287857148,0.9714285714285714,-0.68098653,0
C_ID_8736f404d9,-7.766482690000001,33,1.3636363636363635,2.56643806,-0.23534796030303035,0.9696969696969697,-0.46054042,0
C_ID_685f59e0f1,-20.895942439999995,36,3.4722222222222223,1.05477097,-0.5804428455555555,0.8888888888888888,-1.3856201,0
C_ID_b352137054,-51.27128478000003,118,1.4491525423728813,2.85795238,-0.43450241338983076,0.7203389830508474,0.0,0
C_ID_8860aded48,-8.8675954,16,1.3125,-0.371245,-0.5542247125,0.9375,-0.95249074,0
C_ID_3186bd602b,-113.26617952,163,0.0,0.00441779,-0.6948845369325153,0.9693251533742331,-1.05848589,0
C_ID_69db57349a,-14.64338085,22,0.0,-0.52154017,-0.6656082204545455,1.0,-1.50372854,0
C_ID_c411daeda6,5.637676739999999,28,2.4285714285714284,1.75327837,0.20134559785714282,0.6428571428571429,1.01793352,0
C_ID_922912e83b,-5.46697556,11,0.0,0.11525335,-0.4969977781818182,1.0,0.0,0
C_ID_8e29f064ef,-26.698264699999996,39,0.02564102564102564,-0.54134511,-0.6845708897435896,0.9743589743589743,0.0,0
C_ID_788daea944,-8.694955809999998,15,1.6,-0.1024207,-0.5796637206666665,1.0,-0.32208421,0
C_ID_e64085ef62,-31.41033833000001,47,1.0,-0.46440937,-0.668305070851064,1.0,1.33505089,0
C_ID_b9a1b9144b,-31.57403718,57,0.017543859649122806,1.36431711,-0.5539304768421053,0.8070175438596491,0.0,0
C_ID_8889029ac7,-4.7799033699999995,13,2.8461538461538463,0.6632552,-0.36768487461538457,0.6153846153846154,0.0,0
C_ID_489200ff60,-52.84511641000002,78,0.01282051282051282,-0.371245,-0.6775014924358976,0.9487179487179487,-2.00807233,0
C_ID_b393e75c0d,-14.359094240000001,25,0.4,0.57407286,-0.5743637696,0.68,0.9903603,0
C_ID_78cd900f1a,-9.533630520000003,56,1.7857142857142858,3.08019449,-0.1702434021428572,1.0,-1.03437375,0
C_ID_341994a38f,-16.730743630000003,63,1.873015873015873,2.20054249,-0.2655673592063493,0.9206349206349206,0.0,0
C_ID_8c17d7de56,-36.14956491000001,72,0.0,0.92103501,-0.5020772904166668,0.9861111111111112,-1.48086149,0
C_ID_9d7a4422df,-10.386099580000002,19,1.5263157894736843,-0.14599759,-0.5466368200000001,0.8947368421052632,-0.40053793,0
C_ID_acd57594ad,-28.664393599999993,56,1.0,-0.08589154,-0.5118641714285713,0.6428571428571429,0.28276471,0
C_ID_530e320644,-27.85300704,67,1.3880597014925373,4.58750389,-0.41571652298507467,0.9253731343283582,0.0,0
C_ID_b5d8b3cfe4,-32.467543619999994,47,0.7872340425531915,-0.3843932,-0.6907988004255318,0.7659574468085106,-0.39547193,0
C_ID_9750947e99,-6.73802313,17,1.5294117647058822,1.46292108,-0.3963543017647059,0.8823529411764706,0.0,0
C_ID_82dcf89463,-62.41650864000002,93,1.2365591397849462,-0.2526708,-0.6711452541935485,0.7741935483870968,0.0,0
C_ID_c734dfc651,-36.987698650000006,56,1.4285714285714286,-0.09024923,-0.6604946187500002,0.9107142857142857,0.0,0
C_ID_aebbc78886,-106.74991758999997,152,0.993421052631579,-0.5457028,-0.7023020894078945,0.9342105263157895,0.0,0
C_ID_09e883df19,-164.98035550000003,238,1.0084033613445378,0.03447082,-0.6931947710084035,0.9831932773109243,0.06184139,0
C_ID_ba4ca15008,-341.82208346,493,0.0,0.75574338,-0.6933510820689655,0.9533468559837728,0.0,0
C_ID_2eb2127996,-34.792610839999995,55,1.290909090909091,1.50706897,-0.6325929243636362,0.9636363636363636,1.62755181,0
C_ID_49f1839efc,-19.786069259999998,35,1.0571428571428572,-0.06075219,-0.5653162645714285,1.0,0.0,0
C_ID_6e1f836577,-14.73905462,24,0.08333333333333333,0.46254609,-0.6141272758333333,0.75,-1.31051769,0
C_ID_9d237ce341,3.8332931299999995,46,1.8478260869565217,26.13401916,0.08333245934782607,0.9347826086956522,-0.16581675,0
C_ID_4303b8ea50,-40.036172210000004,82,1.3414634146341464,2.63856531,-0.48824600256097567,1.0,0.0,0
C_ID_af69d28adc,-52.32350114999997,77,1.4805194805194806,-0.29445953,-0.6795259889610386,0.935064935064935,0.0,0
C_ID_67768cc4d0,-18.16218417,26,1.0,-0.60417096,-0.698545545,1.0,1.34186549,0
C_ID_0b1cd00a21,-37.90757661000001,58,-0.017241379310344827,-0.09122595,-0.6535789070689656,0.9827586206896551,0.0,0
C_ID_eae1e78f8d,-27.69075076999999,43,1.5348837209302326,-0.13683142,-0.6439709481395347,0.9767441860465116,0.0,0
C_ID_48dbce30f3,-97.41589922999992,174,1.1551724137931034,0.91881109,-0.5598614898275858,0.9712643678160919,-1.82238404,0
C_ID_f70b5f8c3d,-132.63318929,193,0.015544041450777202,-0.371245,-0.6872185973575129,0.9533678756476683,0.02333235,0
C_ID_a27599f544,-89.55287122999997,133,0.0,0.06452384,-0.6733298588721802,0.9473684210526315,1.74690816,0
C_ID_104267b775,-120.91608632999998,186,0.010752688172043012,0.03447082,-0.6500864856451612,0.9408602150537635,0.11590822,0
C_ID_f946766b68,-7.999453709999999,19,1.2105263157894737,1.20653874,-0.4210238794736842,1.0,0.6195021,0
C_ID_9f8d00e1f6,-123.37132828999994,185,0.005405405405405406,0.39348424,-0.6668720448108104,0.972972972972973,-2.67684519,0
C_ID_a97cafb4cf,-37.85505900000001,54,1.1111111111111112,-0.52894824,-0.7010196111111113,0.7962962962962963,1.3112127,0
C_ID_17597c5b41,-28.323081399999992,42,0.0,-0.27430897,-0.6743590809523807,0.9523809523809523,5.67972405,0
C_ID_d09c4eda69,-24.610886899999997,40,1.425,0.98444689,-0.6152721724999999,0.9,0.03763445,0
C_ID_a9c4062bbd,-41.85959434,61,0.01639344262295082,-0.53287016,-0.6862228580327869,0.9508196721311475,0.0,0
C_ID_6f9629387a,-7.9534125000000016,34,1.2941176470588236,3.76104574,-0.23392389705882358,1.0,1.157679,0
C_ID_31479b8c53,-348.2341066900002,528,0.015151515151515152,2.25839456,-0.6595342929734852,0.9696969696969697,0.0,0
C_ID_9fde59c1f2,-134.32002074000013,244,1.1762295081967213,0.75424073,-0.5504918882786891,0.889344262295082,0.0,0
C_ID_d7a964de57,-58.29852312999998,89,0.011235955056179775,0.02249469,-0.6550395857303368,0.8314606741573034,0.12222117,0
C_ID_f07ef6c1e5,-52.946695670000004,78,0.05128205128205128,-0.38753374,-0.6788037906410257,0.9487179487179487,-1.49026693,0
C_ID_fa374bbc60,-24.54582203999999,35,0.0,-0.26320438,-0.7013092011428569,1.0,-0.29169885,0
C_ID_d586d623f4,-19.880210279999996,53,1.2641509433962264,2.5589248,-0.37509830716981124,0.9433962264150944,0.0,0
C_ID_c73ab8265b,-31.366866640000012,55,1.1636363636363636,-0.29611244,-0.5703066661818184,0.5272727272727272,-1.97275263,0
C_ID_71dee99738,-23.069136659999995,32,0.21875,-0.53631123,-0.7209105206249998,0.78125,0.0,0
C_ID_d7bcf4fd6a,-76.20787112999996,105,0.009523809523809525,-0.56245736,-0.7257892488571425,0.9238095238095239,0.0,0
C_ID_e6eede6e2e,-46.24889856999999,73,0.0547945205479452,-0.26605942,-0.6335465557534244,0.9178082191780822,-1.72522921,0
C_ID_db011e774f,-32.34168149999999,48,0.3333333333333333,2.00144121,-0.6737850312499999,0.5833333333333334,7.43598967,0
C_ID_91aa7ee6a7,-132.5376207300001,183,0.01092896174863388,-0.57885129,-0.7242492936065579,0.9016393442622951,0.52493656,0
C_ID_c9913c5875,-240.18011303000017,349,0.03724928366762178,0.21816992,-0.6881951662750722,0.9283667621776505,0.0,0
C_ID_689465b6de,-10.121061939999999,19,1.631578947368421,0.17722268,-0.5326874705263157,0.8421052631578947,1.38330596,0
C_ID_0b161b058e,-18.077389550000003,26,0.0,-0.44637756,-0.6952842134615386,0.9615384615384616,0.0,0
C_ID_022a244cab,-8.553841870000001,21,1.380952380952381,0.18452556,-0.4073258033333334,1.0,0.0,0
C_ID_1a77951bef,-12.625335349999999,41,1.8780487804878048,1.96456615,-0.30793500853658534,0.926829268292683,0.0,0
C_ID_92cd8d013f,-38.32881491000001,63,1.2222222222222223,-0.02112728,-0.6083938874603176,0.873015873015873,-1.31606999,0
C_ID_257dacdac9,-6.68612155,11,0.0,0.38008059,-0.6078292318181818,1.0,1.61047921,0
C_ID_f9ebe89ca1,-14.575355799999999,22,0.0,-0.41632454,-0.6625161727272727,0.5,0.0,0
C_ID_eaa5ae4b9e,-73.81931693000001,112,1.0625,-0.21826008,-0.6591010440178573,0.9821428571428571,1.35235788,0
C_ID_3b741ff6ff,-32.76236376999999,49,0.0,0.10509542,-0.66861966877551,0.9591836734693877,0.0,0
C_ID_2fef4d0c0a,-5.089524610000001,7,0.42857142857142855,-0.69147499,-0.7270749442857144,0.5714285714285714,1.93087748,0
C_ID_e3ee96bc5c,1.7739097599999998,10,0.0,1.1614592,0.17739097599999998,0.6,0.87970577,0
C_ID_af5f5f85d3,-5.42768125,14,1.9285714285714286,1.35379855,-0.38769151785714284,0.9285714285714286,0.0,0
C_ID_84aa213c14,-8.91069143,13,0.3076923076923077,-0.49145709,-0.6854378023076924,0.6923076923076923,-1.19989646,0
C_ID_d38228f448,-5.3396108799999995,13,1.6923076923076923,-0.02525957,-0.41073929846153845,0.7692307692307693,0.0,0
C_ID_fc1c3eeb58,-17.29357666,24,0.0,-0.63703394,-0.7205656941666666,0.875,3.38167071,0
C_ID_8959fec6ac,-89.40165944999998,136,0.029411764705882353,0.38008059,-0.6573651430147057,0.8382352941176471,0.0,0
C_ID_bfe828c363,-6.1644160900000005,11,1.4545454545454546,-0.26605942,-0.5604014627272728,1.0,3.47266106,0
C_ID_0de4b187e7,-67.7625959,250,1.028,21.25190547,-0.2710503836,0.98,0.0,0
C_ID_c099600648,-13.01322969,20,1.7,-0.29656324,-0.6506614844999999,0.8,0.0,0
C_ID_d684b66665,-68.55649159,102,0.0,0.30494803,-0.6721224665686274,0.8627450980392157,0.97286719,0
C_ID_a8ab4f3b9c,-200.74853261000004,285,0.007017543859649123,-0.24141594,-0.7043808161754387,0.9298245614035088,0.0,0
C_ID_df777810ad,24.78693742999999,43,2.395348837209302,4.93161101,0.576440405348837,0.8837209302325582,0.0,0
C_ID_e0bbd2619f,-32.84529509,52,0.019230769230769232,-0.20595337,-0.6316402901923077,0.8653846153846154,0.54890016,0
C_ID_07f14953af,-8.77440097,14,0.0,-0.25599165,-0.6267429264285714,0.8571428571428571,1.19895921,0
C_ID_dde9cb4544,-95.78556787000002,145,0.020689655172413793,-0.18942421,-0.6605901232413794,0.9310344827586207,-0.31498759,0
C_ID_b5351097ef,-192.23939461000003,422,1.3127962085308056,5.05658651,-0.45554358912322285,0.981042654028436,0.0,0
C_ID_ddc8caf01a,-63.48591542000004,99,0.010101010101010102,-0.43736165,-0.6412718729292933,0.9595959595959596,-2.00699014,0
C_ID_2e5d9d300c,-34.78436119999999,54,0.0,-0.34582014,-0.6441548370370369,0.9259259259259259,-0.8993567,0
C_ID_cf356690ee,-2.2665840099999994,24,2.9166666666666665,4.53506137,-0.09444100041666664,0.9166666666666666,0.0,0
C_ID_fb48e1e985,-33.02873873000001,47,0.02127659574468085,-0.53656668,-0.7027391219148937,0.851063829787234,0.10030613,0
C_ID_4a0c9038e9,-13.858185480000003,20,0.0,-0.58788222,-0.6929092740000001,0.7,-1.12863762,0
C_ID_d28ba79c55,300.41071506999987,54,5.648148148148148,35.31672051,5.563161390185183,0.8703703703703703,0.0,0
C_ID_e65d7d5463,-47.81798195,71,0.0,0.15468291,-0.6734927035211267,1.0,0.0,0
C_ID_d2311d3e39,-75.29286188000002,168,0.011904761904761904,1.89024502,-0.448171796904762,0.9583333333333334,-0.22856881,0
C_ID_bfedf5885d,-10.633736469999999,18,2.1666666666666665,-0.07071476,-0.5907631372222222,1.0,-2.40474114,0
C_ID_e349dce185,-30.932750730000006,52,0.07692307692307693,1.20653874,-0.5948605909615385,0.9230769230769231,-0.60433809,0
C_ID_722ee16f00,-4.31158709,11,1.0,0.69998,-0.3919624627272727,1.0,-3.8713637,0
C_ID_264ee0904d,-140.52889994999992,198,0.0,-0.36310063,-0.7097419189393935,0.9494949494949495,-33.21928095,0
C_ID_650ff3480c,-64.8557773,112,0.05357142857142857,3.15998527,-0.5790694401785714,0.9107142857142857,-1.70805595,0
C_ID_9ec638eb06,-80.12669527999999,135,1.1777777777777778,1.50706897,-0.593531076148148,0.9111111111111111,-0.49954381,0
C_ID_628adaaa7d,-112.95251594000004,206,1.1262135922330097,1.39977968,-0.5483131841747575,0.9951456310679612,1.66347299,0
C_ID_873510cadc,-59.889530210000004,92,1.0,-0.31113895,-0.6509731544565218,0.967391304347826,0.0,0
C_ID_36f9097cd0,-37.075498550000006,66,1.5757575757575757,0.60547827,-0.5617499780303031,0.8939393939393939,0.0,0
C_ID_1d704a7c2f,-58.29691532999999,90,1.3,0.3921018,-0.6477435036666666,0.9777777777777777,-0.3789692,0
C_ID_0b2317c4c3,-10.63701231,16,1.0,-0.66427701,-0.664813269375,1.0,0.0,0
C_ID_30ac430147,-23.298952149999998,38,0.0,-0.306631,-0.6131303197368421,1.0,-0.31503039,0
C_ID_04acf7d8d3,-91.71293243000001,125,0.008,-0.66248885,-0.73370345944,0.96,-1.61129605,0
C_ID_d60383159e,-94.69665664,146,0.9863013698630136,0.00441779,-0.648607237260274,0.9452054794520548,-2.30980401,0
C_ID_856a2b9dba,-26.991762459999997,73,0.7808219178082192,2.40864466,-0.3697501706849315,0.8082191780821918,-0.44053019,0
C_ID_b66d9c350e,-6.2172342700000005,10,1.3,-0.37455083,-0.621723427,0.9,0.0,0
C_ID_289195db1e,-26.611817140000003,38,0.0,-0.58179648,-0.7003109773684212,1.0,-3.1272369,0
C_ID_f3ae20f048,-71.83668890000001,134,0.007462686567164179,0.89098199,-0.5360946932835822,0.9253731343283582,-1.20622301,0
C_ID_adde06220e,-7.671214589999999,38,1.605263157894737,2.56457477,-0.20187406815789471,0.9473684210526315,1.56981059,0
C_ID_b4db030fed,-14.434692640000002,35,1.0285714285714285,0.34631602,-0.4124197897142858,1.0,0.0,0
C_ID_d175767c4a,-53.68440731000005,85,1.2941176470588236,0.62050478,-0.6315812624705888,0.8941176470588236,0.7189376,0
C_ID_8d1a65fa4d,-5.060568539999999,18,2.0,0.75574338,-0.28114269666666664,0.9444444444444444,-1.06664908,0
C_ID_08356ce11d,-56.19859810000002,79,0.0,-0.25103291,-0.7113746594936712,0.9873417721518988,0.0,0
C_ID_0034bae883,-16.728279280000002,24,1.1666666666666667,-0.38485902,-0.6970116366666668,1.0,0.0,0
C_ID_9afc9a00bf,-18.17180113,26,0.0,-0.53653663,-0.698915428076923,0.9615384615384616,5.17536022,0
C_ID_ae298cd816,-0.8952795800000007,15,4.2,1.37032772,-0.05968530533333338,0.8,-0.25543823,0
C_ID_2a3c9fc310,-86.88803961,132,0.015151515151515152,-0.40881128,-0.6582427243181819,0.9772727272727273,0.17847858,0
C_ID_b815e7419d,-44.07684631,77,0.0,0.74599118,-0.5724265754545454,0.961038961038961,0.0,0
C_ID_7fe945d928,-129.58285251999993,189,0.1111111111111111,1.4139046,-0.6856235583068779,0.6825396825396826,0.0,0
C_ID_2a78a62880,-159.4026947199999,221,0.0,-0.07071476,-0.7212791616289588,0.9864253393665159,0.846867,0
C_ID_5d9199edfe,-48.06053987999997,76,0.0,1.23659176,-0.6323755247368418,1.0,-2.00441198,0
C_ID_155e5f2736,-83.11274868000001,124,1.032258064516129,-0.41632454,-0.6702641022580645,0.8145161290322581,0.95861974,0
C_ID_50686d0646,-10.156344189999999,15,0.0,-0.5073852,-0.6770896126666666,1.0,-2.61083892,0
C_ID_54904ee465,-22.668620039999997,47,1.3191489361702127,0.94958539,-0.482311064680851,0.9148936170212766,0.15141451,0
C_ID_502de59ccc,-24.244300060000008,52,0.019230769230769232,0.67347323,-0.46623653961538475,0.9230769230769231,-0.05410734,0
C_ID_47ab6d31a8,-67.20332424,98,0.0,-0.27980868,-0.6857482065306123,0.9591836734693877,-0.50991462,0
C_ID_c7fbefcfae,-39.64575335999999,76,1.0,0.08856626,-0.5216546494736841,1.0,-0.73682229,0
C_ID_84ed976d81,-42.26751906,63,1.1587301587301588,-0.3269769,-0.6709130009523809,0.9047619047619048,-1.39319902,0
C_ID_3ff051d035,-10.00956523,14,0.0,-0.67628319,-0.714968945,0.5714285714285714,-2.00219756,0
C_ID_cd6b333d2c,-80.92736792,141,1.2907801418439717,1.50706897,-0.5739529639716312,0.8794326241134752,0.55346199,0
C_ID_2e3e640f80,-24.67326188,38,2.1842105263157894,-0.22097988,-0.6492963652631578,0.7631578947368421,-0.11097332,0
C_ID_cc60c9354d,-37.02757899,69,0.014492753623188406,1.80759921,-0.5366315795652175,0.9420289855072463,0.0,0
C_ID_edd19e8a03,-123.46867002999998,211,0.014218009478672985,0.52340346,-0.5851595736018956,0.8862559241706162,0.41769615,0
C_ID_cafc8f432a,-16.24287794,53,0.03773584905660377,5.92680186,-0.3064693950943396,0.8679245283018868,0.0,0
C_ID_f1bbf654c1,-74.43860457000004,146,1.1369863013698631,2.81587815,-0.5098534559589044,0.9246575342465754,-0.12675794,0
C_ID_98392e0f14,-136.57437292000006,201,0.004975124378109453,0.9060085,-0.6794744921393038,0.9303482587064676,0.92816588,0
C_ID_fcb04079df,-7.74466419,13,1.6923076923076923,0.2688844,-0.5957433992307692,0.9230769230769231,0.0,0
C_ID_02fc336224,-86.83714475000004,120,0.025,-0.56012825,-0.723642872916667,0.7583333333333333,0.0,0
C_ID_4334d25354,-9.165586139999998,19,3.210526315789474,0.61718392,-0.4823992705263157,0.9473684210526315,0.0,0
C_ID_3a4e0d199c,-27.77090217,42,1.2619047619047619,0.10952824,-0.6612119564285714,0.9047619047619048,2.3559893,0
C_ID_97f0a7a750,-78.82231897000001,121,0.01652892561983471,0.78429376,-0.6514241237190084,0.9586776859504132,0.0,0
C_ID_2b82dd61b9,-2.98503159,6,1.5,-0.21949226,-0.49750526500000003,1.0,0.0,0
C_ID_8666776381,-88.95992512000004,243,1.0493827160493827,18.80859466,-0.36609022683127584,0.9629629629629629,0.0,0
C_ID_20367b7590,-47.32996590999998,70,1.1,0.18475096,-0.6761423701428568,0.9285714285714286,-0.33312131,0
C_ID_ee8b8c9988,-25.801076739999992,44,0.022727272727272728,0.00915115,-0.5863881077272726,0.9318181818181818,-0.01390034,0
C_ID_42c918358a,-9.18145417,13,0.0,-0.59814533,-0.7062657053846154,0.8461538461538461,-0.6093939,0
C_ID_68416e56c3,-52.80108882999998,85,0.0,1.35680386,-0.621189280352941,0.9764705882352941,-0.88317025,0
C_ID_6337f10c7a,-28.97302313,48,0.0,0.54299803,-0.6036046485416667,0.8541666666666666,0.0,0
C_ID_4e6b689903,-83.18119445000002,170,1.2176470588235293,1.00464253,-0.4893011438235295,0.9529411764705882,0.0,0
C_ID_77c8e43142,-79.26208481000006,110,0.0,-0.6254485,-0.7205644073636369,0.9272727272727272,0.0,0
C_ID_d1e601ebf0,-57.66446442,81,0.0,-0.50337312,-0.7119069681481481,0.7777777777777778,2.89397931,0
C_ID_b0eb28fa4f,-210.18710534000004,314,0.006369426751592357,0.19865049,-0.6693856857961785,0.9140127388535032,-0.35265334,0
C_ID_efba17472b,-99.44565029000002,204,1.7647058823529411,5.36888251,-0.48747867789215693,0.8970588235294118,0.0,0
C_ID_71f9b950a2,-235.51038426000017,438,1.182648401826484,6.01502251,-0.5376949412328771,0.8721461187214612,-3.01991606,0
C_ID_a535fb8029,-24.33106312,41,1.3414634146341464,0.0069122,-0.593440563902439,1.0,0.0,0
C_ID_c51fddbac8,-222.26649745000003,318,0.012578616352201259,0.98414636,-0.6989512498427674,0.9654088050314465,-0.65593264,0
C_ID_a619bddc8e,-20.391848119999988,103,0.009708737864077669,3.5807276,-0.19797910796116494,0.970873786407767,0.0,0
C_ID_c35e91eac4,-94.98744959,229,1.2008733624454149,10.79195061,-0.4147923562882096,0.9912663755458515,0.5753697,0
C_ID_649c8bc7b2,-2.46110221,4,0.0,-0.25103291,-0.6152755525,1.0,0.0,0
C_ID_f4f35d6538,-40.02442143,61,0.01639344262295082,0.09457687,-0.6561380562295082,0.9016393442622951,-0.82481155,0
C_ID_2099edb1aa,-84.70115622000004,139,1.1366906474820144,-0.20753115,-0.6093608361151083,0.7697841726618705,2.96544992,0
C_ID_78ffeb6988,-107.51838836999997,152,1.0394736842105263,-0.44637756,-0.707357818223684,0.9473684210526315,-0.89404541,0
C_ID_b6d95bf128,-132.23381485,231,1.199134199134199,14.279604,-0.5724407569264068,0.9956709956709957,0.0,0
C_ID_94b29d6d04,-26.78671074,37,0.0,-0.59559082,-0.7239651551351352,0.9459459459459459,3.69751404,0
C_ID_44414e31d8,12.97913454,20,6.65,3.15998527,0.6489567270000001,0.65,2.62152266,0
C_ID_78e692e554,-172.53679764000006,302,1.1125827814569536,4.05460368,-0.5713138994701988,0.9834437086092715,0.04707283,0
C_ID_89e8102bdd,-24.647251010000005,34,0.0,-0.64209788,-0.7249191473529413,0.8529411764705882,0.0,0
C_ID_fd2bcf631b,-5.13606174,9,0.0,-0.03314849,-0.5706735266666666,1.0,0.0,0
C_ID_1ffb792341,-47.105905520000015,111,1.945945945945946,2.46741334,-0.42437752720720734,0.9819819819819819,0.0,0
C_ID_64f245fca3,-13.04999957,19,0.0,-0.62819835,-0.686842082631579,0.9473684210526315,0.0,0
C_ID_af5ead2976,-95.02104889999997,138,0.0,-0.2454731,-0.6885583253623186,0.9347826086956522,0.0,0
C_ID_4d1d4dbdcb,-0.26915488000000004,2,2.0,0.00441779,-0.13457744000000002,1.0,0.74936653,0
C_ID_52decc90fe,-125.99865373999995,179,0.00558659217877095,-0.30613512,-0.7039030935195528,0.9608938547486033,-0.60474341,0
C_ID_cc62bcfcaf,-156.33171147999997,218,0.0,-0.46730949,-0.7171179425688072,0.9357798165137615,0.0,0
C_ID_b730f3b8f2,-16.453294159999995,39,1.5384615384615385,0.57437339,-0.4218793374358973,0.8461538461538461,0.0,0
C_ID_81bab3311c,-39.60077904999999,64,1.234375,0.61299152,-0.6187621726562499,0.875,-0.12553367,0
C_ID_55f43e53c2,-4.556444090000001,10,1.9,-0.30867461,-0.45564440900000014,1.0,-0.09881972,0
C_ID_652024a263,-46.72797377999999,85,1.0705882352941176,0.53127735,-0.5497408679999999,0.9529411764705882,-0.57796285,0
C_ID_207cc8efe3,-11.132721819999999,18,0.0,-0.28222794,-0.6184845455555554,0.8333333333333334,-1.47234801,0
C_ID_42912aa67f,-14.006857800000002,24,0.0,-0.12766524,-0.5836190750000001,0.9583333333333334,-1.43712716,0
C_ID_209f2441a7,-10.34019354,26,0.0,0.78579641,-0.39769975153846154,0.9230769230769231,-2.67716847,0
C_ID_f53f004542,-123.46901579000001,188,1.101063829787234,4.51086868,-0.6567500839893617,0.8670212765957447,1.78883174,0
C_ID_f85e25d346,-26.08620479999999,187,1.3368983957219251,6.39068531,-0.13949842139037427,0.9572192513368984,0.0,0
C_ID_32b57d870e,-16.25046629,27,1.2222222222222223,0.97963841,-0.6018691218518518,0.9629629629629629,0.0,0
C_ID_4f646fa559,-12.524883079999999,22,0.0,0.17910099,-0.5693128672727272,0.8636363636363636,-1.25353024,0
C_ID_798be1cfab,-33.45415433999999,53,0.0,0.64178232,-0.6312104592452827,1.0,2.1775639,0
C_ID_b1e54a3b46,-81.17973821000001,121,0.0,0.75574338,-0.6709069273553719,0.768595041322314,0.0,0
C_ID_14d3d981a9,-102.06995544999994,142,0.028169014084507043,-0.5215552,-0.7188025031690136,0.9014084507042254,-0.27402289,0
C_ID_656b0e1db8,-79.81228052999994,111,0.02702702702702703,-0.63871691,-0.7190295543243238,0.9279279279279279,0.0,0
C_ID_b37126bcb2,-14.198280530000002,21,0.0,-0.46609234,-0.6761085966666668,0.9047619047619048,-2.25540115,0
C_ID_4531650698,-147.30007164999998,251,1.2430278884462151,7.16833735,-0.5868528750996015,0.9800796812749004,0.0,0
C_ID_18e8b3beb0,-5.81220968,12,1.3333333333333333,0.45521315,-0.48435080666666663,1.0,-2.40323435,0
C_ID_6dd4ec8ff3,-27.93049875000001,40,0.0,-0.54148035,-0.6982624687500002,1.0,0.04674977,0
C_ID_6ed68de956,-42.027200070000006,60,0.0,-0.56658965,-0.7004533345000001,0.8666666666666667,-0.1743139,0
C_ID_0519e421ff,8.147464849999995,59,1.8644067796610169,8.39332864,0.1380926245762711,0.9152542372881356,0.0,0
C_ID_fed3a072be,-39.87396104000002,205,2.0195121951219512,5.86475739,-0.19450712702439032,0.9317073170731708,0.0,0
C_ID_644fde6623,-12.938517839999996,73,1.095890410958904,4.6009977,-0.17723997041095885,0.8904109589041096,0.0,0
C_ID_055f417350,-47.34901952,116,1.1810344827586208,0.84590246,-0.4081812027586207,0.9568965517241379,0.68146953,0
C_ID_d92a125399,-60.499546379999984,95,0.031578947368421054,-0.22097988,-0.6368373303157893,0.7789473684210526,-1.14590392,0
C_ID_80c3bb8b61,-7.94399086,17,2.0588235294117645,0.5889491,-0.46729358000000004,0.9411764705882353,0.0,0
C_ID_440a46f70a,-28.054632729999998,40,0.15,-0.56663473,-0.70136581825,0.8,-1.99485122,0
C_ID_5a64b8a595,-151.32292425999992,306,0.02287581699346405,7.6464509,-0.4945193603267971,0.9411764705882353,-1.45461901,0
C_ID_e57ef905ed,-60.029862779999995,131,1.534351145038168,3.00972015,-0.45824322732824424,0.9618320610687023,0.64528789,0
C_ID_bcd6b85345,-11.867728669999998,25,0.96,0.28915517,-0.4747091467999999,1.0,0.0,0
C_ID_c6bb77b88b,-16.33931803,32,0.1875,0.00441779,-0.5106036884375,0.6875,0.60316781,0
C_ID_42c162cfb7,-77.33332687,122,1.3524590163934427,-0.12789064,-0.6338797284426229,0.8032786885245902,-2.0192668,0
C_ID_03bf96f2a4,-6.034662189999999,26,4.461538461538462,1.10661243,-0.23210239192307688,0.6538461538461539,0.0,0
C_ID_e23863d50c,-49.78182676999998,113,1.8584070796460177,3.87975519,-0.44054713955752195,0.9292035398230089,-0.75766272,0
C_ID_4abdeee7c6,-5.734447500000001,12,1.0,-0.3664816,-0.47787062500000005,1.0,0.89398841,0
C_ID_cac4518958,-41.63660090999999,65,0.046153846153846156,-0.09911487,-0.6405630909230768,0.9384615384615385,-3.47749866,0
C_ID_96186eb35b,-60.28713169000001,91,0.02197802197802198,1.59722804,-0.6624959526373627,0.8681318681318682,0.0,0
C_ID_19b5c8b27a,-24.20171487999999,38,1.1578947368421053,0.33500105,-0.6368872336842103,0.7368421052631579,0.0,0
C_ID_f1a07b6525,-43.14311389,60,0.0,-0.63721426,-0.7190518981666667,0.9666666666666667,0.0,0
C_ID_5bfee7cb9d,-70.99981752,103,1.174757281553398,0.7181771,-0.689318616699029,0.912621359223301,-4.47079795,0
C_ID_39356b9f79,-129.38076094999988,224,1.0223214285714286,2.82940201,-0.5775926828124994,0.96875,0.0,0
C_ID_16955edf59,-6.93551657,12,0.8333333333333334,-0.22102496,-0.5779597141666667,0.75,0.0,0
C_ID_ac940e641a,-20.824250959999997,29,0.034482758620689655,-0.66426198,-0.7180776193103448,0.7931034482758621,0.99398764,0
C_ID_96a23d14e5,-35.861762129999995,52,1.0,-0.51102161,-0.6896492717307692,0.9038461538461539,1.0179645,0
C_ID_4fe66e1a67,-57.236284,110,0.00909090909090909,0.92139565,-0.5203298545454546,0.8818181818181818,1.36944519,0
C_ID_183b45bb4a,-15.933962859999996,49,1.2040816326530612,0.45519812,-0.325182915510204,0.7142857142857143,0.0,0
C_ID_1dbb8695f7,1.8365102200000003,8,0.5,2.00407085,0.22956377750000004,1.0,-2.28229793,0
C_ID_e46e22908a,0.33306263,7,2.857142857142857,0.60983595,0.047580375714285715,1.0,0.0,0
C_ID_5854cf09a3,-14.53911185,20,0.0,-0.69506633,-0.7269555925,1.0,0.0,0
C_ID_f5c2db238c,-34.229086609999996,59,1.9491525423728813,0.16213606,-0.580154010338983,0.7627118644067796,-0.02788296,0
C_ID_1236116e21,-57.126259819999994,83,0.0,-0.23600639,-0.6882681906024096,0.8795180722891566,0.0,0
C_ID_b28e206780,-31.52664356,52,1.2115384615384615,-0.3421687,-0.606281606923077,0.6538461538461539,0.0,0
C_ID_a01fff649d,-39.94012274000001,69,1.173913043478261,-0.16392422,-0.5788423585507247,1.0,0.0,0
C_ID_2c5b198943,-35.735494409999994,52,1.0,-0.48008203,-0.6872210463461538,0.9615384615384616,0.0,0
C_ID_26b718d6ef,-30.298616950000003,49,1.1428571428571428,0.25303143,-0.6183391214285715,0.9387755102040817,0.0,0
C_ID_7149c38e34,-49.108879499999986,90,0.011111111111111112,0.42215482,-0.5456542166666665,0.8888888888888888,0.0,0
C_ID_c2166db39a,-72.42665988999995,108,1.2407407407407407,0.44018664,-0.6706172212037033,0.8888888888888888,1.09525742,0
C_ID_c212b9233b,-31.59560016,44,1.2045454545454546,0.00291514,-0.7180818218181818,0.9318181818181818,-1.0115807,0
C_ID_a7c13b685a,-11.28941831,18,0.0,0.69563734,-0.6271899061111111,1.0,3.3380883,0
C_ID_00585ead53,-23.864039190000003,36,0.3055555555555556,-0.22097988,-0.6628899775000001,0.6666666666666666,0.34775627,0
C_ID_14a1248cae,-3.98143959,12,0.0,1.31923758,-0.3317866325,0.9166666666666666,-1.41269391,0
C_ID_fd7f86fdba,104.14743092999998,86,1.197674418604651,23.53217864,1.21101663872093,0.9534883720930233,-0.74330371,0
C_ID_fe93559dda,-71.80535870999996,110,0.00909090909090909,1.37183037,-0.652775988272727,0.9272727272727272,0.62811741,0
C_ID_611a7d8299,-213.45561216999994,372,0.002688172043010753,2.63405736,-0.5738054090591396,0.9247311827956989,-0.69601787,0
C_ID_949aaf2997,-2.7658098100000004,27,1.5555555555555556,1.57468828,-0.10243740037037039,0.9629629629629629,0.0,0
C_ID_7f00c552f0,-25.304811139999998,35,0.0,-0.58161617,-0.7229946039999999,0.9428571428571428,-0.74966677,0
C_ID_56e66508ff,-5.60924657,9,0.0,-0.55156314,-0.6232496188888889,0.8888888888888888,0.0,0
C_ID_0247f3f1b2,-65.56571987999999,125,1.176,4.66263645,-0.5245257590399999,0.976,0.64223264,0
C_ID_ab91d7a048,-59.20045945999999,284,1.6830985915492958,12.77695282,-0.20845232204225347,0.9683098591549296,0.0,0
C_ID_9d17845188,-16.290752339999997,25,0.0,0.15468291,-0.6516300935999999,0.92,1.67746499,0
C_ID_978bdb0639,-137.54035220000006,192,0.015625,-0.27620231,-0.716356001041667,0.9635416666666666,0.07813038,0
C_ID_ebfb3b2a91,-24.097701429999997,36,2.0833333333333335,-0.53027057,-0.6693805952777777,0.7777777777777778,1.52520407,0
C_ID_7c47862b6b,-28.130711979999997,46,1.6304347826086956,0.90450585,-0.6115372169565216,0.9565217391304348,0.0,0
C_ID_995ae6ca7f,-49.47770523,69,0.0,-0.52151012,-0.7170681917391304,0.9710144927536232,0.0,0
C_ID_0d4e2ed9d5,-6.744724969999999,18,0.0,0.67333799,-0.3747069427777777,0.9444444444444444,0.0,0
C_ID_0b133b349c,-21.315843289999993,39,1.8717948717948718,0.30494803,-0.5465600843589742,0.9230769230769231,1.72015629,0
C_ID_a92cc7faf8,-15.120998510000002,26,1.0,1.40188339,-0.5815768657692308,1.0,0.6502913,0
C_ID_6ddd12dc8d,-24.87433164,37,1.1891891891891893,-0.44637756,-0.6722792335135136,0.8648648648648649,-33.21928095,0
C_ID_9e66e34489,-93.59682111000005,142,1.3309859154929577,-0.0166644,-0.6591325430281694,0.852112676056338,0.08879926,0
C_ID_977b8cf8d2,-50.09757896,116,1.4137931034482758,1.38385158,-0.43187568068965515,0.75,1.9330304,0
C_ID_3cd675f2d1,-3.73323167,9,1.0,0.08850615,-0.4148035188888889,1.0,2.01421526,0
C_ID_55766c7037,-69.78400735000002,97,0.0,-0.44800042,-0.7194227561855673,0.9587628865979382,1.56691732,0
C_ID_fe1f09f2a1,-2.80182837,5,2.8,-0.22099491,-0.560365674,1.0,-2.21535261,0
C_ID_5924ff297e,-1.42499416,2,1.0,-0.71249708,-0.71249708,1.0,0.0,0
C_ID_befe1d5ae3,-23.57150301,38,1.2894736842105263,0.22604382,-0.6203027107894737,1.0,-0.71972278,0
C_ID_8fb3080c42,-5.563115199999999,23,1.0,0.77353477,-0.24187457391304343,1.0,1.9680167,0
C_ID_130b768b97,-57.833527680000024,89,1.247191011235955,-0.177403,-0.6498149177528093,0.9887640449438202,-0.11375999,0
C_ID_0630349ae5,-45.041082550000006,82,1.0975609756097562,2.92512089,-0.5492814945121952,1.0,-0.64102279,0
C_ID_8d5eb748f2,-55.10905587000002,104,0.15384615384615385,4.2118411,-0.5298947679807694,0.8846153846153846,0.68633252,0
C_ID_b3ba1db75b,-27.489440569999996,41,0.0975609756097561,-0.38003551,-0.6704741602439024,0.7073170731707317,0.0,0
C_ID_a757542a90,-29.031911989999994,76,1.0921052631578947,2.70768727,-0.3819988419736841,0.9736842105263158,0.0,0
C_ID_fd56c18cfd,-4.9587188300000005,7,0.0,-0.62462204,-0.7083884042857144,0.7142857142857143,0.0,0
C_ID_f3f318aa29,-37.78912271,65,0.046153846153846156,0.06302119,-0.5813711186153846,0.8461538461538461,0.0,0
C_ID_e5885ef4f9,-55.35525018000003,90,0.011111111111111112,-0.03513198,-0.6150583353333337,0.9777777777777777,-2.20751736,0
C_ID_3d6290cf1e,-80.71938598999995,129,1.186046511627907,1.05477097,-0.6257316743410849,0.9534883720930233,1.13189982,0
C_ID_5cc275be42,-13.10636399,35,1.4,1.67919767,-0.37446754257142856,1.0,0.0,0
C_ID_64f4ac511a,-47.345398140000015,68,0.0,-0.50648361,-0.6962558550000002,0.9411764705882353,0.0,0
C_ID_5b32954eb5,-83.09673043000001,117,0.008547008547008548,-0.51497359,-0.7102284652136753,0.9401709401709402,-1.06150264,0
C_ID_1032420c81,-3.21935502,6,1.0,-0.29761509,-0.53655917,1.0,-0.07061907,0
C_ID_3affc2218d,-5.63295844,17,2.1176470588235294,1.50706897,-0.33135049647058823,0.9411764705882353,0.0,0
C_ID_8fe6624441,-41.355499959999975,64,0.046875,-0.44788021,-0.6461796868749996,0.90625,0.0,0
C_ID_e9cceb49b7,-8.08597637,14,1.2857142857142858,1.00187765,-0.5775697407142857,0.7857142857142857,0.0,0
C_ID_64a823cd8f,-13.049789149999999,18,0.0,-0.6719255,-0.724988286111111,0.8888888888888888,0.0,0
C_ID_e3d304c63d,-26.23492223,48,0.0,3.00972015,-0.5465608797916667,0.9166666666666666,0.14143904,0
C_ID_d99ee425be,-7.86139015,61,1.6885245901639345,3.66938402,-0.12887524836065573,0.9180327868852459,-0.04855764,0
C_ID_a181867d05,-55.94080344000001,107,1.2616822429906542,0.85189803,-0.5228112471028038,0.9439252336448598,1.74856066,0
C_ID_9255510f90,-93.15400487999999,134,0.04477611940298507,-0.29611244,-0.6951791408955224,0.8731343283582089,-1.55316832,0
C_ID_64108cf32b,-85.19449156000002,143,0.006993006993006993,1.50706897,-0.5957656752447553,0.9370629370629371,-0.563326,0
C_ID_0456f663a6,-3.1804664199999997,9,0.0,1.12344213,-0.35338515777777774,1.0,0.0,0
C_ID_1d31356909,-46.79862846999999,72,0.027777777777777776,-0.42684309,-0.6499809509722221,0.9027777777777778,0.0,0
C_ID_6f02b2b64e,-7.095007969999999,60,1.3833333333333333,3.56690321,-0.11825013283333333,0.9666666666666667,1.96949457,0
C_ID_a652d2a305,-326.68257237,459,0.004357298474945534,-0.52377912,-0.7117267371895425,0.9215686274509803,-2.23591437,0
C_ID_1a3bcf6bcf,-3.6567467199999997,10,1.5,0.30494803,-0.365674672,0.6,0.0,0
C_ID_56b43b9c29,-57.56625118,91,1.0,0.09387062,-0.6325961668131869,0.7582417582417582,0.0,0
C_ID_debbb24ab3,-0.06647727999999997,8,4.75,1.65372773,-0.008309659999999996,1.0,0.0,0
C_ID_10940b7edd,-15.972911599999998,26,1.1538461538461537,-0.30242358,-0.6143427538461538,0.7307692307692307,-1.30089008,0
C_ID_241604a8c7,-16.573040380000002,42,2.119047619047619,0.95108804,-0.3945961995238096,0.7857142857142857,0.43466532,0
C_ID_8900f9fe5a,-12.951050010000001,20,0.0,-0.43169666,-0.6475525005,1.0,-0.874367,0
C_ID_4bebfb4a4e,-79.19807188,137,1.1605839416058394,10.90570131,-0.5780881159124087,0.9416058394160584,-2.99715936,0
C_ID_4ca54df48d,-381.34884197999935,690,1.117391304347826,2.83826765,-0.5526794811304339,0.9623188405797102,0.18634219,0
C_ID_9054d583df,1.4697882000000038,73,1.2602739726027397,11.6725042,0.0201340849315069,0.9863013698630136,0.0,0
C_ID_7dd9bb1319,-20.411367460000008,30,0.16666666666666666,-0.00401208,-0.6803789153333336,0.5666666666666667,0.0,0
C_ID_892d1f47d0,88.33061474999998,277,1.0577617328519855,7.51602078,0.3188830857400721,0.9891696750902527,-1.1268588,0
C_ID_b0a3100978,-7.904380959999999,26,1.5384615384615385,5.64383762,-0.30401465230769226,1.0,-0.72220474,0
C_ID_0f69a63314,-297.30988916999974,434,0.002304147465437788,0.80022186,-0.6850458275806446,0.9953917050691244,0.0,0
C_ID_dea5bb0485,-140.81958784999998,259,0.011583011583011582,1.50706897,-0.5437049723938223,0.9691119691119691,0.39205546,0
C_ID_893cd4efa6,-54.00435176,79,0.05063291139240506,0.74372217,-0.6835993893670886,0.8354430379746836,0.0,0
C_ID_90e8230d0a,-68.70559963000002,97,0.020618556701030927,-0.39028359,-0.7083051508247425,0.8865979381443299,0.0,0
C_ID_54076146a4,-87.65437668000001,129,0.0,0.01493635,-0.6794912920930234,0.8217054263565892,0.54401125,0
C_ID_7131e66d88,-3.61836901,11,1.8181818181818181,0.55874581,-0.32894263727272727,0.8181818181818182,0.25951687,0
C_ID_0628f896c0,-20.514855089999998,31,0.0,-0.35847247,-0.661769519032258,1.0,-1.02728308,0
C_ID_00d052d422,-23.64260848,33,0.15151515151515152,-0.64623017,-0.7164426812121212,0.6060606060606061,0.0,0
C_ID_6ee1a07b42,-114.97280053000003,182,0.005494505494505495,0.2688844,-0.6317186842307694,0.9615384615384616,0.0,0
C_ID_faf0d24ac0,-21.161896670000004,32,1.21875,-0.41271817,-0.6613092709375001,0.96875,0.0,0
C_ID_3103dec3fb,12.32438433,4,5.5,6.7663481,3.0810960825,0.75,0.0,0
C_ID_bf62f4e6de,-16.968748600000005,39,1.8205128205128205,1.25761385,-0.43509611794871805,1.0,0.0,0
C_ID_cc59f192ef,-183.94008687000002,371,1.1940700808625337,8.25397277,-0.4957953823989219,0.9919137466307277,0.0,0
C_ID_6e57a1f931,-22.18416527,31,0.06451612903225806,-0.60911468,-0.715618234516129,0.8709677419354839,-4.07176059,0
C_ID_3866ccbf8c,-85.06413664000006,125,0.016,-0.29812599,-0.6805130931200004,0.736,0.0,0
C_ID_a72c7eb030,-32.391043630000006,46,0.021739130434782608,-0.55156314,-0.7041531223913045,0.8913043478260869,1.2796222,0
C_ID_b47a7dafeb,-34.18874044,52,1.1346153846153846,-0.01041337,-0.6574757776923076,0.9423076923076923,0.0,0
C_ID_53adc293f7,-122.53338997000002,180,0.0,-0.25403821,-0.680741055388889,0.9722222222222222,1.92966648,0
C_ID_426f4fc326,-71.66158505000003,103,0.0,-0.29611244,-0.6957435441747576,0.9029126213592233,0.0,0
C_ID_034322bdf8,-81.41951628999998,124,1.0,-0.27207002,-0.6566090023387094,0.9516129032258065,-0.25177751,0
C_ID_1609613c16,-136.96043397999992,194,0.0,-0.371245,-0.7059816184536079,0.9690721649484536,0.0,0
C_ID_034a997a5c,-0.6949160600000002,6,3.5,1.65583144,-0.11581934333333337,1.0,0.66689346,0
C_ID_6ce70dcc85,-37.41771238999999,78,1.3461538461538463,5.24867041,-0.4797142614102563,0.9871794871794872,0.0,0
C_ID_0af1b8cb35,-48.71312626999999,74,0.0,-0.05568825,-0.658285490135135,0.9324324324324325,0.0,0
C_ID_c04ede560d,-1.0399248,11,0.0,0.75574338,-0.09453861818181819,0.7272727272727273,-2.0128647,0
C_ID_e40a0d9fd8,-114.15340488000005,359,0.019498607242339833,4.24640207,-0.31797605816156005,0.8997214484679665,0.0,0
C_ID_ab5141e7b3,-91.13414110999993,133,0.0,-0.27207002,-0.6852191060902251,0.9473684210526315,-0.17806836,0
C_ID_aecc039223,-17.515307880000005,29,1.1724137931034482,1.08617638,-0.6039761337931037,1.0,0.0,0
C_ID_4c8a578a2a,-21.683932669999997,37,1.0,-0.50003723,-0.5860522343243243,0.43243243243243246,0.0,0
C_ID_193bd0f9f4,-18.40483228,85,1.6,8.33211063,-0.2165274385882353,0.9647058823529412,-0.40961092,0
C_ID_3181c435e2,-15.407974850000002,28,0.17857142857142858,0.13585469,-0.5502848160714287,0.7142857142857143,-0.42785219,0
C_ID_9920adf0a6,-43.23660885,61,0.0,-0.44642264,-0.7087968663934426,0.8524590163934426,1.00832952,0
C_ID_adb574cae9,-10.275834999999999,17,1.4705882352941178,-0.43698599,-0.6044608823529412,1.0,-0.00789583,0
C_ID_0b740e0238,-210.93900208000008,292,0.0,-0.43322936,-0.7223938427397263,0.9726027397260274,0.0,0
C_ID_9b7adac2d9,-103.45733837999998,158,1.139240506329114,-0.16090389,-0.6547932808860758,0.8670886075949367,3.71159723,0
C_ID_b2a0abf670,-35.704900370000004,87,1.5862068965517242,2.99995292,-0.410401153678161,0.9080459770114943,-2.49665387,0
C_ID_979903da17,-211.84024702999994,305,0.003278688524590164,-0.28739706,-0.6945581869836064,0.9737704918032787,-0.20584055,0
C_ID_2c427d9c01,-37.914233420000016,60,1.1666666666666667,0.15934113,-0.6319038903333336,0.8333333333333334,-0.71076965,0
C_ID_e6c43a9a1a,-26.86594554999999,43,1.1395348837209303,0.17000995,-0.6247894313953486,1.0,0.0,0
C_ID_5815158274,-13.069909670000005,32,0.875,0.78898203,-0.40843467718750015,0.59375,0.0,0
C_ID_cab2b34c05,-50.48610437000001,73,0.0,-0.14734997,-0.6915904708219179,0.9452054794520548,0.27405378,0
C_ID_df44c04e1e,0.3409215,2,3.5,1.05627362,0.17046075,1.0,-0.82464099,0
C_ID_43d4b5018a,-34.87920863000001,49,0.0,-0.5366869,-0.7118205842857145,0.8775510204081632,1.92071441,0
C_ID_650243e6ff,-32.69382787000001,50,0.02,-0.49897035,-0.6538765574000002,0.8,-1.74409871,0
C_ID_50724eaa0e,-3.44610509,27,2.6666666666666665,3.98494077,-0.12763352185185187,0.9629629629629629,2.01728267,0
C_ID_2226f404d3,-11.374077689999998,21,0.9523809523809523,-0.26605942,-0.5416227471428571,1.0,-0.63203939,0
C_ID_2409f64e0e,-129.67484482999998,187,0.0053475935828877,2.02848893,-0.6934483680748662,0.9625668449197861,0.66759537,0
C_ID_80aa703136,-15.644657419999996,23,0.0,-0.41632454,-0.6802024965217389,0.8695652173913043,1.63444806,0
C_ID_89230167bd,-18.93020424,30,1.5,-0.3643328,-0.631006808,0.9666666666666667,0.0,0
C_ID_1c7e8357b3,-25.48984764,38,1.0789473684210527,-0.55758877,-0.6707854642105263,0.868421052631579,0.0,0
C_ID_d3562740d6,-4.212321950000001,16,1.3125,3.22009132,-0.26327012187500004,1.0,-0.00960807,0
C_ID_f87fb22925,-15.217363529999998,66,2.1515151515151514,1.05627362,-0.23056611409090907,0.9545454545454546,0.0,0
C_ID_ee07bf6930,-30.99033237,43,0.023255813953488372,-0.66426198,-0.7207054039534884,0.8604651162790697,0.0,0
C_ID_d4fd897fba,-65.62505963000001,104,1.1057692307692308,0.71667445,-0.6310101887500001,0.875,0.20938718,0
C_ID_f04534f6cc,-18.38983585,30,1.4333333333333333,0.27489501,-0.6129945283333333,0.9333333333333333,0.0,0
C_ID_6ecf9f9c61,-56.45732463000003,83,0.0,-0.35621849,-0.6802087304819281,0.9397590361445783,0.01554794,0
C_ID_d661e37515,-64.91457608999997,117,1.2307692307692308,1.95786433,-0.5548254366666664,0.9829059829059829,0.0,0
C_ID_60b7b53e49,-28.21939844,43,1.0,-0.44748952,-0.65626508,0.8837209302325582,0.58514684,0
C_ID_a48058b0d1,-21.405791980000004,47,0.0,0.59596648,-0.4554423825531916,0.9574468085106383,0.0,0
C_ID_4a96688cfd,-19.63330972,31,0.06451612903225806,-0.1001517,-0.6333325716129032,0.8387096774193549,3.88698362,0
C_ID_87fc2fb587,-16.583619049999996,26,1.4615384615384615,-0.1078603,-0.6378315019230768,0.9230769230769231,-0.04521274,0
C_ID_691e9bfc05,-60.04425821000002,96,1.34375,-0.07522272,-0.6254610230208335,0.9583333333333334,-0.10952833,0
C_ID_201b0cbbd5,-18.193093729999998,28,0.03571428571428571,-0.20309833,-0.6497533474999999,0.9642857142857143,0.0,0
C_ID_9b5d5b914b,18.588110650000004,47,2.276595744680851,13.67854353,0.3954917159574469,0.9574468085106383,0.0,0
C_ID_f6f5b1489c,-85.67535500000002,136,0.0,0.56220191,-0.6299658455882354,0.9852941176470589,0.63423904,0
C_ID_a01f29f755,-209.93260144,315,0.0,1.14643269,-0.6664527029841271,0.9650793650793651,-0.16826559,0
C_ID_745f0519e7,-9.68293395,20,1.15,1.09890383,-0.48414669750000006,0.95,0.0,0
C_ID_43c609a7af,-20.183881170000006,32,0.03125,0.07955035,-0.6307462865625002,0.9375,-2.48767009,0
C_ID_bc662c5aee,-22.142256349999997,33,0.0,-0.57782948,-0.670977465151515,0.9090909090909091,0.0,0
C_ID_c0ffd47785,-9.97028593,18,2.1666666666666665,-0.10081287,-0.5539047738888888,0.4444444444444444,0.0,0
C_ID_8433749277,-190.3168426099999,265,0.011320754716981131,-0.54158554,-0.7181767645660373,0.9320754716981132,0.0,0
C_ID_3bd6651dbc,-97.86101463999998,146,1.0753424657534247,0.15468291,-0.6702809221917807,0.9863013698630136,1.0390033,0
C_ID_796b8b449f,-50.06434027000001,85,1.1411764705882352,1.13528302,-0.5889922384705883,1.0,0.0,0
C_ID_7375bb02bf,-42.09844076000001,71,1.4366197183098592,0.34983222,-0.5929357853521128,0.971830985915493,-1.16934581,0
C_ID_5a1f8167ff,-48.77375824000001,80,0.0,0.62050478,-0.6096719780000001,0.9875,0.0,0
C_ID_2c4b25e428,-33.23475224,52,1.3653846153846154,0.09152648,-0.6391298507692308,0.8269230769230769,0.0,0
C_ID_93209c54c2,-19.82410137,29,0.0,-0.56673992,-0.6835897024137931,0.8620689655172413,0.0,0
C_ID_f8e93aefc0,-35.203075019999986,112,2.419642857142857,5.26369692,-0.31431316982142843,0.9910714285714286,-4.17554761,0
C_ID_99284b8ae5,-7.51229424,30,2.1333333333333333,2.57244866,-0.250409808,0.8,1.02824721,0
C_ID_02728a62fa,-51.49490930000001,71,0.04225352112676056,-0.68265443,-0.7252804126760565,0.8591549295774648,0.0,0
C_ID_3820644587,33.641610070000006,52,1.7692307692307692,18.99041545,0.6469540398076924,0.8076923076923077,-2.39174402,0
C_ID_7709b504c1,-25.36867384,36,0.027777777777777776,-0.60438133,-0.7046853844444444,0.8611111111111112,2.36975662,0
C_ID_9473a3dbe1,-18.17776666,36,0.0,0.24592389,-0.5049379627777778,0.9166666666666666,-0.08847543,0
C_ID_60bc8ac577,-14.19700322,40,2.125,3.30964933,-0.3549250805,0.875,0.0,0
C_ID_b90d2e1a23,-38.83840897000002,65,1.6923076923076923,-0.1508812,-0.5975139841538464,0.8769230769230769,0.0,0
C_ID_84f6829961,-72.82218768000003,144,0.05555555555555555,4.66263645,-0.5057096366666669,0.8472222222222222,0.0,0
C_ID_c83d7e025a,-17.434329940000005,25,0.36,-0.44788021,-0.6973731976000002,0.56,0.0,0
C_ID_a6a806f2b0,-41.67027525,111,1.4954954954954955,2.89643528,-0.3754078851351352,0.8288288288288288,0.0,0
C_ID_1825e5976f,-94.47385852999997,151,1.0596026490066226,-0.25854616,-0.6256546922516555,0.9668874172185431,0.26397121,0
C_ID_39d1411323,-17.91556911,38,1.0,-0.34158267,-0.471462345,0.8421052631578947,-0.20139848,0
C_ID_9cd75b1d71,-17.35981352,27,1.8888888888888888,0.00296022,-0.6429560562962963,0.5925925925925926,0.0,0
C_ID_8c1346ca58,-4.902594820000001,10,4.0,0.24655501,-0.4902594820000001,1.0,1.34626353,0
C_ID_3156bf4307,-18.675730220000002,30,1.0666666666666667,-0.38114747,-0.6225243406666667,0.9666666666666667,1.00112361,0
C_ID_e1fafad9d7,-13.16376529,22,0.0,-0.3488555,-0.5983529677272728,0.7727272727272727,0.0,0
C_ID_b7d3202310,-17.65717314,41,1.146341463414634,0.55213415,-0.4306627595121951,0.6097560975609756,-1.48222403,0
C_ID_461a5799ca,-1.7168691200000006,56,2.25,6.28440279,-0.030658377142857154,0.9642857142857143,0.0,0
C_ID_a7d84f0d4c,-31.809532680000004,46,0.021739130434782608,-0.52152514,-0.6915115800000001,0.8913043478260869,-2.93782148,0
C_ID_faca10f5c6,-380.9334041500001,717,1.1757322175732217,6.82645415,-0.5312878718967924,0.9916317991631799,0.81093097,0
C_ID_de27523219,-6.22498797,10,0.1,-0.48370341,-0.622498797,0.8,0.0,0
C_ID_b3357676bd,-44.9989482,62,0.03225806451612903,-0.67252656,-0.7257894870967742,0.8225806451612904,-0.89884304,0
C_ID_11b6eae61b,-5.1782711899999985,57,1.4385964912280702,1.99658765,-0.09084686298245612,0.9473684210526315,0.22875483,0
C_ID_1553b27319,-67.76856142000003,108,1.0740740740740742,1.50706897,-0.6274866798148151,0.9722222222222222,-0.75858752,0
C_ID_3e77b46c6a,-39.707467269999995,61,1.4426229508196722,0.30494803,-0.6509420863934425,0.9836065573770492,-33.21928095,0
C_ID_2ef6c91732,-10.32530228,48,0.9166666666666666,3.31768851,-0.21511046416666668,0.9583333333333334,-0.70328921,0
C_ID_ea129c8d5e,-40.577051520000005,86,1.3604651162790697,5.35242848,-0.4718261804651163,0.8953488372093024,-0.99476007,0
C_ID_461c859c79,-84.39961917999999,155,1.0064516129032257,2.82940201,-0.5445136721290322,0.9806451612903225,-1.63811307,0
C_ID_41d95185e5,-74.55839598,113,0.017699115044247787,0.62451686,-0.6598088139823008,0.911504424778761,0.05228997,0
C_ID_9fafa21e85,-58.372513650000045,133,0.022556390977443608,0.84740511,-0.4388910800751883,0.9398496240601504,1.47548488,0
C_ID_11e526d32e,-63.169712560000015,109,0.01834862385321101,0.57542524,-0.5795386473394497,0.926605504587156,-0.08257743,0
C_ID_45982e99e9,-64.29880458,110,1.309090909090909,0.56676997,-0.584534587090909,0.990909090909091,1.56824299,0
C_ID_70f58198b1,-72.42137057000002,219,0.0136986301369863,8.26899928,-0.3306911898173517,0.863013698630137,0.0,0
C_ID_155bfd3bf0,-56.122143210000004,81,0.08641975308641975,-0.49159233,-0.6928659655555556,0.8641975308641975,2.5006048,0
C_ID_9c315d7a13,-31.866663469999995,49,0.0,0.32282958,-0.6503400708163264,0.8367346938775511,-2.66927293,0
C_ID_b823a463db,-45.78167919999999,69,0.014492753623188406,-0.14584732,-0.6635025971014492,0.9130434782608695,-0.78145843,0
C_ID_dae2eb2855,-62.318009860000004,108,0.009259259259259259,3.91131086,-0.5770186098148149,0.9444444444444444,0.0,0
C_ID_e17950f105,-2.64447074,9,6.111111111111111,0.1396564,-0.29383008222222223,1.0,-4.13623139,0
C_ID_a2c040695b,-21.510060950000003,33,0.09090909090909091,-0.20595337,-0.6518200287878789,0.8181818181818182,0.76069033,0
C_ID_bcd3198e99,-8.766121400000001,18,1.0,0.61823577,-0.48700674444444453,0.7777777777777778,3.30345794,0
C_ID_f4c129bfe4,-68.44216982000003,113,1.0884955752212389,4.06142571,-0.6056829187610623,0.9911504424778761,-0.34956735,0
C_ID_c0d523e302,-37.06603190999999,96,1.59375,3.61078063,-0.38610449906249994,1.0,0.49162055,0
C_ID_52de53e0e1,-18.74321429,29,0.9310344827586207,0.10810073,-0.646317734137931,0.8620689655172413,0.0,0
C_ID_a4925eb23c,-48.36448118000001,109,0.027522935779816515,0.75574338,-0.4437108365137616,0.8899082568807339,-0.39611004,0
C_ID_84f02c9c9a,-19.02464583,29,0.0,-0.25088264,-0.65602227,1.0,-2.07359449,0
C_ID_4bdb2cebcc,-44.66989763999999,65,0.0,-0.29612747,-0.6872291944615383,0.8769230769230769,-33.21928095,0
C_ID_6bf219943d,-33.852627389999995,62,0.9838709677419355,0.59646236,-0.5460101191935484,1.0,-1.65594253,0
C_ID_2ac816a83d,-73.01643548000003,129,0.015503875968992248,1.5530501,-0.5660188796899227,0.9302325581395349,-1.24751022,0
C_ID_8bf566e60b,-79.35956182000002,114,0.017543859649122806,-0.23600639,-0.6961365071929827,0.8596491228070176,0.09992019,0
C_ID_ead63f2fe6,-69.19806354,99,0.010101010101010102,0.08616202,-0.6989703387878788,0.8787878787878788,0.0,0
C_ID_8853e41689,-73.34195474999997,109,1.2110091743119267,0.00441779,-0.6728619701834859,0.8440366972477065,-0.44258659,0
C_ID_455162ea9c,-134.40068288,228,1.219298245614035,1.95636168,-0.5894766792982457,0.9736842105263158,0.31042112,0
C_ID_2ed026f6c9,-9.48775457,14,0.14285714285714285,-0.37689497,-0.677696755,0.6428571428571429,0.0,0
C_ID_f3af0a2bcb,-81.89445923000001,133,1.0150375939849625,1.0262206,-0.6157478137593986,1.0,-0.02342879,0
C_ID_45d00aa3b0,1.0780770900000003,9,5.666666666666667,2.10797918,0.11978634333333336,0.6666666666666666,-0.20935426,0
C_ID_a7902c23d3,-11.441201110000002,19,1.7894736842105263,-0.14284202,-0.6021684794736842,0.9473684210526315,2.89549168,0
C_ID_be3c18c93b,-125.24764384999997,197,0.015228426395939087,0.25875653,-0.6357748418781725,0.9543147208121827,0.0,0
C_ID_2552115c57,-104.06415404000002,184,1.2445652173913044,1.20503609,-0.5655660545652175,0.9565217391304348,-4.17577328,0
C_ID_4b52ad2c49,-23.64433653000001,51,0.0,1.37710467,-0.4636144417647061,0.9215686274509803,0.35670334,0
C_ID_495e3a5359,-49.71581526999997,83,1.2771084337349397,1.05266726,-0.598985726144578,0.9759036144578314,-0.52612225,0
C_ID_a9590df940,25.886472379999994,25,2.24,6.46581787,1.0354588951999997,0.8,0.0,0
C_ID_a7a7890cc2,-88.43764856999998,139,0.02158273381294964,1.24109972,-0.6362420760431653,0.8201438848920863,-2.53018864,0
C_ID_72556898d5,-31.302072340000006,44,0.022727272727272728,-0.65073812,-0.7114107350000002,0.7045454545454546,0.0,0
C_ID_839dc3da26,-71.64329772000002,100,0.0,-0.62671073,-0.7164329772000002,0.99,-1.75781551,0
C_ID_b6e00aa110,-6.629456619999999,19,1.5789473684210527,0.60713118,-0.34891876947368416,1.0,1.12766476,0
C_ID_492c5a265c,-44.263640890000005,83,0.03614457831325301,3.3334964,-0.5332968781927712,0.927710843373494,0.0,0
C_ID_c917fd158c,-30.99461489999999,77,1.0649350649350648,3.00972015,-0.4025274662337661,0.935064935064935,1.09371066,0
C_ID_eea6eae1a2,-220.67003585000018,327,0.03058103975535168,0.27113838,-0.6748319139143736,0.8837920489296636,2.98324243,0
C_ID_e7da37b9d0,-9.53690631,32,3.71875,1.50706897,-0.2980283221875,0.8125,-2.57248545,0
C_ID_bb21f1ad44,-24.010036749999994,34,0.0,-0.5966577,-0.706177551470588,0.8529411764705882,0.0,0
C_ID_7c3119e4da,-36.694471289999996,53,0.0,-0.29611244,-0.6923485149056603,0.8113207547169812,-2.47763136,0
C_ID_ce9e856cc6,-8.596336840000001,22,1.9545454545454546,1.76071649,-0.39074258363636366,0.8636363636363636,-1.16630879,0
C_ID_e288172d9b,-107.15787244,173,0.0,0.37857794,-0.619409667283237,0.9364161849710982,0.52048501,0
C_ID_626d363679,-40.55948548999999,66,0.015151515151515152,1.29669781,-0.6145376589393938,0.8484848484848485,0.0,0
C_ID_9d769a6027,-81.57752005000008,193,1.067357512953368,11.97453709,-0.4226814510362698,0.9948186528497409,-1.02113177,0
C_ID_a0872e31b5,-7.16286769,15,0.0,1.02024004,-0.4775245126666666,1.0,3.50482453,0
C_ID_0ec7f29bc8,-32.03715426,50,0.0,0.02978255,-0.6407430852,0.96,-2.64494581,0
C_ID_b2e8b24591,-53.248443060000014,77,0.025974025974025976,-0.44637756,-0.6915382215584417,0.8961038961038961,0.0,0
C_ID_252ed545e3,-10.74335487,16,0.0,-0.49536399,-0.671459679375,0.9375,0.41047652,0
C_ID_ead550acfb,-76.67552629000001,108,0.018518518518518517,-0.56658965,-0.7099585767592593,0.8518518518518519,0.0,0
C_ID_877bb60441,-22.677004860000007,53,0.0,1.05627362,-0.42786801622641524,0.9811320754716981,0.0,0
C_ID_20eedacd26,-129.22313283000005,203,1.2561576354679802,7.06686331,-0.6365671567980298,0.9802955665024631,-1.95077402,0
C_ID_5e8dad0412,-28.650464009999997,46,1.608695652173913,0.30494803,-0.6228361741304347,0.8478260869565217,0.5985058,0
C_ID_612016dc72,-5.742065929999999,8,0.0,-0.6753816,-0.7177582412499999,1.0,0.14376346,0
C_ID_edc21eb78b,-30.763957909999988,54,1.037037037037037,-0.22097988,-0.5697029242592591,0.9444444444444444,-1.26530225,0
C_ID_3cc4079156,-44.490571250000016,123,0.008130081300813009,5.72951879,-0.361711961382114,0.943089430894309,0.08455073,0
C_ID_af039cb5fe,-47.98378446,67,0.0,-0.58912942,-0.7161758874626866,0.9850746268656716,0.0,0
C_ID_f61641fbed,-105.76374255999994,207,1.3768115942028984,6.94065564,-0.5109359543961349,0.6811594202898551,0.0,0
C_ID_bb1fb2864e,-17.13721078,32,0.125,0.26113072,-0.535537836875,0.46875,0.0,0
C_ID_9392e0d1ef,-57.91397970000002,88,1.3636363636363635,0.45521315,-0.6581134056818184,0.8068181818181818,0.0,0
C_ID_2bad50763a,-71.82038523999998,159,1.2327044025157232,3.23677075,-0.4517005361006288,0.9622641509433962,0.0,0
C_ID_c23841f575,-24.628242389999997,42,1.619047619047619,0.4226507,-0.5863867235714285,0.6190476190476191,-0.76588042,0
C_ID_76bbd5d68e,-58.42011752000001,166,0.012048192771084338,5.59743575,-0.3519284187951808,0.9397590361445783,0.0,0
C_ID_595dd6d176,-34.41281572000002,88,1.1818181818181819,4.81139892,-0.3910547240909093,0.9772727272727273,0.4019003,0
C_ID_19a71d3316,-3.9102890599999998,8,0.125,-0.16423977,-0.48878613249999997,0.75,0.98620444,0
C_ID_7f9720d7a9,-47.987631229999984,70,0.014285714285714285,-0.21608124,-0.6855375889999997,0.9285714285714286,0.49275842,0
C_ID_32ad2e59b4,-75.19969751000004,159,1.7106918238993711,3.61829388,-0.4729540723899373,0.9874213836477987,0.38491904,0
C_ID_79bf8cb7e6,-29.869219329999996,45,0.022222222222222223,-0.50077353,-0.6637604295555555,0.8444444444444444,-0.58586658,0
C_ID_445672f691,-34.28916257,52,0.038461538461538464,-0.10793543,-0.6594069725,0.8846153846153846,3.24927953,0
C_ID_5f5eae586f,-99.84113318000001,143,0.006993006993006993,0.43567868,-0.6981897425174827,0.8321678321678322,0.0,0
C_ID_90645b95af,-330.4176375699997,533,1.0412757973733584,1.50706897,-0.6199205207692302,0.975609756097561,0.2625109,0
C_ID_e5fa6560cd,-17.229774109999994,39,0.0,1.31839609,-0.4417890797435896,0.6923076923076923,-0.78868571,0
C_ID_8e50c37d59,-13.33933505,20,0.0,-0.55554517,-0.6669667525,0.85,0.89357264,0
C_ID_bda8737798,-3.5636274499999994,14,2.142857142857143,0.75574338,-0.25454481785714284,0.6428571428571429,0.0,0
C_ID_d316eac5cf,-14.149504440000001,22,1.0,-0.41091499,-0.6431592927272728,0.9545454545454546,0.62655232,0
C_ID_40453429a9,-35.7373126,50,0.0,-0.53653663,-0.7147462520000001,0.94,-0.83451293,0
C_ID_cf736bcf39,-37.51310062999999,53,0.018867924528301886,-0.52301277,-0.7077943515094338,0.7924528301886793,0.0,0
C_ID_16a4e1920d,-7.4144716,30,0.9666666666666667,2.11009792,-0.2471490533333333,0.6333333333333333,0.0,0
C_ID_f882cb5699,-78.48471829999995,113,1.1415929203539823,0.03441071,-0.6945550292035394,0.9911504424778761,0.0,0
C_ID_cfd693e476,-79.49495069000002,120,0.008333333333333333,-0.36237936,-0.6624579224166669,0.9583333333333334,-0.07883967,0
C_ID_2ecb186168,-57.93603859,103,0.04854368932038835,2.26139987,-0.562485811553398,0.8737864077669902,0.0,0
C_ID_f5d8f3b04c,-65.07369174000003,91,0.02197802197802198,-0.52151012,-0.7150955136263739,0.5714285714285714,0.07899039,0
C_ID_fbc268cd01,-7.5523098,31,2.193548387096774,1.50105837,-0.24362289677419355,0.9032258064516129,1.60856045,0
C_ID_0609e1e539,-6.6026493,15,2.2,0.00431261,-0.44017662,0.7333333333333333,0.0,0
C_ID_7b43a2102a,-39.45616387,60,1.2166666666666666,0.00441779,-0.6576027311666667,0.9,1.72521914,0
C_ID_2ce8eefb69,-18.131199490000004,30,1.3333333333333333,-0.02563523,-0.6043733163333335,0.8333333333333334,0.0,0
C_ID_c8e20d9aa0,-35.12015874000001,52,0.0,-0.52151012,-0.6753876680769232,0.9807692307692307,1.01077057,0
C_ID_ed7f233c57,-60.51705233000001,91,0.0,-0.44788021,-0.6650225530769233,0.9340659340659341,-1.2422009,0
C_ID_4271874fee,-11.035320000000002,15,0.0,-0.73338393,-0.7356880000000001,0.5333333333333333,0.0,0
C_ID_c7e29c942e,-29.205693600000004,42,0.0,-0.36373174,-0.6953736571428573,0.9523809523809523,1.37933323,0
C_ID_11d950a6ce,-53.32228331000002,84,0.9880952380952381,0.35303287,-0.6347890870238098,0.9166666666666666,-0.03061918,0
C_ID_cad6796d8b,-20.252582340000004,41,5.365853658536586,0.68361613,-0.4939654229268294,0.5609756097560976,-33.21928095,0
C_ID_7361481036,-8.52248154,16,1.3125,0.51351601,-0.53265509625,0.875,-0.74738554,0
C_ID_fe01ec798f,-35.690189450000005,51,0.0,-0.27507532,-0.6998076362745099,0.9803921568627451,-1.36043447,0
C_ID_74e9011c58,-18.868745830000005,37,1.3783783783783783,0.14852204,-0.5099661035135137,0.8918918918918919,0.0,0
C_ID_595b6924f0,-106.96120532999996,166,0.006024096385542169,0.1396564,-0.6443446104216864,0.9096385542168675,0.0,0
C_ID_6943a095cc,65.11528511999998,26,3.730769230769231,12.77695282,2.5044340430769223,0.8076923076923077,0.05795724,0
C_ID_a39d6ebec2,-4.15350817,19,2.0,1.2816713,-0.21860569315789474,0.7894736842105263,-1.52323178,0
C_ID_d0045b9ec3,-7.3771457499999995,13,1.0769230769230769,-0.28563896,-0.56747275,0.9230769230769231,-0.83296143,0
C_ID_8517531628,-244.58115315999973,356,0.028089887640449437,0.45521315,-0.6870257111235948,0.8539325842696629,0.0,0
C_ID_4f353da13d,-12.72780107,25,0.0,0.11453207,-0.5091120428,0.96,0.0960451,0
C_ID_6fef0adfcc,-69.47273315000001,104,0.028846153846153848,0.07955035,-0.6680070495192308,0.9615384615384616,0.0,0
C_ID_0e89c2330a,-104.04777514999996,169,1.0946745562130178,0.43542323,-0.6156673085798814,0.8994082840236687,1.27868623,0
C_ID_9e6a6889ff,-26.96375304,38,0.0,-0.54242702,-0.7095724484210526,0.8421052631578947,-0.18668113,0
C_ID_db2229477b,-108.50109227999998,164,0.0,0.75574338,-0.6615920260975608,0.975609756097561,0.17709971,0
C_ID_ea2efab346,-15.081824429999998,35,1.6,0.88958452,-0.4309092694285714,0.8571428571428571,0.0,0
C_ID_c31bd3889b,-85.40367569000001,143,1.027972027972028,1.91571496,-0.5972285013286714,0.9370629370629371,-1.30463514,0
C_ID_ed0b2de4ee,-69.47231250000004,107,0.0,0.41617427,-0.6492739485981313,0.9439252336448598,0.0,0
C_ID_cdd094ed2b,-32.763520840000005,60,0.05,-0.16422475,-0.5460586806666667,0.9333333333333333,-0.61574778,0
C_ID_88ad9c7154,-3.40601436,7,1.2857142857142858,0.15994219,-0.48657348,1.0,1.88922453,0
C_ID_0bc89f33ea,-5.326432629999999,9,1.2222222222222223,0.06151854,-0.5918258477777777,0.6666666666666666,0.0,0
C_ID_2b5354cd68,-92.34180682999995,142,1.1126760563380282,0.47324496,-0.6502944142957743,0.852112676056338,0.0,0
C_ID_dde6088339,-6.12303307,11,2.727272727272727,-0.23758418,-0.55663937,1.0,1.12287528,0
C_ID_3d1ecb84b0,-131.75831568999996,193,0.0,0.08855123,-0.6826855735233158,0.9637305699481865,0.37509276,0
C_ID_dd179c1c45,-17.824718750000002,31,1.5806451612903225,0.22200169,-0.5749909274193549,0.8709677419354839,0.0,0
C_ID_bd54d5fc16,-36.85304613000001,59,1.576271186440678,0.71066385,-0.6246279005084747,0.9661016949152542,-4.13994011,0
C_ID_2b81147f83,-5.168353710000001,7,0.14285714285714285,-0.72737333,-0.7383362442857144,0.8571428571428571,0.0,0
C_ID_4f85bac8ca,-25.207078739999986,36,0.0,-0.67177524,-0.7001966316666662,0.9444444444444444,-0.29990708,0
C_ID_936c4a8ae3,-5.50391071,18,1.4444444444444444,0.60547827,-0.30577281722222227,0.8333333333333334,0.10521672,0
C_ID_d6a98870ed,-57.38468580999999,89,1.2808988764044944,0.75574338,-0.6447717506741573,0.9775280898876404,0.21275083,0
C_ID_b36a77b52e,-26.56681273,40,0.0,-0.53178825,-0.66417031825,0.9,0.62544018,0
C_ID_37a8e4455d,-56.80328002000002,85,0.0,-0.1972981,-0.6682738825882355,0.9176470588235294,0.0,0
C_ID_eb63129f58,-40.42505832000002,64,0.0,0.45521315,-0.6316415362500003,0.96875,-1.52192231,0
C_ID_e317ef3079,-26.315314029999996,47,1.5319148936170213,0.40863096,-0.5599002985106382,0.9148936170212766,0.0,0
C_ID_6893bcd6ab,-74.50210667000002,107,0.028037383177570093,-0.47643058,-0.6962813707476637,0.9252336448598131,0.0,0
C_ID_4ecb36526d,-33.44862453999999,51,1.7450980392156863,-0.25163397,-0.6558553831372547,0.8823529411764706,2.64114719,0
C_ID_76edd9007d,-16.586984980000004,23,0.0,-0.64803335,-0.7211732600000001,0.8695652173913043,-0.36619494,0
C_ID_580d8b7880,-17.44522423,34,0.0,1.3553012,-0.5130948302941176,0.8529411764705882,0.0,0
C_ID_7b30bb5f7a,-9.02493801,30,0.06666666666666667,0.32319022,-0.300831267,0.8666666666666667,0.3303913,0
C_ID_be6eba000b,-96.53423365999997,156,1.0192307692307692,1.68738712,-0.6188091901282049,0.9935897435897436,-0.11890291,0
C_ID_4a4c5bc1bf,-127.31108439999997,217,1.1935483870967742,0.75572836,-0.5866870248847925,0.9907834101382489,0.0,0
C_ID_a2f4095ec8,-2.61973711,35,1.7428571428571429,3.31025039,-0.07484963171428571,0.9714285714285714,1.36197227,0
C_ID_00032df08f,-53.01574258000002,145,1.289655172413793,3.0126353,-0.3656258108965519,0.8620689655172413,0.0,0
C_ID_b135926037,-64.74588843999999,97,0.0,-0.4227108,-0.6674833859793813,0.845360824742268,0.12471974,0
C_ID_8541cd1c9d,-1.43536246,2,1.0,-0.68995732,-0.71768123,1.0,1.72569224,0
C_ID_75c044381a,-25.033492419999998,45,1.6,0.27940296,-0.5562998315555555,0.9555555555555556,1.29890509,0
C_ID_6066ad4a91,-73.12739125000002,105,1.3904761904761904,-0.29641297,-0.6964513452380954,0.9904761904761905,0.0,0
C_ID_3b8580cf51,-170.05013538000003,248,0.028225806451612902,-0.34879539,-0.6856860297580646,0.9274193548387096,-1.64319742,0
C_ID_e528efeaf7,-11.250725009999998,17,0.058823529411764705,-0.37778153,-0.6618073535294117,0.9411764705882353,-2.046549,0
C_ID_f140966297,-157.39833827999988,268,0.0,1.97164364,-0.5873072323880593,0.914179104477612,-2.05107217,0
C_ID_fbe1bfa3a3,-23.109017049999995,32,0.03125,-0.629701,-0.7221567828124998,0.84375,0.0,0
C_ID_ad477ed9ba,-74.87213452000002,109,0.009174311926605505,-0.51626587,-0.6869003166972478,0.963302752293578,2.46551988,0
C_ID_1b08a06eb6,-29.901030420000005,66,2.409090909090909,2.52812045,-0.45304591545454553,1.0,3.92697102,0
C_ID_b852742f6a,-120.75635463000003,167,0.005988023952095809,-0.37875826,-0.7230919438922158,0.9520958083832335,0.50010833,0
C_ID_1590e261f4,-12.476693059999999,21,1.619047619047619,-0.05869356,-0.5941282409523809,0.8571428571428571,-0.66289295,0
C_ID_abbd1b1fab,-16.682147890000003,33,0.030303030303030304,0.15318026,-0.5055196330303031,0.8181818181818182,-3.99429889,0
C_ID_2ffbc0feb8,-51.56508302,84,1.1428571428571428,-0.10227044,-0.613870035952381,0.7857142857142857,-0.56265376,0
C_ID_d8dcecdfa0,-382.1044051099995,567,1.0793650793650793,0.20877835,-0.6739054763844788,0.9805996472663139,0.21151311,0
C_ID_964625e82b,-103.02693393,144,0.04861111111111111,-0.52151012,-0.7154648189583334,0.9305555555555556,-0.48877488,0
C_ID_341dc1fabc,-6.88522285,26,1.3846153846153846,3.64083365,-0.26481626346153847,1.0,0.0,0
C_ID_f9247257f6,-30.64068041,44,0.0,-0.48694914,-0.6963791002272728,0.8863636363636364,-1.39369352,0
C_ID_80cf15a38b,-11.12002446,21,1.3333333333333333,0.22380487,-0.5295249742857143,0.8571428571428571,2.11268876,0
C_ID_377bad9437,-59.63801647000001,90,0.011111111111111112,0.33500105,-0.6626446274444445,0.9333333333333333,0.0,0
C_ID_140bc9fbc8,15.19823476,31,1.967741935483871,4.57247738,0.49026563741935486,0.7741935483870968,3.33769915,0
C_ID_d7ab6b1b36,-230.1045816300002,363,0.0,-0.30927567,-0.6338969190909097,0.9944903581267218,-0.12833645,0
C_ID_4c8a7df3b9,-86.32308785000001,127,0.031496062992125984,-0.22097988,-0.6797093531496063,0.9133858267716536,-0.30852454,0
C_ID_5765b19cbf,-75.20100476000005,104,0.0,-0.49832421,-0.7230865842307697,1.0,-0.26523494,0
C_ID_da5dd64a61,-185.24928684999998,310,0.041935483870967745,6.15401775,-0.5975783446774193,0.8935483870967742,-0.3904318,0
C_ID_0fa2f5de8a,-36.62629605,57,0.017543859649122806,0.59045175,-0.642566597368421,0.8421052631578947,0.03726997,0
C_ID_b1cb70bf83,-309.5808843699999,474,1.128691983122363,2.70768727,-0.6531242286286918,0.9556962025316456,-1.58436168,0
C_ID_73d5f14f6b,-6.011416179999999,9,1.0,-0.66441225,-0.667935131111111,0.6666666666666666,-2.25096157,0
C_ID_0c9ad92355,-62.212658929999996,125,0.96,2.25839456,-0.49770127144,1.0,-0.25515098,0
C_ID_5e35548b1a,-29.188984110000007,43,0.813953488372093,-0.36838996,-0.6788135839534886,0.813953488372093,0.0,0
C_ID_9f03f228a3,-3.68020311,5,0.0,-0.73161081,-0.736040622,0.8,0.0,0
C_ID_8f71e39f34,-20.029093070000005,29,1.103448275862069,-0.32766812,-0.6906583817241381,0.6896551724137931,-1.04383682,0
C_ID_2a5e418309,-12.23916899,21,1.8571428571428572,0.04979786,-0.582817570952381,0.9523809523809523,0.0,0
C_ID_3e938e8745,-1.2627228600000002,14,3.857142857142857,2.0480234,-0.09019449000000002,0.8571428571428571,0.19050477,0
C_ID_53fc33bf59,-41.95182705999999,72,0.0,-0.19505915,-0.5826642647222221,0.9027777777777778,0.0,0
C_ID_ca1c106d5e,-105.75026383000007,152,0.0,-0.34807412,-0.695725419934211,0.9868421052631579,0.0,0
C_ID_46bab82c51,-71.33178319000001,105,0.0,-0.52151012,-0.6793503160952382,0.9523809523809523,0.0,0
C_ID_3c62f83003,-27.95290329,41,0.0,-0.29611244,-0.6817781290243902,0.8780487804878049,0.01889864,0
C_ID_21f85c2f69,-33.98220096000002,107,1.9532710280373833,4.96166404,-0.3175906631775703,0.9906542056074766,0.64336904,0
C_ID_e7a374c635,-41.27806838,100,0.01,0.94503235,-0.4127806838,0.98,1.40723872,0
C_ID_24dec5e195,-186.65934458999993,280,0.014285714285714285,0.82886239,-0.6666405163928569,0.9607142857142857,0.27157047,0
C_ID_261297ccd8,-127.08370315000002,199,0.005025125628140704,0.9477822,-0.6386115736180905,0.9296482412060302,-2.46528826,0
C_ID_757fb9cbad,-25.996797069999992,40,1.15,-0.40881128,-0.6499199267499998,0.75,-1.06909722,0
C_ID_1d476a323a,-61.84242073000003,99,1.3434343434343434,0.00441779,-0.6246709164646468,0.9191919191919192,0.0,0
C_ID_5274a6b563,-12.86915552,43,0.0,0.68812408,-0.29928268651162787,0.8604651162790697,-0.31691329,0
C_ID_6b5e40cb8b,-9.6173432,14,0.2857142857142857,-0.52902337,-0.6869530857142857,0.6428571428571429,-0.51679014,0
C_ID_5513199d3d,-12.439637669999993,88,2.715909090909091,3.87855307,-0.14135951897727264,0.6931818181818182,0.18637211,0
C_ID_5cb6c8cc4c,-43.90271913000001,70,1.0,-0.41812772,-0.627181701857143,0.9714285714285714,0.0,0
C_ID_d9e8ccf742,-10.827578460000002,18,2.0,-0.3908546,-0.6015321366666667,0.7777777777777778,-0.8161564,0
C_ID_672ef91f95,-18.08040991,39,0.02564102564102564,2.12145796,-0.4636002541025641,0.8461538461538461,-1.97231561,0
C_ID_cffc5ee905,-67.30162758000002,172,1.4186046511627908,1.03301258,-0.39128853244186057,0.936046511627907,0.0,0
C_ID_36881b2fb4,-5.76513164,13,0.0,0.35002757,-0.4434716646153846,0.9230769230769231,0.0,0
C_ID_157a7a8af9,-69.98621915000001,101,0.039603960396039604,-0.36222909,-0.6929328628712872,0.9405940594059405,-0.20872514,0
C_ID_4ac6a2bed7,-27.76989538,50,1.02,1.45447618,-0.5553979076000001,0.9,-1.18525587,0
C_ID_b381d2939b,-31.541955539999996,45,0.0,-0.55172843,-0.7009323453333333,0.9777777777777777,0.0,0
C_ID_125d43e662,-25.704726739999995,40,0.0,-0.06620681,-0.6426181684999999,0.975,0.64584321,0
C_ID_23d7802c99,-13.609241269999997,30,1.4333333333333333,1.76859039,-0.45364137566666657,0.9333333333333333,0.28157412,0
C_ID_a6c97848c4,-10.434469929999999,33,1.7272727272727273,2.32676519,-0.31619605848484844,1.0,0.0,0
C_ID_2a048766cc,-22.438458929999996,33,0.0,-0.55156314,-0.6799533009090908,0.8787878787878788,0.0,0
C_ID_bece6b5199,-60.81681620999999,97,0.05154639175257732,0.0750424,-0.6269774867010308,0.9484536082474226,0.0,0
C_ID_3cf14ec687,-11.528986000000002,16,0.125,-0.64773282,-0.7205616250000001,0.8125,0.0,0
C_ID_7e57334cc6,-41.15181556000001,71,1.1690140845070423,2.26473575,-0.5796030360563381,1.0,0.0,0
C_ID_d112e7225c,-100.81288277,166,1.1686746987951808,0.45220785,-0.6073065227108434,0.963855421686747,0.02123022,0
C_ID_45bea99663,-128.82550129000003,185,0.016216216216216217,0.17558479,-0.6963540610270272,0.8702702702702703,-0.73613785,0
C_ID_00c9c0b348,-43.19760004000001,65,1.1692307692307693,-0.2872468,-0.6645784621538463,0.9230769230769231,0.24751405,0
C_ID_2874161235,-37.53292063999999,62,1.1612903225806452,0.60247296,-0.6053696877419353,0.9193548387096774,0.93986325,0
C_ID_9017263981,-3.9230014699999987,49,2.4693877551020407,5.9035859,-0.0800612544897959,0.9183673469387755,0.23565388,0
C_ID_0292897d58,-25.54424361,40,0.0,1.23659176,-0.6386060902499999,0.95,2.35210587,0
C_ID_7d530bd51a,-329.53437895999963,579,1.0431778929188256,5.10587347,-0.5691440051122619,0.9689119170984456,0.0,0
C_ID_3b136e9316,-73.64679759999999,136,0.0,3.40040946,-0.5415205705882352,0.8676470588235294,2.12737464,0
C_ID_b1fe6776d4,-227.66021883000005,351,3.965811965811966,0.32497837,-0.6486046120512822,0.9601139601139601,0.0,0
C_ID_8819094e54,-28.55193518,45,0.0,-0.08435884,-0.6344874484444445,0.9555555555555556,-2.53345611,0
C_ID_a305523e03,-55.903191959999994,95,0.0,-0.00981231,-0.5884546522105263,0.9578947368421052,-2.19605641,0
C_ID_87716e2469,-55.96771585,84,0.023809523809523808,-0.42308647,-0.6662823315476191,0.8452380952380952,-0.21883022,0
C_ID_6d316aee50,-36.027850189999995,55,1.0545454545454545,0.24033403,-0.6550518216363636,0.9090909090909091,0.0,0
C_ID_4667681518,-30.018071940000002,42,0.0,-0.43973584,-0.7147159985714286,1.0,0.48292491,0
C_ID_a166c7e565,-70.83191117,100,0.02,-0.51261442,-0.7083191117,0.78,-0.6485861,0
C_ID_2b281bc818,41.274942800000005,18,1.6666666666666667,9.77165046,2.2930523777777783,0.8333333333333334,1.4660005,0
C_ID_d5bf5e4d22,-40.42592987999999,61,1.360655737704918,-0.29761509,-0.662720161967213,0.9672131147540983,-0.64095761,0
C_ID_fe2d03df79,-0.53796417,13,0.07692307692307693,0.18323328,-0.04138185923076923,0.7692307692307693,0.73271096,0
C_ID_83b571afd7,-60.771721710000016,89,0.0,-0.34119198,-0.6828283338202249,0.9438202247191011,-1.88538991,0
C_ID_e2ea1fb18c,-69.23366137,115,1.7043478260869565,1.48691842,-0.6020318379999999,0.991304347826087,0.42865314,0
C_ID_94300ba829,-81.71301424000004,120,1.175,-0.35666928,-0.6809417853333336,0.6666666666666666,0.0,0
C_ID_1fda12fae1,-35.32594680999999,53,0.0,-0.32616547,-0.6665272983018866,0.7358490566037735,0.0,0
C_ID_d478a89bc9,-25.8694023,40,1.05,0.26696101,-0.6467350575,1.0,0.0,0
C_ID_72fc6a2f00,-64.57795217000003,93,0.010752688172043012,-0.32847955,-0.6943865824731186,0.946236559139785,0.0,0
C_ID_a3e5684813,-14.34883116,25,0.24,0.15167761,-0.5739532464,0.68,0.14645643,0
C_ID_04709e2165,-8.25096747,14,0.07142857142857142,0.15468291,-0.5893548192857143,0.6428571428571429,0.0,0
C_ID_607e234d3a,-129.00673601,181,0.016574585635359115,-0.44667809,-0.7127443978453039,0.9116022099447514,0.0,0
C_ID_75da9bae03,-21.681919190000006,31,0.0,-0.51841466,-0.6994167480645163,0.9354838709677419,-1.44010482,0
C_ID_97379ae778,-29.662499589999992,46,0.0,-0.14584732,-0.6448369476086955,0.782608695652174,0.0,0
C_ID_9c140686e4,3.81359346,11,2.4545454545454546,2.15456137,0.3466903145454545,0.6363636363636364,-0.90878075,0
C_ID_e27fec8536,-23.311950139999986,45,2.4444444444444446,0.20437559,-0.5180433364444441,0.5777777777777777,-1.25822434,0
C_ID_23fada2e81,-23.049827559999997,44,3.159090909090909,1.50556632,-0.5238597172727272,0.9090909090909091,0.0,0
C_ID_57fa1dfc1a,-18.21758694,31,1.2580645161290323,0.91352176,-0.5876640948387097,1.0,0.0,0
C_ID_cd45e6f1de,-165.08300169999995,262,1.0916030534351144,0.41133573,-0.6300877927480915,0.9885496183206107,0.09556844,0
C_ID_2f78dc3d83,-99.73663879000003,152,0.9802631578947368,0.31696924,-0.6561620973026318,0.8552631578947368,0.0,0
C_ID_38e1ac1d1d,-102.91455073999994,173,0.005780346820809248,0.33500105,-0.5948817961849707,0.976878612716763,0.0,0
C_ID_3b2c33a225,94.14546913,98,1.7142857142857142,13.37200269,0.9606680523469388,0.9897959183673469,0.0,0
C_ID_ef4fcf2454,-2.44418236,4,1.75,-0.30104114,-0.61104559,1.0,0.0,0
C_ID_7a50fa075f,-12.650745129999997,27,1.3333333333333333,0.45521315,-0.4685461159259258,0.8518518518518519,-1.4600583,0
C_ID_4b8457fcba,-165.02155835,264,1.1553030303030303,1.61958749,-0.6250816604166667,0.9659090909090909,-0.1029036,0
C_ID_cd9e52e863,-24.084417979999994,36,0.0,-0.34667665,-0.6690116105555554,0.9722222222222222,0.0,0
C_ID_21c6dd13ba,-27.77800969,55,0.0,1.2816713,-0.5050547216363637,0.9636363636363636,0.0,0
C_ID_79443aea9a,-16.148947180000004,44,1.9772727272727273,2.75389379,-0.3670215268181819,0.9772727272727273,1.4546866,0
C_ID_f2bd6e8a4d,-98.24563315999994,148,1.0,-0.21149815,-0.6638218456756753,0.7905405405405406,0.43880882,0
C_ID_37f898f727,-7.7031309100000005,12,1.0,-0.46072788,-0.6419275758333334,1.0,0.0,0
C_ID_777c6ca839,-12.089865559999996,18,0.0,-0.44637756,-0.6716591977777776,0.8888888888888888,0.0,0
C_ID_864c33cf17,-15.048134970000001,26,1.1538461538461537,-0.27809565,-0.5787744219230769,0.6538461538461539,0.0,0
C_ID_e3b3dcd8eb,-28.607503219999987,41,1.024390243902439,-0.59664268,-0.6977439809756094,0.6829268292682927,-0.03082536,0
C_ID_a8c1fbc2dc,-220.4412120700001,315,0.015873015873015872,-0.53007523,-0.6998133716507939,0.9492063492063492,0.0,0
C_ID_0bc84f2e52,-28.06898306,45,0.0,0.15468291,-0.6237551791111111,0.9333333333333333,0.5944669,0
C_ID_fe9ab1998d,-8.41307346,12,0.3333333333333333,-0.59664268,-0.701089455,0.4166666666666667,2.43779326,0
C_ID_4e9e033021,6.79653636,17,1.8235294117647058,6.02920754,0.39979625647058825,1.0,0.0,0
C_ID_95ac3d95ce,-29.822712239999998,43,0.0,-0.40890144,-0.6935514474418604,1.0,1.2453827,0
C_ID_0b2f9e5fe7,-48.808078730000005,78,1.2692307692307692,1.98791735,-0.6257445991025642,1.0,-2.48435498,0
C_ID_4bf93c33a7,-20.505193050000003,33,1.393939393939394,-0.14778574,-0.6213694863636364,0.6666666666666666,0.0,0
C_ID_dc361ba023,18.4730827,13,0.6153846153846154,13.1402488,1.4210063615384614,0.7692307692307693,0.0,0
C_ID_e64c25d409,-21.672978380000004,31,0.16129032258064516,-0.56722077,-0.6991283348387098,0.6451612903225806,4.53221304,0
C_ID_1e71a8e0eb,-19.05810988,30,0.9,-0.51399686,-0.6352703293333334,0.8666666666666667,-5.56460155,0
C_ID_d26604ece5,-12.81034177,31,3.935483870967742,1.28016865,-0.4132368312903226,0.9354838709677419,-0.5849625,0
C_ID_9c2baa0d69,-58.51497998000001,91,1.7912087912087913,0.11260868,-0.6430217580219781,0.7802197802197802,2.03936199,0
C_ID_a1b684d1d2,-44.969811799999995,94,1.627659574468085,4.18402702,-0.4784022531914893,0.925531914893617,0.0,0
C_ID_d6e1ad9cd5,-4.103244500000001,12,4.166666666666667,1.05625859,-0.3419370416666667,0.75,0.0,0
C_ID_448ffe0744,-46.12341206000001,64,0.0,-0.56188636,-0.7206783134375001,0.375,-1.70083181,0
C_ID_a887ec67e0,-46.99753437000001,69,0.043478260869565216,-0.49145709,-0.6811236865217393,0.8840579710144928,2.76577735,0
C_ID_4e93a5c6e6,-57.36225120999999,82,0.0,0.60397562,-0.6995396489024389,0.9634146341463414,0.60980511,0
C_ID_820bfc1eb2,-68.43372501000002,102,0.00980392156862745,-0.39799219,-0.670918872647059,0.9313725490196079,0.34997974,0
C_ID_9b32f423cf,-8.349105609999999,16,2.375,0.75424073,-0.5218191006249999,0.9375,0.09097331,0
C_ID_6ac3a2d1c4,88.94945160000002,51,4.490196078431373,14.279604,1.7441068941176474,0.8627450980392157,0.0,0
C_ID_fb9f0f418a,-44.94105108000001,66,0.0,0.15468291,-0.6809250163636364,0.9848484848484849,-3.90472023,0
C_ID_55c7fa950d,-11.299440989999999,22,0.0,-0.28709653,-0.5136109540909091,0.7272727272727273,-1.53923005,0
C_ID_2b05ebe4a1,-45.25776486,63,0.0,-0.65674872,-0.71837722,0.8571428571428571,0.0,0
C_ID_c659b61500,-31.883372979999997,46,0.0,-0.27973354,-0.6931168039130434,1.0,-0.24241875,0
C_ID_0f1a0d716b,-30.205798130000005,42,0.0,-0.59664268,-0.7191856697619049,0.9761904761904762,0.0,0
C_ID_e75fd86119,-18.411564140000003,36,2.0,0.35303287,-0.5114323372222223,0.9722222222222222,0.6071145,0
C_ID_49c3f12cae,-82.31565235999999,132,1.2348484848484849,0.74071687,-0.6236034269696968,0.9696969696969697,0.0,0
C_ID_1bba601a96,-31.11451144999999,55,1.3636363636363635,0.9616066,-0.5657183899999998,0.8727272727272727,0.0,0
C_ID_994d1ce39d,-20.40513146,32,0.34375,-0.45401103,-0.637660358125,0.5,-0.80486388,0
C_ID_c47d2d8847,-57.330364989999985,84,0.011904761904761904,-0.33498603,-0.6825043451190475,0.8452380952380952,0.0,0
C_ID_0f2072ff70,-88.92142721000002,152,0.13157894736842105,3.445489,-0.5850093895394738,0.8881578947368421,-3.92295647,0
C_ID_790cbd5f56,-6.00366247,9,0.0,-0.47857937,-0.6670736077777778,1.0,1.81058384,0
C_ID_c467a6fe1e,-27.352458900000002,48,0.0625,0.03447082,-0.5698428937500001,0.9166666666666666,-0.04116094,0
C_ID_3036166240,-0.97756475,6,3.8333333333333335,-0.00664172,-0.16292745833333333,0.6666666666666666,0.0,0
C_ID_93dcb56b31,-1.83460185,6,1.0,0.12873213,-0.305766975,0.8333333333333334,-1.55521516,0
C_ID_7596ae3014,-24.6588214,35,0.0,-0.59664268,-0.7045377542857143,0.9714285714285714,-0.51700895,0
C_ID_2818238c6d,-29.247091639999994,68,1.25,0.96791773,-0.4301042888235293,0.8235294117647058,0.0,0
C_ID_dbe46363e1,-28.47062672999998,67,0.014925373134328358,0.87343102,-0.42493472731343257,0.8955223880597015,2.18821635,0
C_ID_5d995809d5,-38.66659582,63,1.5555555555555556,0.34365632,-0.6137554892063491,0.9365079365079365,0.37469127,0
C_ID_1529841100,-267.8461754200002,393,1.0737913486005088,1.05627362,-0.681542431094148,0.8396946564885496,-1.60562043,0
C_ID_70a2056f01,-25.449726820000002,40,0.0,0.22556297,-0.6362431705,0.775,0.85298209,0
C_ID_62390b8ce6,-48.855277069999985,110,1.8818181818181818,2.25839456,-0.4441388824545453,0.8727272727272727,0.0,0
C_ID_ea62fb415b,-33.09587719,47,0.0,-0.60843849,-0.7041675997872341,0.8936170212765957,0.0,0
C_ID_8e5a0b75e6,-39.52152918000001,60,1.0,0.02776899,-0.6586921530000002,0.9666666666666667,-0.52856785,0
C_ID_ee7866b4b0,-7.234889760000001,21,3.0476190476190474,3.45751021,-0.34451856000000003,1.0,0.06381017,0
C_ID_14a2645f90,-260.29885432000026,373,0.021447721179624665,-0.26605942,-0.6978521563538881,0.938337801608579,0.0,0
C_ID_995555fee0,-51.04901251000004,145,1.186206896551724,2.07477059,-0.35206215524137957,0.9310344827586207,-1.30114881,0
C_ID_aac1b6f002,-50.237280420000005,69,0.057971014492753624,-0.66367595,-0.728076527826087,0.8840579710144928,0.0,0
C_ID_6340f15fe7,-80.58797917,122,0.0,-0.16087384,-0.6605572063114754,0.9836065573770492,0.97834207,0
C_ID_7a66003a80,-19.503931510000008,53,2.8867924528301887,3.75653779,-0.3679987077358492,0.7547169811320755,-2.04647695,0
C_ID_c9c1a9ff74,15.25205976,20,0.0,10.78443736,0.762602988,0.75,0.0,0
C_ID_99302cdd40,-49.32852214,77,1.1948051948051948,-0.2467203,-0.6406301576623377,0.15584415584415584,0.0,0
C_ID_310fa7f972,-74.03467703,112,1.1785714285714286,-0.10121858,-0.6610239020535714,0.8571428571428571,0.0,0
C_ID_fac6be81bc,-89.82686470000002,222,1.162162162162162,2.33536036,-0.40462551666666674,0.9234234234234234,0.0,0
C_ID_5f366a4b99,-35.69055004999999,50,0.0,-0.58311882,-0.7138110009999998,0.92,0.08804273,0
C_ID_b432a7e5b0,-0.46455964000000005,10,4.4,0.95238032,-0.046455964,1.0,0.0,0
C_ID_4cb6da65c6,-41.94596673000001,105,1.2666666666666666,3.15998527,-0.39948539742857153,0.9619047619047619,0.13653973,0
C_ID_925ff1346c,-42.119838509999994,62,0.0,-0.18377424,-0.679352234032258,0.9193548387096774,0.70447856,0
C_ID_3209192708,-262.86517205999996,391,0.010230179028132993,1.73246665,-0.6722894426086956,0.948849104859335,0.0,0
C_ID_1c4347eacf,-41.56211442999999,59,0.03389830508474576,-0.55156314,-0.7044426174576269,0.8813559322033898,1.13142356,0
C_ID_61cd587c0d,-2.85297861,4,0.0,-0.69732031,-0.7132446525,1.0,2.30824505,0
C_ID_26b40c2f4d,-28.814448299999995,66,1.1363636363636365,2.04793324,-0.4365825499999999,0.9696969696969697,0.12182355,0
C_ID_1af2e2a8e3,-11.859674420000001,18,1.4444444444444444,-0.38627151,-0.6588708011111112,0.5,0.59489935,0
C_ID_82fe36f4c2,-35.84750204999998,71,1.732394366197183,1.3553012,-0.5048943950704222,0.8450704225352113,-33.21928095,0
C_ID_c2aae4660e,-74.61430957999998,117,1.3504273504273505,0.57542524,-0.6377291417094015,0.9572649572649573,-0.1085904,0
C_ID_11ba66a9ec,-15.404473659999997,24,0.041666666666666664,-0.48114891,-0.6418530691666665,0.8333333333333334,0.0,0
C_ID_da2f8e1367,-11.938413349999996,20,1.2,-0.23642714,-0.5969206674999998,0.95,0.0,0
C_ID_9276537d39,-209.5860599100002,309,0.003236245954692557,-0.29611244,-0.6782720385436899,0.9093851132686084,-0.38398921,0
C_ID_b3c03f13ad,-24.960102999999997,36,1.0833333333333333,-0.51174289,-0.6933361944444444,1.0,0.02365056,0
C_ID_d8e1a4f7bb,-37.851362470000005,60,0.016666666666666666,-0.1804083,-0.6308560411666667,0.95,0.0,0
C_ID_3028396e63,-8.914342900000001,20,0.3,2.78621582,-0.44571714500000004,0.8,0.0,0
C_ID_5acb0f8ed4,-207.65486768999992,422,1.2535545023696681,5.10970523,-0.49207314618483394,0.9383886255924171,0.88233637,0
C_ID_f6f2ffb780,-26.886907500000007,39,0.0,0.56753632,-0.6894078846153848,0.8717948717948718,4.98481717,0
C_ID_e36ece9525,-26.793262240000004,60,1.0166666666666666,1.22904845,-0.44655437066666676,0.9666666666666667,-0.12019815,0
C_ID_cabfbb229e,-60.87623101000001,86,1.069767441860465,-0.35621849,-0.70786315127907,0.9186046511627907,1.6218448,0
C_ID_cbd26f4a43,-250.13836272999995,380,1.3289473684210527,0.63553129,-0.6582588492894735,0.9394736842105263,0.0,0
C_ID_2feff988f0,-5.68349259,58,2.5689655172413794,6.03639021,-0.09799125155172414,0.9827586206896551,-0.86495823,0
C_ID_9909d3b66d,-197.7644626799999,279,0.0,-0.54407994,-0.7088331995698921,0.956989247311828,-1.43850132,0
C_ID_963654f69f,-101.23644990999996,164,0.018292682926829267,0.57946737,-0.6172954262804876,0.9024390243902439,0.0,0
C_ID_c0bc55efff,0.0086402700000002,25,0.0,3.52212421,3.4561080000000796E-4,0.96,1.72497054,0
C_ID_f84aaf6e75,-12.041465179999998,49,0.0,2.25839456,-0.24574418734693873,1.0,-0.66667244,0
C_ID_34eb286921,-25.797981219999993,60,1.3666666666666667,3.65447772,-0.4299663536666666,0.9833333333333333,-0.97824441,0
C_ID_59c7c99cea,-43.86764719000003,63,0.015873015873015872,-0.32616547,-0.6963118601587306,0.873015873015873,3.39760971,0
C_ID_e504ffd301,-9.7760382,14,0.0,-0.6324208,-0.6982884428571429,0.9285714285714286,-0.52034471,0
C_ID_f7e9010d24,-140.90907079000002,218,0.027522935779816515,-0.0395047,-0.6463718843577982,0.7522935779816514,-0.84499063,0
C_ID_411d20f4f8,-12.739266339999999,34,1.3235294117647058,0.9060085,-0.374684304117647,0.8823529411764706,0.17900296,0
C_ID_06bd420add,-5.2319309,18,1.3333333333333333,2.25839456,-0.2906628277777778,1.0,4.02288939,0
C_ID_e4e8d9dfbb,-87.68848680999999,120,0.008333333333333333,-0.60445646,-0.7307373900833333,0.9916666666666667,0.0,0
C_ID_8a478a65d6,-30.93760429999999,149,1.3624161073825503,8.14883227,-0.2076349281879194,1.0,0.0,0
C_ID_dbed18fe61,-201.76330298999994,298,0.003355704697986577,0.91230461,-0.677058063724832,0.959731543624161,-0.6627752,0
C_ID_def044e1fb,-5.0667143800000005,9,0.0,0.19499904,-0.5629682644444445,0.7777777777777778,3.55965496,0
C_ID_a4ea3467b4,-85.92731956000004,123,0.008130081300813009,-0.48846682,-0.6985960939837402,0.959349593495935,0.54579848,0
C_ID_89ef236e56,-72.49454969,118,1.771186440677966,0.30494803,-0.6143605905932203,0.788135593220339,0.63038742,0
C_ID_9eb60c70f6,-79.92576079999998,115,1.0782608695652174,-0.29982399,-0.6950066156521737,0.9130434782608695,-1.22621747,0
C_ID_6b692c9866,-31.293206720000004,70,1.4285714285714286,1.03786614,-0.44704581028571433,0.8714285714285714,0.94300936,0
C_ID_6ae2d551fa,-81.54661057000003,135,1.0666666666666667,3.31025039,-0.6040489671851854,0.9555555555555556,0.0,0
C_ID_1667d64c13,-15.594739359999995,38,1.236842105263158,0.9060085,-0.4103878778947367,0.868421052631579,-0.69301469,0
C_ID_5a5b4fbc63,-138.77979906999997,239,0.0,3.61079565,-0.5806686153556484,0.9623430962343096,-0.80804288,0
C_ID_3dc9a9b030,-10.25600004,28,0.17857142857142858,1.43193642,-0.3662857157142857,0.8214285714285714,-0.95090221,0
C_ID_87e3a13a00,-29.50329368,41,0.0,-0.66397648,-0.7195925287804877,1.0,-0.27359515,0
C_ID_578d68de1e,-48.445804629999984,74,1.1486486486486487,-0.37086934,-0.6546730355405403,0.9864864864864865,0.18998243,0
C_ID_8344bbcf9b,-112.09041501000003,154,0.01948051948051948,-0.62684597,-0.7278598377272729,0.8961038961038961,0.0,0
C_ID_97fcbcc9dd,-21.730725279999998,37,1.1081081081081081,-0.36072644,-0.5873168994594594,1.0,1.07788737,0
C_ID_158f881171,-10.595253580000001,16,0.0,-0.34856999,-0.6622033487500001,1.0,0.01301301,0
C_ID_a87643949f,-172.39921499999997,307,0.026058631921824105,0.28691622,-0.561560960912052,0.9348534201954397,0.18408781,0
C_ID_eae853ef1a,-24.399253429999998,34,0.0,-0.26620968,-0.7176251008823529,0.9705882352941176,0.0,0
C_ID_cf5b0af337,-25.018586159999995,44,1.3409090909090908,0.15468291,-0.5686042309090907,0.9545454545454546,2.96635681,0
C_ID_a0a2f50b99,-77.23242383000004,130,0.015384615384615385,2.74525355,-0.5940955679230773,0.9692307692307692,-0.7436178,0
C_ID_94d4d0f2c4,-542.9358656599999,851,0.005875440658049354,1.61976781,-0.6379974919623971,0.9341950646298472,1.0344545,0
C_ID_de11230dde,-23.526558699999995,38,1.368421052631579,0.04453858,-0.6191199657894736,0.868421052631579,0.0,0
C_ID_76704d91cb,-19.44616955,31,1.2903225806451613,0.15468291,-0.6272957919354839,0.9032258064516129,-0.01881223,0
C_ID_f70d882672,-56.24530053000002,81,1.0740740740740742,-0.52181065,-0.6943864262962965,0.9629629629629629,0.96167769,0
C_ID_38cff5397d,-11.545124469999996,27,1.8148148148148149,0.22981547,-0.42759720259259243,0.7407407407407407,0.0,0
C_ID_e5c5a9d676,-27.85240599,114,1.0263157894736843,7.09693136,-0.2443193507894737,0.9649122807017544,-1.84729554,0
C_ID_2b0e064f31,-12.942740349999998,26,2.1153846153846154,0.50780594,-0.49779770576923066,1.0,-1.88989916,0
C_ID_029249c081,18.845725169999998,50,0.0,8.56952952,0.37691450339999993,0.96,-1.44529412,0
C_ID_20dd2a2fec,-13.234044279999997,18,0.05555555555555555,-0.71700504,-0.735224682222222,0.6666666666666666,1.2451125,0
C_ID_109448f0ba,-14.550066189999999,41,0.04878048780487805,0.09457687,-0.35487966317073166,0.926829268292683,0.0,0
C_ID_800a771603,-24.760145239999996,57,1.2105263157894737,2.05098362,-0.43438851298245607,0.9649122807017544,-5.68841589,0
C_ID_07b74d8dab,-19.58493942,29,0.0,-0.36373174,-0.6753427386206897,0.8275862068965517,-3.40141837,0
C_ID_74d5e28d73,-39.49759195999998,55,0.0,-0.52151012,-0.7181380356363632,0.9090909090909091,-1.41439621,0
C_ID_c0d33f0c6a,-28.070275390000003,44,1.3181818181818181,0.00426753,-0.6379608043181819,0.9772727272727273,0.0,0
C_ID_fd2e8eb99a,-295.23420187000016,453,0.0640176600441501,1.98013362,-0.6517311299558503,0.7041942604856513,-0.58966074,0
C_ID_efe9dc9d5e,-61.57469332000003,188,1.1436170212765957,15.55823994,-0.32752496446808527,0.9787234042553191,0.0,0
C_ID_43123c8198,-50.35885991000001,93,1.3978494623655915,1.21495358,-0.541493117311828,0.978494623655914,0.0,0
C_ID_c61cc662e4,-133.93170540000008,242,1.0826446280991735,1.42592581,-0.553436799173554,0.9380165289256198,0.0,0
C_ID_3c9b8ffbef,-16.648713920000002,52,2.173076923076923,3.76104574,-0.32016757538461543,0.9423076923076923,-1.9954044,0
C_ID_a85e2a5a2b,-2.69108297,5,2.6,-0.3203502,-0.538216594,1.0,-2.65268558,0
C_ID_2cf732c10d,-21.901892259999997,32,0.0,-0.44637756,-0.6844341331249999,0.59375,0.0,0
C_ID_2ec9e10b1e,-74.72239532,109,0.03669724770642202,-0.44637756,-0.6855265625688074,0.8715596330275229,0.0,0
C_ID_e4226cf3a0,-15.603424629999997,27,1.5555555555555556,-0.05649968,-0.5779046159259258,0.6666666666666666,0.0,0
C_ID_ad903b65f6,-209.84923432999986,399,1.8796992481203008,7.1420109,-0.5259379306516287,0.9874686716791979,-0.69852284,0
C_ID_98446d4221,-35.2090255,52,0.9807692307692307,-0.47196771,-0.6770966442307693,0.9230769230769231,0.0,0
C_ID_fbad066a54,-54.58572754,129,0.046511627906976744,2.04453725,-0.4231451747286822,0.9147286821705426,-0.23332333,0
C_ID_d59f18d3d9,-70.43928350000003,102,1.0,-0.24111541,-0.690581210784314,0.9705882352941176,0.0,0
C_ID_d5f2cf969a,-25.260558100000004,38,0.0,-0.47041998,-0.6647515289473686,0.9736842105263158,-0.98662553,0
C_ID_d174b6499e,-24.97295071,76,1.8026315789473684,9.62506684,-0.3285914567105263,0.9736842105263158,-0.38228801,0
C_ID_f66a75ddb2,-18.46053559,27,0.4074074074074074,-0.58161617,-0.6837235403703703,0.6666666666666666,0.0,0
C_ID_8c4aa9fcc2,-49.37415752999999,74,1.054054054054054,-0.22607387,-0.6672183449999999,0.9054054054054054,-3.360923,0
C_ID_e6b0f0589b,-69.68656041,115,0.0,0.30194273,-0.6059700905217391,0.9043478260869565,0.0,0
C_ID_5f69fe6a3b,-9.768645160000002,21,0.09523809523809523,1.14643269,-0.46517357904761913,0.8571428571428571,0.0,0
C_ID_688a4d63ec,-20.21602282,29,0.0,-0.20599845,-0.6971042351724137,0.896551724137931,1.8561373,0
C_ID_6f8f04c483,-33.081556960000015,81,1.2469135802469136,15.08541572,-0.4084142834567903,1.0,0.43128081,0
C_ID_b1a74600e5,-20.95687494,35,1.6571428571428573,0.31246129,-0.5987678554285714,1.0,1.26753684,0
C_ID_fba69eed4a,-45.71957467999999,73,1.452054794520548,-0.08574128,-0.6262955435616436,0.6986301369863014,-0.21238378,0
C_ID_0ca36e6571,-34.61704104999999,56,0.0,-5.8603E-4,-0.6181614473214284,1.0,0.84581484,0
C_ID_518eb54284,-210.01562299999975,353,0.014164305949008499,3.24177458,-0.5949451076487245,0.9376770538243626,0.0,0
C_ID_9258a1f95e,-15.42967311,30,1.0,0.68522396,-0.514322437,0.9666666666666667,-1.52433457,0
C_ID_cd0b1dca56,-18.12667651,27,1.4814814814814814,-0.17770353,-0.6713583892592593,1.0,0.0,0
C_ID_dbd93f8d06,-13.34237044,36,1.3888888888888888,1.56416972,-0.3706214011111111,0.8611111111111112,-0.2272738,0
C_ID_8d54f70f3b,-42.07776427000001,67,0.0,2.05553665,-0.6280263323880598,1.0,0.0,0
C_ID_a1ea58a706,-53.10348230999999,130,1.0769230769230769,4.95114548,-0.4084883254615384,1.0,0.24585378,0
C_ID_980492cee8,-51.63832226999999,82,0.0,0.03858808,-0.6297356374390243,0.8658536585365854,-1.74141566,0
C_ID_82081d2b48,-42.65209258000001,62,0.0,-0.3324766,-0.6879369770967744,0.8387096774193549,-3.91502633,0
C_ID_b81ca57198,-50.265259730000004,85,0.03529411764705882,0.77864379,-0.5913559968235295,0.9411764705882353,1.37701429,0
C_ID_272b588add,-85.73086292000002,123,1.008130081300813,-0.28084551,-0.6969988855284555,0.975609756097561,1.42198088,0
C_ID_2846857e29,-8.77097491,15,1.4666666666666666,-0.22248253,-0.5847316606666666,0.9333333333333333,0.0,0
C_ID_579ee240ae,-90.86205596999996,136,1.6470588235294117,-0.0727734,-0.668103352720588,0.8161764705882353,1.50794994,0
C_ID_e5c1bb3aac,-23.440712259999994,36,0.0,0.12312724,-0.651130896111111,0.7777777777777778,-0.33375791,0
C_ID_2632a644e5,-27.322240580000006,56,2.232142857142857,0.75424073,-0.48789715321428584,0.6607142857142857,0.4921341,0
C_ID_4896e53093,-60.95448915000001,93,0.03225806451612903,-0.33067342,-0.6554246145161291,0.9354838709677419,0.0,0
C_ID_d718021739,-39.39100892999999,104,0.0,3.76104574,-0.3787597012499999,0.9423076923076923,0.62965928,0
C_ID_2857c057c1,-262.0551830399998,421,0.028503562945368172,1.07430543,-0.6224588670783844,0.9738717339667459,-0.28862783,0
C_ID_8699357a41,-32.49424575999999,72,1.0,0.64854425,-0.4513089688888888,1.0,0.0,0
C_ID_75729c673c,-59.6987686,84,0.03571428571428571,-0.52651395,-0.7106996261904762,0.8690476190476191,0.3534969,0
C_ID_a0b14a7bee,-47.84603643999999,70,0.04285714285714286,-0.37139527,-0.6835148062857141,0.9285714285714286,1.11210577,0
C_ID_406e1f8c51,-48.84668190000001,71,0.1267605633802817,0.75574338,-0.6879814352112678,0.7746478873239436,0.84725114,0
C_ID_fd5ab323ea,-4.9193944499999995,22,0.0,1.86770526,-0.2236088386363636,0.9090909090909091,-0.54917956,0
C_ID_791d8464ab,-44.33022340000001,76,1.118421052631579,-0.16536676,-0.5832924131578948,0.9736842105263158,0.0,0
C_ID_705290fd86,-38.26427598,55,0.7090909090909091,-0.47647566,-0.6957141087272728,0.7090909090909091,0.0,0
C_ID_1c4eb2f138,-7.178149670000002,15,1.5333333333333334,0.10927279,-0.47854331133333344,0.5333333333333333,-3.61342401,0
C_ID_0bc28b85ff,-6.357657039999999,10,1.0,-0.4313811,-0.635765704,0.9,0.0,0
C_ID_ac270994b0,14.5925912,41,3.8048780487804876,6.29878316,0.35591685853658533,0.9512195121951219,-0.19931575,0
C_ID_a4931654ad,-30.580694570000002,55,0.05454545454545454,0.13911545,-0.5560126285454546,0.8909090909090909,0.0,0
C_ID_ce7e0c812c,72.42829777000003,42,3.0476190476190474,26.30081344,1.7244832802380958,0.9285714285714286,0.3793246,0
C_ID_fcba55b488,-21.57064782999999,35,1.6285714285714286,0.30194273,-0.6163042237142855,0.42857142857142855,0.0,0
C_ID_c661210d53,-58.43434778000001,89,0.0,-0.2676372,-0.6565657053932585,0.9101123595505618,0.2578014,0
C_ID_f96b8d401c,-118.00779533999996,176,0.011363636363636364,0.24315901,-0.6704988371590906,0.9545454545454546,0.66909778,0
C_ID_d37b041ee4,-6.692748249999999,10,0.0,-0.55156314,-0.6692748249999999,0.8,0.12675802,0
C_ID_a0a5e7a1d6,-4.9645942100000005,9,3.888888888888889,0.06407305,-0.551621578888889,0.8888888888888888,-1.71261579,0
C_ID_7ccbc6a410,-69.16148902000003,119,0.025210084033613446,2.85043913,-0.5811889833613448,0.8907563025210085,0.0,0
C_ID_1da5da3ee0,-13.130601759999998,25,0.0,0.33500105,-0.5252240703999999,1.0,0.0,0
C_ID_06e797b1be,-19.432931220000004,33,1.696969696969697,0.75574338,-0.5888767036363638,0.9393939393939394,-0.82307753,0
C_ID_f82013c308,-169.47588222999985,238,1.0,-0.22113015,-0.712083538781512,1.0,-0.14471216,0
C_ID_2d35fc1c12,-33.94048738,54,1.5925925925925926,-0.05704064,-0.6285275440740741,0.8148148148148148,0.0,0
C_ID_ceb6a12925,-19.325146040000003,49,0.0,3.45751021,-0.39439073551020415,0.9591836734693877,2.50250034,0
C_ID_3493c9f6ac,-16.467253749999998,24,1.0416666666666667,-0.46290672,-0.6861355729166666,0.9583333333333334,-0.00438077,0
C_ID_2092528598,-1.9552797699999998,7,1.0,0.13544898,-0.2793256814285714,0.7142857142857143,1.88977627,0
C_ID_487a4ef28e,-10.200462029999999,15,0.0,-0.56658965,-0.6800308019999999,0.8,0.0,0
C_ID_3841e1e678,-105.59645221999995,158,1.0,0.30494803,-0.6683319760759491,0.9873417721518988,-7.46647835,0
C_ID_d93f8e0e2c,3.008533079999999,27,2.259259259259259,15.87672686,0.11142715111111107,0.9259259259259259,0.0,0
C_ID_3985e86dd3,-130.9422109000001,204,1.1323529411764706,0.9060085,-0.6418735828431378,1.0,0.187017,0
C_ID_371ff4b3a0,-9.73424947,28,1.8214285714285714,3.77159435,-0.3476517667857143,0.8214285714285714,-3.57786508,0
C_ID_28c14e6201,-13.00141883,27,1.3703703703703705,0.02244961,-0.48153403074074075,0.6296296296296297,0.0,0
C_ID_ce91d8d1ed,-71.57392036000003,101,1.00990099009901,-0.46344768,-0.7086526768316834,0.8514851485148515,0.0,0
C_ID_3eb1e0deda,-7.21012609,10,0.0,-0.6758925,-0.721012609,0.8,0.0,0
C_ID_e05905f926,-58.809920380000015,83,0.0,-0.49835426,-0.7085532575903616,0.963855421686747,0.0,0
C_ID_fafe2c0c7a,-70.94501576999996,116,1.3189655172413792,1.95636168,-0.6115949635344824,0.9741379310344828,0.82294491,0
C_ID_1b32c2bd01,-88.21856206000002,137,1.3722627737226278,0.81587948,-0.6439311099270075,0.9197080291970803,-1.26516576,0
C_ID_4cc61ef14f,-17.08732277,26,0.0,-0.29611244,-0.6572047219230769,0.8846153846153846,-0.54603469,0
C_ID_392fb4d1a3,-116.30823668,173,0.017341040462427744,0.15167761,-0.6723019461271675,0.8265895953757225,-0.15501633,0
C_ID_66745e4d64,-127.77540369999998,202,0.04950495049504951,0.75574338,-0.6325515034653465,0.8861386138613861,-0.41180561,0
C_ID_e5e6b40de2,-50.67333468999999,91,1.2967032967032968,0.30723206,-0.5568498317582417,0.9010989010989011,-0.3421177,0
C_ID_851ef64627,-11.30216079,18,1.5,-0.32618049,-0.6278978216666666,1.0,0.76891016,0
C_ID_749b3374ea,-5.10857823,9,1.1111111111111112,-0.38368695,-0.5676198033333333,1.0,-0.11190902,0
C_ID_1f12b8ca1f,-33.598859650000016,79,1.518987341772152,2.82940201,-0.42530202088607616,0.9746835443037974,0.0,0
C_ID_99e7808f47,7.118374210000004,85,1.423529411764706,9.92191558,0.08374557894117653,0.9294117647058824,-1.82899257,0
C_ID_bfcc93529f,-25.920522489999996,39,0.02564102564102564,-0.08423863,-0.6646287817948717,0.8717948717948718,0.0,0
C_ID_8e6411e7b6,-7.684828720000001,118,1.805084745762712,4.74362935,-0.06512566711864408,0.7966101694915254,-1.07439508,0
C_ID_91066caeb5,-64.21895376999998,88,0.045454545454545456,-0.65469009,-0.7297608382954544,0.9318181818181818,0.0,0
C_ID_4dade0c7ef,-74.63029780000008,275,0.0,1.84681841,-0.2713829010909094,0.88,0.15785053,0
C_ID_f06dc40bd8,-143.46438924999995,292,1.2636986301369864,12.6266877,-0.49131640154109574,0.9383561643835616,-0.44289405,0
C_ID_3503ad53d6,-9.93243414,14,1.1428571428571428,-0.52151012,-0.7094595814285715,1.0,0.54464407,0
C_ID_8238a313b9,-6.301202449999999,21,2.619047619047619,1.0063856,-0.30005725952380946,1.0,2.80402776,0
C_ID_dcc79ea140,-214.71495406999972,325,1.1507692307692308,2.25689191,-0.6606613971384607,0.9784615384615385,0.0,0
C_ID_083ade5244,-4.32593741,6,0.0,-0.69085891,-0.7209895683333333,1.0,0.0,0
C_ID_9c191099f7,-324.28342455999984,490,0.006122448979591836,-0.33367872,-0.6618029072653058,0.9469387755102041,-0.17209989,0
C_ID_8865cd06e9,-45.065170050000006,80,1.6875,3.76104574,-0.5633146256250001,0.9375,0.0,0
C_ID_90544f333c,-33.363980260000005,95,1.3263157894736841,3.80071573,-0.3511997922105264,1.0,0.35892161,0
C_ID_bc31498449,-8.98672561,17,1.0,0.13650083,-0.5286309182352942,0.8235294117647058,0.0,0
C_ID_a0b8669ec2,-50.796822549999995,73,0.0136986301369863,-0.47148686,-0.6958468842465753,0.958904109589041,0.0,0
C_ID_0403ef7474,-1.56211108,7,1.8571428571428572,0.08698848,-0.22315872571428572,0.5714285714285714,0.0,0
C_ID_c628fdc31f,-52.727218470000025,86,1.0232558139534884,-0.21797458,-0.6131071915116282,1.0,0.0,0
C_ID_71335096c1,-45.37422032999999,74,0.0,1.05627362,-0.6131651395945945,0.9324324324324325,0.0,0
C_ID_4245e119de,5.91925853,23,4.913043478260869,1.50706897,0.2573590665217391,0.782608695652174,-0.25390622,0
C_ID_29d742b348,-12.94116252,18,0.05555555555555555,-0.66756781,-0.7189534733333334,0.9444444444444444,1.21931411,0
C_ID_a0785c4165,-13.020217030000001,22,0.045454545454545456,-0.22108507,-0.5918280468181819,0.9545454545454546,0.52032075,0
C_ID_9dc7775119,-245.5128416099999,344,0.0029069767441860465,-0.22097988,-0.713700120959302,0.936046511627907,0.0,0
C_ID_6fca1c26cc,-43.80270262000002,67,0.0,0.56039873,-0.6537716808955226,0.9552238805970149,0.0,0
C_ID_b50c68bc59,-172.43050009999988,383,0.0,1.92660918,-0.4502101830287203,0.97911227154047,-3.45180859,0
C_ID_cf05c587a8,5.9969606300000065,42,2.761904761904762,20.80300346,0.14278477690476205,0.9285714285714286,0.0,0
C_ID_0816985af7,-172.58802296999997,265,1.3056603773584905,0.92035882,-0.6512755583773584,0.9924528301886792,0.0,0
C_ID_efa7cc6794,-47.473183580000004,69,0.0,-0.03465114,-0.6880171533333334,0.9710144927536232,0.15834216,0
C_ID_62278da3ac,-16.265252350000004,33,1.4242424242424243,0.89813461,-0.492886434848485,0.8181818181818182,0.0,0
C_ID_d3a463ac12,-8.859015249999999,29,1.8620689655172413,3.00972015,-0.3054832844827586,1.0,0.83484485,0
C_ID_024c4ed9c7,-84.87941568000001,122,0.01639344262295082,-0.371245,-0.6957329154098362,0.9590163934426229,0.0,0
C_ID_0f073d6a60,-89.27013236999998,131,1.1068702290076335,-0.35516663,-0.6814513921374045,0.9618320610687023,-1.0847835,0
C_ID_87d32d0ca2,-7.176992600000001,20,2.65,0.97693364,-0.35884963000000003,1.0,-0.91548877,0
C_ID_479a6b6d8c,-14.034641819999996,21,0.0,-0.29611244,-0.6683162771428569,0.8571428571428571,0.0,0
C_ID_d39749ec32,-5.58293516,9,1.1111111111111112,-0.43901457,-0.6203261288888888,0.7777777777777778,0.0,0
C_ID_bb7259f42e,-43.70859161,61,0.0,-0.63420896,-0.7165342886885245,0.9344262295081968,-0.7326657,0
C_ID_dc999642d4,-8.61940249,15,1.9333333333333333,-0.24535288,-0.5746268326666667,0.9333333333333333,0.0,0
C_ID_5eed825526,-7.390278920000001,10,0.0,-0.71387952,-0.7390278920000001,1.0,-0.22717352,0
C_ID_42e62a7820,-94.54565518000001,135,0.022222222222222223,0.14563695,-0.7003381865185186,0.674074074074074,5.00399335,0
C_ID_382fe647e1,-58.87842627999999,83,0.0,-0.52151012,-0.7093786298795179,0.963855421686747,-1.54459701,0
C_ID_8afc17cf36,-1.7537442000000003,6,0.0,0.77574367,-0.29229070000000007,1.0,1.50794772,0
C_ID_3b8caef0da,-40.32615382000001,67,1.5671641791044777,0.44833101,-0.6018828928358211,1.0,-1.10566722,0
C_ID_990d8f2721,-37.51763868999999,56,0.10714285714285714,-0.32442239,-0.6699578337499998,0.8571428571428571,1.57378358,0
C_ID_6c66d109a4,-42.43637189999999,93,0.0,1.96470139,-0.45630507419354827,0.9139784946236559,-0.73476304,0
C_ID_ee8bf7f82b,-329.3144208199999,481,1.20997920997921,2.10662679,-0.6846453655301453,0.9334719334719335,0.22006064,0
C_ID_fc0919a6f7,-20.006523180000002,36,1.6111111111111112,1.28204696,-0.5557367550000001,0.9722222222222222,0.0,0
C_ID_af8b6a722a,-90.31970428000002,306,0.00980392156862745,12.73686209,-0.29516243228758177,0.9477124183006536,-3.91287377,0
C_ID_7829f33449,-56.79788551000001,111,0.04504504504504504,0.50630329,-0.5116926622522523,0.8828828828828829,0.0,0
C_ID_1dfdad6e71,-34.93896907,50,0.0,-0.53458318,-0.6987793814,0.9,-33.21928095,0
C_ID_aad63c47e8,-178.77924652000007,304,0.0,1.50706897,-0.5880896267105266,0.9605263157894737,0.0,0
C_ID_3d5524c660,-26.32021266,55,0.0,1.67371299,-0.4785493210909091,0.8909090909090909,-5.32192809,0
C_ID_f4ef3b9849,-8.215850519999998,29,0.0,3.31025039,-0.28330519034482754,0.9310344827586207,1.92723435,0
C_ID_7fe3f7b2dc,-6.55660808,27,2.814814814814815,2.92842672,-0.2428373362962963,0.8518518518518519,0.0,0
C_ID_836ca4a418,-73.32808528999996,113,0.0,0.14646341,-0.6489211087610616,0.9469026548672567,0.90008425,0
C_ID_52d7f2c0dd,-45.5046655,69,0.0,0.37736079,-0.6594879057971015,0.9710144927536232,-3.79069438,0
C_ID_470b0754b6,-9.38417684,16,0.0,1.11619935,-0.5865110525,1.0,0.0,0
C_ID_997ba66370,-72.79981330000003,124,9.475806451612904,0.75574338,-0.5870952685483873,0.9354838709677419,-0.06981178,0
C_ID_0f901325c0,1.91162773,14,1.5,2.63405736,0.13654483785714286,1.0,-2.10264006,0
C_ID_1006f9a813,-51.24766303000001,72,0.05555555555555555,-0.58311882,-0.7117730976388891,0.8055555555555556,-1.10514585,0
C_ID_7f9597dc29,-7.67294264,24,1.875,1.30874907,-0.3197059433333333,0.9583333333333334,0.0,0
C_ID_f7dbd85fdf,-94.7305413599999,135,1.1185185185185185,-0.20595337,-0.7017077137777771,0.9629629629629629,0.0,0
C_ID_3112558bba,-97.26733214000004,158,1.518987341772152,1.45895408,-0.6156160262025319,0.9810126582278481,-0.6840751,0
C_ID_e78651f535,-8.02037062,14,0.0,-0.44637756,-0.5728836157142857,1.0,0.41215732,0
C_ID_d9d04a936d,-26.465488989999997,48,1.5208333333333333,2.39213052,-0.5513643539583333,0.8541666666666666,0.1777514,0
C_ID_278507968a,-34.55420019999999,68,0.014705882352941176,1.02437234,-0.5081500029411763,0.9411764705882353,0.0,0
C_ID_c0b3d1279a,-13.116386709999997,27,0.0,0.14160985,-0.48579210037037024,0.9259259259259259,1.18689225,0
C_ID_f7137d56cb,-49.05882617,97,1.6288659793814433,3.05329704,-0.5057610945360825,0.9381443298969072,0.72540473,0
C_ID_ff6629c995,-15.512589440000003,25,1.08,-0.048175,-0.6205035776000001,0.92,-0.65890111,0
C_ID_27291b0313,-24.449171540000005,44,1.5,0.10490008,-0.5556629895454547,0.8863636363636364,1.08964809,0
C_ID_0eab6be879,-17.77636346,30,0.0,-0.17008509,-0.5925454486666666,0.9,-0.25694901,0
C_ID_472a5d8e18,-15.009156169999997,28,0.32142857142857145,-0.25686319,-0.5360412917857141,0.75,1.29694269,0
C_ID_6f64c43b1a,-177.17438494000007,254,0.003937007874015748,0.30494803,-0.6975369485826775,0.9724409448818898,1.87428824,0
C_ID_da09771c33,-100.63415730999998,149,0.006711409395973154,-0.1187996,-0.6753970289261744,0.8859060402684564,-0.58410093,0
C_ID_8caaaf4aff,-27.27227744,41,1.4878048780487805,-0.38993798,-0.6651774985365854,0.7073170731707317,0.83411851,0
C_ID_17be9295d3,-158.9342883099999,230,0.004347826086956522,-0.40436343,-0.6910186448260865,0.9652173913043478,-0.20213926,0
C_ID_176fe56470,-78.14599073000002,128,0.0,0.96393571,-0.6105155525781252,0.953125,-1.40818321,0
C_ID_c8b24eb145,-7.95414878,14,2.0,-0.40881128,-0.5681534842857142,0.7857142857142857,0.18151825,0
C_ID_f16ef3a2f0,-578.5166621999999,868,0.013824884792626729,0.31883253,-0.6664938504608294,0.9435483870967742,0.23622332,0
C_ID_75554bf0df,-37.02060676,56,0.0,-0.17139239,-0.6610822635714285,0.9821428571428571,0.0,0
C_ID_b98dd4bf0d,-39.039674090000005,57,1.105263157894737,-0.4328537,-0.6849065629824562,0.8596491228070176,0.0,0
C_ID_0b3b46257e,-9.22785601,16,1.75,-0.22126539,-0.576741000625,0.875,-4.00157169,0
C_ID_9b2523366e,-83.22078934000001,117,0.008547008547008548,-0.56673992,-0.7112887977777779,0.8632478632478633,0.51524356,0
C_ID_bf729f0a61,-12.881116589999998,22,0.0,-0.06378754,-0.5855052995454545,0.9545454545454546,-3.35819629,0
C_ID_74a26984e0,-11.467166899999997,28,0.0,1.44520482,-0.4095416749999999,0.7857142857142857,-1.3158993,0
C_ID_55ce286ca9,-11.397699359999999,22,0.0,-0.04066174,-0.5180772436363635,0.5909090909090909,0.0,0
C_ID_7c5278f7fa,-8.16540651,13,0.15384615384615385,-0.42308647,-0.6281081930769231,0.8461538461538461,0.0,0
C_ID_f43228bf2d,-10.932042759999998,42,2.9047619047619047,1.65733409,-0.26028673238095235,0.8095238095238095,0.15521993,0
C_ID_ee6155b232,-98.30585942000008,142,0.02112676056338028,-0.42669283,-0.6922947846478879,0.8873239436619719,-0.09095649,0
C_ID_e983fee8a2,-81.24184281000002,160,5.91875,1.50706897,-0.5077615175625001,0.45,0.05501355,0
C_ID_f76daeeb84,-35.8891104,50,0.0,-0.59742406,-0.717782208,0.86,-2.95575055,0
C_ID_a339f5a7b3,-22.206690030000008,31,0.0,-0.62677083,-0.7163448396774196,0.8064516129032258,0.0,0
C_ID_4a3f5390e1,-5.0085918199999995,9,2.0,-0.0348014,-0.5565102022222221,1.0,0.92961067,0
C_ID_faff48b7d3,-24.84282104,35,0.0,-0.56896384,-0.7097948868571429,0.9142857142857143,0.62924771,0
C_ID_2a78a62272,-12.414889010000003,20,1.1,-0.1187996,-0.6207444505000002,0.95,0.54260902,0
C_ID_88bf79b511,-38.567661240000014,56,1.0357142857142858,-0.47793323,-0.6887082364285717,0.6071428571428571,0.0,0
C_ID_cd091d033a,-40.652244190000005,63,0.015873015873015872,-0.27818581,-0.6452737173015873,0.9206349206349206,0.45823273,0
C_ID_e35de9a28e,-116.41184449000004,209,0.014354066985645933,4.16676156,-0.5569944712440194,0.8133971291866029,0.0,0
C_ID_126edffe1f,-5.9877042700000045,50,1.84,6.81443294,-0.11975408540000008,0.98,-1.5980411,0
C_ID_ebfee88c1e,-29.804605269999993,43,0.023255813953488372,-0.38431807,-0.6931303551162789,0.8372093023255814,0.0,0
C_ID_6a28eb4d62,-45.246479910000005,65,0.046153846153846156,-0.51850482,-0.696099690923077,0.9230769230769231,-0.06520233,0
C_ID_0ef44311ac,-36.21527586999999,51,0.0,-0.52151012,-0.7101034484313724,0.8431372549019608,0.0,0
C_ID_270071e365,-65.50328471,97,0.0,-0.16177543,-0.6752915949484536,0.9587628865979382,0.37856912,0
C_ID_731731f6b7,-18.674903770000004,28,0.03571428571428571,-0.4507653,-0.6669608489285715,0.9642857142857143,-1.15126344,0
C_ID_20b4807b03,-26.9834078,52,1.5384615384615385,1.38385158,-0.5189116884615385,0.9230769230769231,1.24168659,0
C_ID_e2e4e6d48d,-10.99371161,38,2.3157894736842106,1.95636168,-0.2893082002631579,0.7368421052631579,0.79080542,0
C_ID_5df4e2b98e,-30.88274251,53,1.0754716981132075,0.75574338,-0.5826932549056604,0.9622641509433962,-0.39273235,0
C_ID_3808a57d88,-99.97240484,143,0.013986013986013986,-0.58552306,-0.6991077261538461,0.9440559440559441,0.0,0
C_ID_5994249c5a,-69.41920874,110,1.5636363636363637,0.09011399,-0.6310837158181818,0.990909090909091,-0.35004068,0
C_ID_158c4c2412,-21.578687000000006,40,0.025,0.52884306,-0.5394671750000002,0.925,1.28004707,0
C_ID_f18d2e9f8b,-143.2936428000001,198,0.020202020202020204,-0.50648361,-0.7237052666666671,0.8333333333333334,0.0,0
C_ID_f9cd413f31,-67.09062533,107,0.0,-0.28859919,-0.62701519,0.9439252336448598,-5.52779617,0
C_ID_65810c90a9,-158.06380240999994,354,0.025423728813559324,5.4113324,-0.4465079164124292,0.9293785310734464,-1.10534504,0
C_ID_1183e659de,-9.294904299999999,16,1.4375,0.15468291,-0.5809315187499999,0.75,0.0,0
C_ID_5f22f254b7,-294.0209465699999,454,0.0022026431718061676,0.05045903,-0.6476232303303963,0.9647577092511013,0.0,0
C_ID_3e93588a9e,-7.50973967,11,1.0,-0.61166919,-0.6827036063636364,0.8181818181818182,-0.66296501,0
C_ID_fa76b9810d,-6.69842827,12,2.5833333333333335,0.23722354,-0.5582023558333333,1.0,4.23147849,0
C_ID_3b7162da26,-1.2532561500000008,29,4.413793103448276,3.38508242,-0.043215729310344855,0.8620689655172413,-1.56441491,0
C_ID_eee43e2d8d,-107.31380247999998,165,1.0787878787878789,1.3553012,-0.6503866816969696,0.9272727272727272,-5.84099915,0
C_ID_938542c4dc,-97.13929121999995,139,0.007194244604316547,-0.29612747,-0.6988438217266183,0.9496402877697842,1.99443893,0
C_ID_467e0d38d5,-3.6698498400000004,11,1.7272727272727273,0.56603367,-0.3336227127272728,1.0,0.0,0
C_ID_af3bd20ada,-51.88753695999997,85,1.3176470588235294,0.79060489,-0.6104416112941173,0.6235294117647059,0.56059506,0
C_ID_bf6c9bf690,-25.860897219999984,245,1.310204081632653,29.3061158,-0.10555468253061218,0.9714285714285714,0.0,0
C_ID_d18afb2d3a,-15.785921689999997,27,0.0,0.75424073,-0.5846637662962961,0.9259259259259259,-0.19255635,0
C_ID_2ac8a70034,-39.758933060000004,57,1.1403508771929824,-0.50954901,-0.6975251414035089,0.8245614035087719,0.0,0
C_ID_b00a79d7bb,-40.82794918000001,67,0.04477611940298507,0.21011571,-0.6093723758208957,0.7611940298507462,-1.89512017,0
C_ID_c533b96047,-24.946819499999997,55,0.0,0.21478896,-0.4535785363636363,0.8909090909090909,-1.83710788,0
C_ID_ce03b8c30d,-51.87659761000001,136,1.963235294117647,4.41920696,-0.38144557066176477,0.9044117647058824,0.84961556,0
C_ID_d2922a67fe,-64.47539623000002,96,1.28125,-0.17590035,-0.6716187107291668,0.7708333333333334,-33.21928095,0
C_ID_da3cf22fc2,-42.3141463,62,0.0,-0.44637756,-0.6824862306451612,0.9516129032258065,0.34757739,0
C_ID_a2323a1bdd,-170.37578987,249,0.012048192771084338,-0.19167818,-0.6842401199598394,0.9357429718875502,0.0,0
C_ID_ad7e6ca33c,-42.612347449999994,61,0.03278688524590164,-0.54510174,-0.6985630729508195,0.9180327868852459,0.37706965,0
C_ID_86aed860dd,-22.601271250000003,54,0.05555555555555555,2.40865968,-0.41854206018518525,0.8148148148148148,1.50323583,0
C_ID_c5fea19a1d,-66.28657179000001,111,0.0,-0.22681017,-0.5971763224324326,0.954954954954955,-1.18425721,0
C_ID_3df050bea7,-61.46967308000002,126,0.0,3.89237746,-0.4878545482539684,0.9285714285714286,-0.61611416,0
C_ID_f756c42d85,-243.10033535999997,358,0.08100558659217877,0.19202379,-0.6790512160893855,0.9385474860335196,1.75420453,0
C_ID_6d45d7e5f8,-49.33992715000001,80,0.0,0.89421269,-0.6167490893750001,0.9375,0.40301482,0
C_ID_851798b284,-37.584281239999996,54,0.0,-0.55787428,-0.696005208148148,0.7962962962962963,0.0,0
C_ID_0df1fc2950,-98.23733859000002,145,0.0,0.34852491,-0.6774988868275864,0.9862068965517241,-2.27394659,0
C_ID_e296ad4a23,-37.98624042,57,1.1578947368421053,-0.29761509,-0.6664252705263158,0.8596491228070176,-1.44014257,0
C_ID_92336014ea,-21.22117625,32,0.0,-0.19768879,-0.6631617578125,0.84375,0.0,0
C_ID_253370f884,-13.31826788,20,0.0,-0.25103291,-0.665913394,1.0,-1.93090508,0
C_ID_2706ade69e,-12.80679549,22,0.0,-0.26282872,-0.5821270677272727,0.9545454545454546,0.0,0
C_ID_4c7fc03b1c,-18.332194149999996,35,0.0,0.06811518,-0.5237769757142856,1.0,0.0,0
C_ID_672153c320,-34.96259066,72,2.0277777777777777,0.34101166,-0.4855915369444444,0.6805555555555556,0.0,0
C_ID_c85b2cad34,-33.56785994999999,56,1.2142857142857142,-0.22097988,-0.5994260705357142,0.9464285714285714,-0.19008808,0
C_ID_e8520139e3,-61.825530920000006,90,1.1555555555555554,-0.09609454,-0.6869503435555556,0.9111111111111111,-0.02795092,0
C_ID_2d858fd556,-19.406168989999998,27,0.0,-0.59664268,-0.7187469996296295,0.6666666666666666,-0.41174636,0
C_ID_2f4abe7d43,-0.38917162,10,2.2,1.56116442,-0.038917162,0.8,-0.19554372,0
C_ID_49163124fe,-7.681041969999999,11,1.0,-0.68995732,-0.6982765427272727,1.0,0.0,0
C_ID_858fcd4730,-24.084012310000002,62,1.435483870967742,2.05368839,-0.38845181145161295,0.9354838709677419,0.06421222,0
C_ID_42a5b4c0a6,-12.64022658,21,0.047619047619047616,0.07955035,-0.6019155514285714,0.8095238095238095,1.57072981,0
C_ID_8b39b19b04,123.10950638999998,93,2.7311827956989245,19.28144893,1.3237581332258062,0.9139784946236559,0.0,0
C_ID_8b9c186536,-47.92139436999999,77,0.0,1.15394595,-0.6223557710389609,1.0,-3.35619673,0
C_ID_1f5858f1f9,-8.127524690000001,17,1.6470588235294117,0.07955035,-0.4780896876470589,0.7647058823529411,-0.18523723,0
C_ID_1ba2b4442f,1.4084499700000002,10,1.4,2.88035691,0.14084499700000003,1.0,-0.00388991,0
C_ID_365b574a0e,-145.6509720400001,251,0.0,0.22981547,-0.5802827571314746,0.9482071713147411,0.0,0
C_ID_22dc360093,-27.046789569999987,42,1.3095238095238095,-0.29310714,-0.643971180238095,0.9761904761904762,1.22336361,0
C_ID_8a36f259da,-181.35055314999983,265,1.1471698113207547,1.47701595,-0.6843417099999993,0.8830188679245283,0.0,0
C_ID_bf2fb2f4c9,-42.20147756999999,61,0.14754098360655737,-0.38203404,-0.6918275011475408,0.8524590163934426,-0.43215597,0
C_ID_a51ffb9e95,-7.946109570000001,12,1.1666666666666667,-0.17590035,-0.6621757975000001,1.0,-0.84250708,0
C_ID_edc4688158,-14.423392699999997,22,0.0,-0.31510595,-0.655608759090909,0.9545454545454546,0.0,0
C_ID_842d022f95,-38.64285393,61,0.01639344262295082,-0.07517764,-0.6334894086885247,0.7377049180327869,-1.43300331,0
C_ID_8d1159ef7a,-22.891673540000003,33,1.0,-0.56642436,-0.693687076969697,0.8787878787878788,-1.36176836,0
C_ID_3221fe7497,-133.9376258399999,190,0.0,-0.32512864,-0.7049348728421048,0.9421052631578948,0.09919006,0
C_ID_66aded690d,-5.345846850000001,12,2.25,0.38008059,-0.4454872375000001,1.0,-0.3759515,0
C_ID_923b54ce57,-35.33611973,54,0.05555555555555555,-0.41354463,-0.6543725875925926,0.9259259259259259,3.62349324,0
C_ID_a5fb11778c,-145.18028161,212,0.018867924528301886,0.03447082,-0.6848126491037736,0.8773584905660378,0.0,0
C_ID_0259f3640c,-8.5815357,18,0.0,0.0780477,-0.47675198333333335,0.9444444444444444,-33.21928095,0
C_ID_bffcd8decd,-16.237889070000005,26,1.8461538461538463,-0.14584732,-0.6245341950000002,0.5384615384615384,0.0,0
C_ID_383be9ac18,-18.693536650000002,29,1.0,1.05477097,-0.6446047120689656,1.0,0.0,0
C_ID_7548d256f1,-14.471312209999999,21,1.1428571428571428,-0.54254723,-0.6891101052380952,0.6190476190476191,0.0,0
C_ID_028f7898f3,3.1320509899999998,42,2.380952380952381,6.07362591,0.07457264261904761,0.7380952380952381,0.0,0
C_ID_e3e0f3ffb9,-18.969693919999997,37,1.3783783783783783,0.51351601,-0.5126944302702702,0.7837837837837838,-0.40136714,0
C_ID_868c0b9447,-7.8962816700000005,18,2.3333333333333335,0.30494803,-0.43868231500000004,1.0,0.34412022,0
C_ID_224eabfa86,-9.59692216,28,1.7857142857142858,1.67384823,-0.34274722,0.9642857142857143,0.0,0
C_ID_88b301b46a,-13.93270194,20,0.25,-0.54420015,-0.6966350969999999,0.75,0.83606581,0
C_ID_b324092c3f,-6.054241729999999,21,2.761904761904762,1.42170336,-0.2882972252380952,0.8571428571428571,0.0,0
C_ID_48cbb99200,-3.5921327199999995,12,0.0,3.76375052,-0.2993443933333333,0.8333333333333334,0.0,0
C_ID_900e8b5d08,-7.836145549999999,24,0.0,3.11490574,-0.32650606458333326,1.0,0.0,0
C_ID_9e3a5219ec,-77.57119653,112,0.0,-0.36012538,-0.6925999690178571,0.9464285714285714,-3.10675702,0
C_ID_2639593373,7.696203649999998,41,1.0975609756097562,5.8608505,0.18771228414634142,0.6097560975609756,0.0,0
C_ID_dc4bcf02ac,-7.545097070000001,11,0.09090909090909091,-0.57757403,-0.6859179154545455,0.9090909090909091,1.69447398,0
C_ID_a157ee2928,-5.13942768,12,1.0,0.27973354,-0.42828563999999997,0.8333333333333334,-0.10521467,0
C_ID_506bea207e,-90.81102597000002,131,1.381679389312977,-0.25424858,-0.6932139387022902,0.8473282442748091,0.8398993,0
C_ID_de819698c7,-59.45808902000001,83,0.0,-0.62699623,-0.7163625183132531,0.9759036144578314,-1.5595399,0
C_ID_965a885b42,-15.68945143,28,0.0,0.41151605,-0.5603375510714286,0.8928571428571429,0.0,0
C_ID_32e1421433,-12.88397162,25,1.6,0.00393695,-0.5153588648,0.84,0.67548296,0
C_ID_23837f4e8b,-38.106001770000006,56,1.4285714285714286,-0.30874974,-0.6804643173214286,0.8928571428571429,-0.38447417,0
C_ID_a684ba360f,-12.59556779,49,0.0,2.25839456,-0.257052403877551,0.9387755102040817,0.0,0
C_ID_bfa562f528,-157.84836768999992,258,0.015503875968992248,1.90226623,-0.6118153786434105,0.9147286821705426,-1.30453398,0
C_ID_0e4e92d758,-15.962062410000003,31,1.1612903225806452,1.05477097,-0.5149052390322582,0.8064516129032258,-3.8659071,0
C_ID_c994d16709,-0.21546515,3,1.0,-0.06141335,-0.07182171666666666,1.0,0.0,0
C_ID_5235fbf873,-34.017858879999984,51,0.0,-0.49145709,-0.6670168407843134,0.9215686274509803,-0.92130981,0
C_ID_11863384de,-6.414667649999999,11,0.9090909090909091,0.22981547,-0.5831516045454544,0.9090909090909091,0.0,0
C_ID_3a2928d18f,-71.99554928,112,1.3214285714285714,-0.09741688,-0.6428174042857143,0.9642857142857143,0.0,0
C_ID_fea82dc338,-4.55385953,18,1.0,-0.0916467,-0.2529921961111111,1.0,-1.50407969,0
C_ID_26a2f0cdf6,-13.953138,22,1.3636363636363635,-0.34787877,-0.6342335454545455,1.0,0.0,0
C_ID_49b4c7a644,-34.03613113,90,0.0,2.22003188,-0.3781792347777778,0.9444444444444444,0.0,0
C_ID_9360c941bd,-14.752909060000004,20,0.0,-0.72436803,-0.7376454530000002,0.65,-0.93603694,0
C_ID_78073f1ff0,-8.94831783,14,0.07142857142857142,-0.39955495,-0.6391655592857143,0.8571428571428571,0.0,0
C_ID_5ce437e303,-33.930645029999994,66,1.0909090909090908,0.33234136,-0.5141006822727272,0.7575757575757576,-2.19531676,0
C_ID_b746a2c3f1,-23.85349058,39,1.2307692307692308,-0.08574128,-0.6116279635897436,1.0,0.0,0
C_ID_4053098b39,-241.31957340000005,378,1.0952380952380953,0.49428208,-0.63841156984127,0.9761904761904762,-1.03592351,0
C_ID_31094ddd98,-99.83249286999995,146,0.0273972602739726,-0.14584732,-0.6837841977397257,0.8972602739726028,-0.58059171,0
C_ID_e30211f5ee,-62.15558825999999,104,0.009615384615384616,0.30494803,-0.5976498871153845,0.9423076923076923,0.0,0
C_ID_04fbe01239,16.14962335,22,2.1818181818181817,5.1134318,0.7340737886363636,0.8181818181818182,0.01806073,0
C_ID_9b4dafbe17,-27.88346577,44,1.4545454545454546,0.28090561,-0.6337151311363637,0.9318181818181818,2.21897906,0
C_ID_571ca1dc0d,-98.58551779,140,0.02857142857142857,-0.39446096,-0.7041822699285714,0.9214285714285714,-1.49769358,0
C_ID_28fc430cd8,-22.621872639999992,43,4.116279069767442,-0.32766812,-0.5260900613953486,0.46511627906976744,-2.59927483,0
C_ID_df11e4b9c6,-9.582932490000001,14,1.0714285714285714,-0.52152514,-0.684495177857143,0.7142857142857143,0.18692303,0
C_ID_763728864d,-16.451821520000003,23,0.0,-0.65674872,-0.7152965878260871,0.9565217391304348,0.0,0
C_ID_a0a9cb421d,-63.70292827000001,110,0.0,0.75574338,-0.5791175297272728,0.9363636363636364,0.0,0
C_ID_f09ad7342f,-55.24932831,83,0.03614457831325301,-0.20766639,-0.6656545579518073,0.8313253012048193,0.0,0
C_ID_1f77d955cd,-89.62408189000004,131,0.0,0.601361,-0.6841532968702293,0.8702290076335878,0.0,0
C_ID_1c54be5564,-70.72520795999998,119,0.008403361344537815,0.75574338,-0.594329478655462,0.9411764705882353,-0.5889751,0
C_ID_4f8afa4426,-37.97342281,53,0.018867924528301886,-0.62699623,-0.7164796756603774,0.9056603773584906,0.0,0
C_ID_a7c13b65e5,-1.1188139499999998,17,1.411764705882353,1.49180204,-0.06581258529411764,0.8235294117647058,0.0,0
C_ID_0e20dbcf99,-73.00300177000001,104,0.0,-0.4378425,-0.7019519400961539,0.9519230769230769,0.65401146,0
C_ID_5e30546aa5,-6.40171477,9,0.0,-0.65674872,-0.711301641111111,0.7777777777777778,-3.31046252,0
C_ID_490c365fed,-11.841537420000002,22,1.6818181818181819,0.23131812,-0.538251700909091,0.8636363636363636,1.29778899,0
C_ID_a733a94026,2.942611740000003,39,2.5128205128205128,5.70492039,0.07545158307692315,0.8717948717948718,0.0,0
C_ID_24c35109f5,-52.2486541,76,0.013157894736842105,0.08426868,-0.6874822907894738,0.8947368421052632,3.3251435,0
C_ID_13231c41ef,-72.34753027,134,0.0,2.06304991,-0.5399069423134328,0.9029850746268657,0.0,0
C_ID_17fb7146ca,-119.59304713999995,168,0.017857142857142856,-0.29611244,-0.711863375833333,0.875,0.0,0
C_ID_f97b3636e5,-66.097433,99,1.0505050505050506,1.17813863,-0.6676508383838383,0.9393939393939394,0.18113979,0
C_ID_3cf3e1481b,-83.19644646000002,234,1.0726495726495726,5.86475739,-0.35554036948717954,0.9829059829059829,0.0,0
C_ID_495bff00b9,-220.11709021000013,324,0.027777777777777776,-0.05671006,-0.6793737352160498,0.9290123456790124,-0.43209758,0
C_ID_eeb5e14231,-25.899575499999994,39,0.8974358974358975,-0.41677533,-0.6640916794871793,0.8461538461538461,0.0,0
C_ID_6678d4bce3,-9.196255279999999,14,1.7857142857142858,-0.56827262,-0.656875377142857,0.8571428571428571,0.0,0
C_ID_ee2687eeb0,-43.69320445000002,70,0.0,-0.20442067,-0.6241886350000002,0.9571428571428572,0.0,0
C_ID_c3654eb519,-176.19937470000002,281,0.017793594306049824,1.50556632,-0.6270440380782919,0.9217081850533808,-1.60666485,0
C_ID_f57fb0624b,-11.737478859999996,21,1.619047619047619,0.65957371,-0.5589275647619045,0.9047619047619048,-0.36857944,0
C_ID_705a0c4705,-5.7199919700000015,10,1.4,-0.37875826,-0.5719991970000001,1.0,-5.49928408,0
C_ID_561767685e,-30.117156719999997,64,1.453125,4.02596315,-0.47058057374999995,0.890625,0.0,0
C_ID_500a2927d8,-10.762543740000002,15,0.0,-0.63979882,-0.7175029160000002,1.0,0.5328474,0
C_ID_c044636704,-13.082441810000002,67,1.8059701492537314,6.46281256,-0.1952603255223881,0.9701492537313433,0.0,0
C_ID_ec614311be,-37.16104451,57,1.5614035087719298,0.46573171,-0.6519481492982456,0.8245614035087719,-0.65643923,0
C_ID_1b998d970a,-59.314089960000004,106,1.6226415094339623,1.48660286,-0.5595668864150943,0.9622641509433962,0.66789832,0
C_ID_a8178f67c3,-178.7622062400002,281,1.4128113879003559,2.25839456,-0.6361644350177943,0.9750889679715302,0.0,0
C_ID_b2e1ee2083,-13.628249799999997,20,0.0,-0.3704486,-0.6814124899999998,1.0,-0.62466167,0
C_ID_8196265b5d,-46.67801074,104,1.2788461538461537,5.19427444,-0.44882702634615385,0.9423076923076923,0.0,0
C_ID_2060b9b1e1,6.381594259999999,34,2.588235294117647,3.76104574,0.18769394882352938,0.7941176470588235,-5.5334109,0
C_ID_840c867903,-150.93563095999997,239,1.7280334728033473,0.00438774,-0.6315298366527196,0.9832635983263598,-2.10072016,0
C_ID_9a832774a1,-37.479486370000004,57,1.4035087719298245,-0.37560269,-0.6575348485964913,0.9298245614035088,1.02953174,0
C_ID_111ab4a609,5.993143879999998,48,1.6041666666666667,5.4138268,0.12485716416666663,0.7083333333333334,2.34465863,0
C_ID_a12bf4b775,-2.12649185,16,0.0,0.75574338,-0.132905740625,1.0,0.0,0
C_ID_0bcc425142,-9.42551476,22,1.6818181818181819,0.93606153,-0.4284324890909091,0.9545454545454546,0.0,0
C_ID_3470e96c3e,-5.05619582,9,1.8888888888888888,0.30494803,-0.5617995355555556,0.8888888888888888,-1.22218631,0
C_ID_79636ea702,-86.77727906999996,144,0.0,-0.10670326,-0.6026199935416664,0.9236111111111112,0.0,0
C_ID_17f54ced48,-46.74672689999998,66,0.13636363636363635,-0.60193201,-0.7082837409090905,0.8484848484848485,-2.14737975,0
C_ID_962757249c,-12.84048497,19,1.0,-9.016E-5,-0.6758149984210526,1.0,0.0,0
C_ID_84936ac08d,-48.36661486000001,75,1.2933333333333332,-0.49175763,-0.6448881981333335,0.7866666666666666,0.0,0
C_ID_fbc09a866a,-51.564211519999986,77,1.0389610389610389,0.72626137,-0.6696650846753245,0.9090909090909091,0.0,0
C_ID_2261fb45f2,-0.6259443700000001,18,3.1666666666666665,2.054034,-0.03477468722222223,0.8333333333333334,0.74617319,0
C_ID_64c6b86116,-101.93384544999996,236,4.86864406779661,3.52549014,-0.4319230739406778,0.885593220338983,-0.36469253,0
C_ID_8ec32b57d2,-23.441658959999994,51,1.1372549019607843,3.76104574,-0.4596403717647058,1.0,-1.39737142,0
C_ID_66787a03c2,-181.7569300499999,289,1.0173010380622838,1.27288079,-0.6289167129757782,0.9688581314878892,-0.03535905,0
C_ID_dd7c3c8d5c,-3.7219768000000006,8,0.0,-0.10804062,-0.4652471000000001,1.0,1.6815335,0
C_ID_26a6ca8976,-29.726692869999997,65,0.0,1.15414129,-0.4573337364615384,0.8923076923076924,0.0,0
C_ID_a6c849dc02,-24.004642249999986,68,2.338235294117647,4.0218008,-0.35300944485294095,0.7941176470588235,0.0,0
C_ID_18ea4030f0,-41.29198291,67,1.0,0.01921891,-0.6162982523880597,1.0,0.24300002,0
C_ID_c4a1ed209e,-66.25139460000001,95,0.0,-0.46636282,-0.6973831010526317,0.9263157894736842,0.0,0
C_ID_bec8f591e2,1.893069980000001,20,0.2,6.65486641,0.09465349900000006,0.8,1.93270717,0
C_ID_937ebc893e,-26.06059963,36,0.08333333333333333,-0.62834862,-0.7239055452777777,0.5833333333333334,1.3090015,0
C_ID_2f07fcd8a7,-56.512502110000035,86,1.0813953488372092,0.19498402,-0.65712211755814,0.9302325581395349,-0.55728353,0
C_ID_86426b8bb4,-90.81415151999995,138,3.0217391304347827,0.04949733,-0.6580735617391301,0.463768115942029,-1.68609847,0
C_ID_6d1d7c979d,2.92148447,12,6.25,2.1966356,0.2434570391666667,0.75,-0.76845016,0
C_ID_ab97aab7be,-105.56695540000007,156,0.0,-0.242017,-0.676711252564103,0.8589743589743589,0.0,0
C_ID_781dbde2f2,-115.01502498000002,380,0.007894736842105263,6.85650717,-0.3026711183684211,0.9763157894736842,0.0,0
C_ID_0b11f663c5,-36.40303209,52,0.09615384615384616,-0.29460979,-0.700058309423077,0.75,0.0,0
C_ID_6d9f46d209,-74.92644034,115,1.4695652173913043,0.19841006,-0.6515342638260869,0.6434782608695652,0.0,0
C_ID_24b8cfe860,-5.8296404399999995,9,1.1111111111111112,-0.46899246,-0.6477378266666666,1.0,-0.52251773,0
C_ID_b38b320887,-54.45266774,75,0.0,-0.3607565,-0.7260355698666667,0.8933333333333333,0.0,0
C_ID_011b83727d,0.12517082999999993,5,2.2,1.6723606,0.025034165999999986,1.0,0.0,0
C_ID_11b72a25d2,-73.74827163000003,120,0.016666666666666666,0.45521315,-0.6145689302500003,0.9416666666666667,3.71439296,0
C_ID_5b5cc56be2,1.702939530000001,28,1.2857142857142858,0.99422915,0.060819268928571465,1.0,-0.27971262,0
C_ID_7de5eaddc0,-15.051425769999998,25,0.0,-0.14584732,-0.6020570308,0.96,0.0,0
C_ID_3275f5193b,-17.09067368,27,0.0,-0.45425145,-0.6329879140740741,0.5925925925925926,0.0,0
C_ID_e8426b6077,-153.00877871000012,219,0.0,-0.35922379,-0.6986702224200918,0.9863013698630136,0.0,0
C_ID_908a385c11,-140.81632715,202,0.01485148514851485,0.00441779,-0.6971105304455446,0.9207920792079208,-0.25759829,0
C_ID_647bbd1227,-71.09481507000001,120,0.025,2.36297909,-0.59245679225,0.9166666666666666,0.0,0
C_ID_617b783fe2,-147.52051059999997,216,1.0648148148148149,-0.33504613,-0.6829653268518517,0.9212962962962963,0.0,0
C_ID_70e9b117bf,-120.47663615999998,185,1.0324324324324323,0.12462989,-0.6512250603243243,0.9567567567567568,-0.31505265,0
C_ID_8ad3d8cb53,-10.624510220000001,21,2.6666666666666665,0.15468291,-0.5059290580952381,0.7142857142857143,0.17830105,0
C_ID_d716da6267,-20.451939069999995,31,0.0967741935483871,-0.47643058,-0.6597399699999998,0.8387096774193549,-0.81662558,0
C_ID_9546ac11f8,-192.2347514800001,264,0.04924242424242424,-0.24840327,-0.7281619374242428,0.9318181818181818,1.91398628,0
C_ID_79f1fe1b91,-21.303777,30,0.0,-0.60050449,-0.7101259,0.8666666666666667,0.0,0
C_ID_aca959d738,-38.10783497,106,2.69811320754717,2.86545061,-0.3595078770754717,0.7547169811320755,0.0,0
C_ID_1d836c3fcf,-25.548766549999993,40,0.0,-0.32030513,-0.6387191637499998,0.8,0.0,0
C_ID_a14867124d,-11.673255540000001,18,0.0,-0.34015515,-0.6485141966666668,1.0,-5.90129791,0
C_ID_d5df9ced79,-9.398677420000004,56,3.9107142857142856,4.06142571,-0.16783352535714294,0.7678571428571429,2.56680023,0
C_ID_f2ba43f9d0,-36.650999629999994,55,1.2,-0.28859919,-0.6663818114545453,0.9090909090909091,1.23461703,0
C_ID_14355e0eef,-49.00121448999998,75,1.12,0.00291514,-0.6533495265333331,0.7866666666666666,0.9332093,0
C_ID_c1296e2cec,-18.799203069999994,30,1.2333333333333334,-0.44637756,-0.6266401023333331,0.8666666666666667,-0.51693879,0
C_ID_fe4f7ea9c7,-61.30729661,94,1.2234042553191489,-0.14584732,-0.6522052830851064,0.9680851063829787,-1.07196762,0
C_ID_a4aa839a71,-61.85393106000001,98,0.01020408163265306,0.00441779,-0.6311625618367348,0.7857142857142857,0.0,0
C_ID_3226f2663f,-43.610288119999986,72,1.125,-0.02563523,-0.6056984461111109,0.875,1.13419373,0
C_ID_5f2dfbb118,-41.14750297999999,61,1.098360655737705,0.30494803,-0.6745492291803278,0.9344262295081968,0.0,0
C_ID_8c425b2e90,-16.98649486,24,0.041666666666666664,-0.55156314,-0.7077706191666667,0.9583333333333334,0.95970831,0
C_ID_69b9d441da,-3.8051034699999997,8,2.875,0.48484543,-0.47563793374999996,1.0,0.0,0
C_ID_720b773fc8,-6.3221193399999995,11,1.7272727272727273,-0.14617791,-0.5747381218181817,1.0,-1.21385854,0
C_ID_2fa90e774b,-27.41152813,38,0.02631578947368421,-0.62671073,-0.7213560034210527,0.7894736842105263,0.0,0
C_ID_cd6c2f571c,-13.719731199999998,20,1.0,-0.65375845,-0.6859865599999999,0.9,0.0,0
C_ID_992a72782a,-5.519733680000001,32,2.96875,1.80609656,-0.17249167750000002,0.6875,0.0,0
C_ID_dc7cb7431d,-15.70320067,22,0.09090909090909091,-0.59779972,-0.7137818486363636,0.8181818181818182,3.17629568,0
C_ID_de841dd450,-31.641806730000006,69,1.6666666666666667,0.75424073,-0.45857690913043486,0.9565217391304348,1.35217935,0
C_ID_154fc24543,-25.67345658,36,0.05555555555555555,-0.59664268,-0.7131515716666667,0.9444444444444444,0.0,0
C_ID_b2d88da8f6,-13.30910172,21,0.0,-0.43766218,-0.6337667485714286,1.0,-0.37304318,0
C_ID_952015f6ac,-57.58931684,84,0.03571428571428571,1.13140618,-0.6855871052380953,0.9285714285714286,0.0,0
C_ID_a992914379,-15.09569388,27,0.0,0.75574338,-0.5590997733333334,0.9629629629629629,2.13448036,0
C_ID_cacf083e2b,-10.849592320000001,19,2.1052631578947367,0.03830258,-0.5710311747368422,1.0,0.15702101,0
C_ID_d8d468aa00,-91.37262700000002,246,0.036585365853658534,3.47554202,-0.371433443089431,0.8617886178861789,-0.94302981,0
C_ID_c908ea76c0,-9.34187721,30,1.9666666666666666,2.85043913,-0.31139590699999997,0.6666666666666666,2.97597076,0
C_ID_926675b91e,-81.24523881,127,1.094488188976378,0.70315059,-0.6397262898425197,0.9606299212598425,0.06174975,0
C_ID_2b8c017ec2,7.44360802,12,2.6666666666666665,1.72289476,0.6203006683333333,1.0,-1.58485438,0
C_ID_445033705d,-85.94536638000007,134,1.2462686567164178,0.68061083,-0.6413833311940303,0.9104477611940298,0.0,0
C_ID_901acf4750,-353.9259087699995,496,0.0,-0.23600639,-0.7135602999395152,0.8830645161290323,0.62449086,0
C_ID_ebbb85d401,-262.7709708999999,369,1.008130081300813,-0.30062039,-0.7121164523035227,0.9728997289972899,0.0,0
C_ID_6562bdf29d,-24.263579080000003,40,1.125,-0.31805115,-0.6065894770000001,1.0,-0.96580749,0
C_ID_72516ca5d6,-31.02720740000001,46,1.2391304347826086,0.1982598,-0.6745045086956524,0.9782608695652174,0.0,0
C_ID_5c4c7089ae,-14.767514839999997,24,1.25,-0.34119198,-0.6153131183333332,1.0,0.0,0
C_ID_66bbe6a3a1,-50.237836360000024,71,0.0,-0.50649863,-0.7075751600000003,0.9014084507042254,-0.73144467,0
C_ID_961d7c7a7a,-28.69895453,42,0.023809523809523808,-0.52151012,-0.6833084411904762,0.7142857142857143,0.0,0
C_ID_a6641a23e4,-25.562605980000004,37,0.13513513513513514,-0.50696445,-0.6908812427027028,0.7837837837837838,0.0,0
C_ID_de05b82fb0,-14.623064970000001,31,0.3870967741935484,0.27489501,-0.4717117732258065,0.8064516129032258,0.34535591,0
C_ID_6562446bbf,-24.070909139999998,36,0.0,-0.52166038,-0.6686363649999999,1.0,0.3545847,0
C_ID_4ca8cce197,-5.490732489999999,17,3.1176470588235294,1.20653874,-0.322984264117647,0.6470588235294118,0.0,0
C_ID_9c36fa4767,-1.65441897,61,0.0,4.39699778,-0.027121622459016396,0.7704918032786885,-1.63119445,0
C_ID_550df452ab,-7.27679869,17,2.9411764705882355,0.75574338,-0.42804698176470585,0.4117647058823529,-0.43968174,0
C_ID_45056b1c5a,-48.65169789000001,69,0.028985507246376812,-0.43135105,-0.7050970708695653,0.8695652173913043,-0.26738769,0
C_ID_08bdb766f9,-89.69027374999999,133,0.015037593984962405,-0.32616547,-0.6743629605263157,0.9323308270676691,-1.75701991,0
C_ID_c744360611,-39.55033506,72,1.75,0.7966155,-0.5493102091666667,0.9027777777777778,2.0884117,0
C_ID_66c3c0ed37,-24.870169300000004,52,1.3461538461538463,0.6612717,-0.4782724865384616,0.8461538461538461,0.0,0
C_ID_aa5bfce7b8,-4.749940489999999,7,1.0,-0.63438927,-0.678562927142857,1.0,-1.13875641,0
C_ID_28e065257d,-194.87073224000008,282,0.024822695035460994,2.88985367,-0.6910309653900713,0.8333333333333334,0.0,0
C_ID_64ac6b3c23,-23.398983649999998,35,0.0,-0.46144915,-0.6685423899999999,0.9714285714285714,0.27793282,0
C_ID_8b93bbcf18,114.48717367,104,1.9903846153846154,5.28650717,1.1008382083653847,0.5961538461538461,-0.22898056,0
C_ID_952180c575,-7.0806276,13,0.0,-0.29611244,-0.5446636615384615,1.0,-0.08956276,0
C_ID_47cf54ce84,-14.328350030000003,23,0.0,-0.20174595,-0.6229717404347828,1.0,-1.69020774,0
C_ID_f996c618d9,-23.018256949999987,68,0.11764705882352941,13.07748306,-0.3385037786764704,0.7352941176470589,-3.93734439,0
C_ID_80d1d5e1d1,-83.6554612,169,1.136094674556213,1.23478858,-0.4950027289940829,0.9940828402366864,0.0,0
C_ID_7fd98e2cee,-43.80058389,67,1.1940298507462686,1.29835073,-0.6537400580597015,0.9850746268656716,1.36418506,0
C_ID_e4db76e1e8,-5.607608709999999,20,5.1,1.07878333,-0.28038043549999997,1.0,0.0,0
C_ID_425aef4693,1.6371084200000003,46,1.326086956521739,11.79542107,0.03558931347826088,1.0,0.0,0
C_ID_6434d1f9aa,-25.627565620000002,49,0.0,0.07869384,-0.5230115432653062,0.9591836734693877,0.0,0
C_ID_88e2131378,-88.80013307999997,129,1.0,0.1004372,-0.6883731246511625,0.937984496124031,0.0,0
C_ID_289a6ec36e,-11.874129940000001,23,1.0,0.52096916,-0.5162665191304349,1.0,0.0,0
C_ID_1de9aa810d,-155.63984572000004,278,1.1079136690647482,4.25875387,-0.559855560143885,0.9892086330935251,-1.10032617,0
C_ID_bffa16be0b,-169.24605179999998,286,1.1293706293706294,2.95802895,-0.5917694118881118,0.951048951048951,0.0,0
C_ID_deb4e79ad9,-59.5493149,91,0.054945054945054944,0.07589891,-0.6543880758241758,0.9120879120879121,-1.0210028,0
C_ID_051da3a2ff,-5.42625372,9,0.0,-0.50735514,-0.60291708,0.7777777777777778,0.0,0
C_ID_6d8b8987b6,-46.80206952,67,0.0,-0.29669848,-0.6985383510447761,0.9402985074626866,0.19587162,0
C_ID_f112aa3381,-61.74105189999999,92,0.010869565217391304,-0.10715406,-0.6710983902173911,0.9565217391304348,2.4571503,0
C_ID_ec5164fed5,-79.64087315999998,113,1.0884955752212389,-0.41679036,-0.7047864881415927,0.9026548672566371,-3.64524643,0
C_ID_5be21a688e,-3.1647787300000005,10,0.7,0.52042821,-0.3164778730000001,1.0,-0.02480609,0
C_ID_f17dda92b0,-19.199344060000005,66,1.9242424242424243,2.0450181,-0.2908991524242425,1.0,0.0,0
C_ID_49393fdca1,-85.92401377,128,0.0,-0.14930342,-0.671281357578125,0.9453125,0.0,0
C_ID_b2c7710a3f,-44.13761350999998,62,0.0,-0.20580311,-0.7118969920967738,0.967741935483871,0.0,0
C_ID_52616cf25f,-43.488573419999994,61,0.0,-0.52151012,-0.712927433114754,1.0,2.90646064,0
C_ID_11e9c9ad33,-49.36185081,163,1.2822085889570551,5.80465135,-0.3028334405521472,0.9631901840490797,-0.25893758,0
C_ID_375c74dc0c,-12.854414519999999,20,0.05,0.3951071,-0.642720726,0.65,0.82550192,0
C_ID_c981da5215,-49.85028765000002,74,1.0810810810810811,-0.1834136,-0.6736525358108111,0.8513513513513513,0.0,0
C_ID_d91f1fc332,-8.01342837,12,1.0,-0.37875826,-0.6677856974999999,1.0,0.0,0
C_ID_15a0a7cce2,-12.049564490000002,46,1.173913043478261,1.94283782,-0.26194705413043484,0.8695652173913043,0.0,0
C_ID_abd0c4db8c,-5.864291590000002,72,0.041666666666666664,2.3144134,-0.08144849430555559,0.6944444444444444,0.34048285,0
C_ID_9145153304,-56.930689800000025,83,0.0,-0.22452614,-0.6859119253012051,0.9518072289156626,-1.68311325,0
C_ID_e78f02d1c0,-27.309768560000006,42,1.8333333333333333,-0.11447197,-0.6502325847619049,0.9285714285714286,-1.17186928,0
C_ID_3e917cea5e,-186.39393139999987,288,0.013888888888888888,0.3864368,-0.647201150694444,0.9305555555555556,-2.47194733,0
C_ID_d0645ce887,-101.68599809999994,205,0.0,7.96846905,-0.49602925902438993,0.9073170731707317,0.70965027,0
C_ID_b135c470f4,-17.578434249999997,55,1.018181818181818,2.5559195,-0.31960789545454543,0.9454545454545454,-2.40021179,0
C_ID_8a264ab0da,-13.22681653,45,1.8444444444444446,1.08332134,-0.2939292562222222,0.8222222222222222,-0.42921862,0
C_ID_b934089bf0,-67.28769801000001,102,0.00980392156862745,-0.14584732,-0.6596833138235295,0.9411764705882353,-1.06281098,0
C_ID_6030812875,-82.67903854000005,153,1.2026143790849673,3.15998527,-0.5403858728104578,0.934640522875817,0.61464085,0
C_ID_78614089a9,-41.470287449999994,227,1.52863436123348,9.92191558,-0.18268849096916298,0.8986784140969163,0.0,0
C_ID_453edef7a6,-10.679131570000001,32,0.53125,0.05161607,-0.33372286156250003,0.59375,3.30473744,0
C_ID_c153bfbb48,-20.9163184,34,2.0,-0.18679457,-0.6151858352941177,0.9117647058823529,0.0,0
C_ID_fafc60e2dd,-24.136484789999994,37,1.027027027027027,-0.19940181,-0.6523374267567565,0.8918918918918919,-0.0976108,0
C_ID_3bcd19807f,-4.931580949999999,17,0.0,1.33576674,-0.29009299705882347,0.9411764705882353,-0.64343971,0
C_ID_3674cad0cb,-279.64587898,397,0.0025188916876574307,0.50029268,-0.7043976800503778,0.924433249370277,-1.63776292,0
C_ID_ec5242faec,-112.87078671999997,163,0.006134969325153374,-0.02565026,-0.6924588142331286,0.9631901840490797,-0.48255654,0
C_ID_b0a055fcbc,-20.322109989999994,49,1.7551020408163265,3.06032945,-0.41473693857142846,0.9387755102040817,0.53763045,0
C_ID_e457bbc7ca,-368.0349167899994,513,0.0,0.05791218,-0.7174169917933712,0.9610136452241715,-0.77722014,0
C_ID_9534160a90,-81.01081027000006,126,0.12698412698412698,0.45521315,-0.6429429386507942,0.8253968253968254,0.0,0
C_ID_cef147fd7f,-21.807631009999994,44,0.0,1.05627362,-0.49562797749999987,1.0,0.40127818,0
C_ID_68d1fdc759,-35.18504317,49,0.0,-0.55156314,-0.7180621055102041,0.9591836734693877,0.0,0
C_ID_4189be294f,-66.11334610000004,95,0.021052631578947368,-0.14584732,-0.6959299589473689,0.8842105263157894,0.183218,0
C_ID_659486854b,-34.07034649999999,53,1.471698113207547,-0.22128041,-0.6428367264150942,0.8679245283018868,-1.25957829,0
C_ID_0f19ec44cb,-151.60782690000002,217,0.0,-0.33243152,-0.6986535801843319,0.967741935483871,0.0,0
C_ID_89cdd19696,-79.24886149000004,116,1.3793103448275863,-0.43524291,-0.6831798404310349,0.9310344827586207,0.0,0
C_ID_13a066d33e,-99.51400600000007,147,1.1088435374149659,-0.08423863,-0.6769660272108848,0.8979591836734694,-0.29073569,0
C_ID_768395a67f,-39.603063130000024,56,1.1607142857142858,0.04799468,-0.7071975558928576,0.9285714285714286,-0.66296501,0
C_ID_22270921b8,-23.599242020000002,71,1.1408450704225352,2.12465861,-0.33238369042253524,0.7464788732394366,0.0,0
C_ID_cffd5ca24b,-46.92579775999998,72,1.1527777777777777,-0.28081545,-0.6517471911111108,0.9722222222222222,0.0,0
C_ID_a4f656c5bc,-56.85367893999995,84,0.047619047619047616,-0.38657204,-0.6768295111904756,0.8452380952380952,0.0,0
C_ID_4d929ad8cf,-28.33233770999999,51,1.2352941176470589,0.75270803,-0.5555360335294116,0.9607843137254902,0.23621204,0
C_ID_b47d204624,-25.47949433999999,41,0.975609756097561,-0.17590035,-0.6214510814634144,1.0,0.0,0
C_ID_140aedd22d,-19.815400999999994,67,2.373134328358209,9.77165046,-0.2957522537313432,0.9253731343283582,3.32682489,0
C_ID_7b59b95c8e,-130.72196732,203,1.1330049261083743,1.49204246,-0.6439505779310345,0.9852216748768473,0.0,0
C_ID_94ebac148d,-32.72586434999999,57,1.0,1.50706897,-0.5741379710526313,0.8245614035087719,-0.63696716,0
C_ID_6a3712ca75,-3.0682934900000003,17,2.2941176470588234,2.85945504,-0.18048785235294118,0.8823529411764706,-0.62073047,0
C_ID_3abc2ab72f,-18.876589610000003,26,0.0,-0.67338307,-0.7260226773076924,0.7307692307692307,-2.58074849,0
C_ID_5e027ff323,-19.006448740000003,27,0.0,-0.62677083,-0.7039425459259261,0.9629629629629629,0.13905682,0
C_ID_a1e34ec465,-9.369991820000001,16,2.0,0.02383205,-0.5856244887500001,1.0,0.11695853,0
C_ID_16ae0031f1,-160.72082025000003,295,1.3661016949152542,3.06195231,-0.5448163398305086,0.9966101694915255,-0.451384,0
C_ID_6a5fe4e653,-231.04352798999997,336,0.011904761904761904,1.58220153,-0.6876295475892856,0.9761904761904762,0.0,0
C_ID_5a7aa7bd79,-61.31341241000004,91,0.06593406593406594,-0.15185793,-0.6737737627472532,0.8241758241758241,-1.48311286,0
C_ID_65a3e89c99,-145.37346243999997,214,1.1775700934579438,0.00937654,-0.6793152450467288,0.9532710280373832,-0.51861178,0
C_ID_8f8d24d04d,-25.919170079999997,43,3.697674418604651,0.00293017,-0.6027713972093023,0.8372093023255814,-0.9338383,0
C_ID_975a9a165d,-51.902247920000036,77,0.06493506493506493,0.05818265,-0.6740551677922083,0.8311688311688312,0.89157913,0
C_ID_a30fef89fb,-18.088313839999998,26,0.0,-0.54404989,-0.6957043784615384,1.0,0.55000977,0
C_ID_bf4d28b377,-50.89661365999997,95,1.2421052631578948,3.03436363,-0.5357538279999997,0.9578947368421052,0.09160604,0
C_ID_7c06c9572e,-21.503539440000004,33,0.0,-0.29611244,-0.6516224072727274,0.9393939393939394,0.0,0
C_ID_45da84126a,-2.4880447499999994,22,0.0,0.75574338,-0.11309294318181816,0.9090909090909091,0.0,0
C_ID_575d9dfad6,18.502699970000002,34,0.0,5.26369692,0.5441970579411766,0.9411764705882353,-0.98004988,0
C_ID_2be5e44d60,-131.58707363999997,210,0.03333333333333333,0.50029268,-0.6266051125714285,0.9380952380952381,-0.10838272,0
C_ID_e9137d5dd8,-10.95975168,29,2.4827586206896552,0.64011438,-0.37792247172413795,1.0,-0.44419985,0
C_ID_c9836bb20e,-58.27975498999999,84,1.0952380952380953,-0.02713788,-0.6938066070238094,0.8095238095238095,-0.62924512,0
C_ID_6fbb6f3203,-37.78850654000001,56,0.017857142857142856,-0.41632454,-0.6747947596428573,0.9107142857142857,0.48449446,0
C_ID_27f8e6fbb0,-131.80317003000002,212,1.0424528301886793,1.05627362,-0.6217130661792454,0.9764150943396226,0.0,0
C_ID_bec4a7fa32,-1.8119418600000003,21,2.5238095238095237,2.04652075,-0.08628294571428573,0.9047619047619048,0.0,0
C_ID_30f9e1c0a8,-11.88204893,19,0.0,-0.2196876,-0.6253709963157895,0.9473684210526315,0.13629989,0
C_ID_68fc554138,-24.302031949999996,34,0.0,-0.66426198,-0.7147656455882352,1.0,0.0,0
C_ID_adef26bad1,-170.76886844999999,259,0.0,-0.05657482,-0.6593392604247104,0.9613899613899614,-1.08295062,0
C_ID_aa9c1b82e6,-12.488338609999998,20,0.0,-0.50648361,-0.6244169304999999,0.95,0.53853816,0
C_ID_cb78aada2d,-0.16182050999999986,11,1.9090909090909092,2.53788768,-0.014710955454545442,1.0,-0.47666912,0
C_ID_7746749520,-15.66294466,24,0.0,-0.14584732,-0.6526226941666667,0.875,-0.6612804,0
C_ID_00fc4aa661,-682.7596163499994,996,0.0050200803212851405,1.50706897,-0.6855016228413648,0.964859437751004,0.0,0
C_ID_17ca744527,-28.253523689999994,39,0.02564102564102564,-0.58161617,-0.7244493253846153,0.7692307692307693,1.67450151,0
C_ID_0387ece11d,-20.19732985,29,0.0,-0.52151012,-0.69645965,0.896551724137931,-1.25949017,0
C_ID_c98c0ea322,-10.853123529999998,16,1.5,-0.48397389,-0.6783202206249999,0.9375,1.18273942,0
C_ID_ed80d15b50,-91.12390807,136,1.0808823529411764,1.10513984,-0.6700287358088235,0.9632352941176471,1.17801885,0
C_ID_32e310a2dc,-12.25063422,28,1.4285714285714286,1.4108993,-0.4375226507142857,0.8214285714285714,-2.14745472,0
C_ID_68298aff57,-71.87634391999995,110,0.0,0.11408128,-0.653421308363636,0.990909090909091,0.0,0
C_ID_2d62d5444b,-30.274409220000003,50,2.7,0.60397562,-0.6054881844000001,0.88,-0.70818042,0
C_ID_e8ad14c005,-40.154911730000016,64,1.015625,0.45521315,-0.6274204957812503,0.96875,0.39431605,0
C_ID_73d9994e0a,-211.4999567299999,315,1.161904761904762,0.60397562,-0.6714284340634917,0.9619047619047619,0.0,0
C_ID_020f46e139,-37.265058059999994,73,1.0,-0.09218765,-0.5104802473972602,1.0,0.03173058,0
C_ID_3e208bf3b9,-58.14338943,93,0.25806451612903225,2.09842232,-0.6251977358064515,0.7096774193548387,0.0,0
C_ID_c9f463f83b,-65.02951381999998,130,1.5461538461538462,2.08871519,-0.5002270293846152,0.8692307692307693,0.0,0
C_ID_9a4e01a9b5,-9.322868640000001,14,1.8571428571428572,-0.56689018,-0.6659191885714286,0.9285714285714286,0.0,0
C_ID_b2f63d0503,-46.74517916,71,1.0422535211267605,1.09233725,-0.6583828050704226,0.9295774647887324,-0.03816486,0
C_ID_5bccbd89d6,-40.00140086000001,57,0.0,-0.50977441,-0.7017789624561406,1.0,0.87369333,0
C_ID_d2e0c8d212,-9.304701609999999,13,0.0,-0.6266957,-0.7157462776923076,1.0,0.0,0
C_ID_46e3409f41,-48.32000266999999,80,1.0,0.09938535,-0.6040000333749999,0.975,-0.51046748,0
C_ID_4262b34f89,-29.683807209999998,47,1.1702127659574468,0.4537105,-0.6315703661702127,1.0,2.44543819,0
C_ID_3179fecacc,-12.132210279999999,18,0.0,-0.61523047,-0.6740116822222222,0.8888888888888888,-0.14754786,0
C_ID_c42c0cc848,-21.35325934,30,0.0,-0.47356052,-0.7117753113333334,0.8,-2.17858651,0
C_ID_12e157e5d7,-29.337355919999997,43,1.0232558139534884,-0.48855698,-0.6822640911627906,1.0,1.3239537,0
C_ID_f7c40d4dc8,-65.73881019000001,101,1.198019801980198,-0.09349496,-0.6508793088118813,0.7920792079207921,0.48351082,0
C_ID_8aa5ce4793,-77.87594917000001,111,0.05405405405405406,-0.38627151,-0.7015851276576578,0.8648648648648649,1.8484797,0
C_ID_f946eb0afd,-12.449540190000002,21,0.0,-0.02563523,-0.5928352471428573,0.9523809523809523,-0.36107566,0
C_ID_2bbaef7134,-52.523203540000004,76,1.0526315789473684,-0.4360844,-0.6910947834210527,0.8026315789473685,-6.11067226,0
C_ID_a10f286ffc,-20.436506810000004,28,0.14285714285714285,-0.64352539,-0.7298752432142859,0.6071428571428571,-1.05384046,0
C_ID_9ca1057b5d,-43.68725395000001,63,1.0952380952380953,-0.5750045,-0.6934484753968256,0.746031746031746,0.0606049,0
C_ID_c07898fcd6,-210.0403565600001,388,0.005154639175257732,2.95577498,-0.5413411251546395,0.9072164948453608,-0.66881526,0
C_ID_88dd6736f1,-196.29867155999997,304,0.0,0.83087594,-0.6457193143421052,0.9802631578947368,0.0,0
C_ID_54a9ba461e,25.62433488,55,1.8727272727272728,15.63192996,0.4658969978181818,0.9636363636363636,0.09167093,0
C_ID_08385fd293,-18.408528820000004,28,0.0,0.12462989,-0.657447457857143,0.9642857142857143,0.44149372,0
C_ID_970df4852c,-125.57574761999997,179,0.0,-0.51641613,-0.7015404894972066,0.9217877094972067,-2.68958548,0
C_ID_77306c2aba,-2.5964460299999996,18,2.4444444444444446,1.00555914,-0.14424700166666665,1.0,1.90968747,0
C_ID_77f41af736,-131.28382362,182,0.0,-0.50651366,-0.7213396902197802,0.945054945054945,-0.95586688,0
C_ID_55ff033dd0,-56.11661356999999,97,0.0,1.43193642,-0.5785217893814432,0.9484536082474226,1.05595286,0
C_ID_d802852b7a,-15.44928273,24,0.0,-0.48015716,-0.64372011375,0.9583333333333334,-1.27551952,0
C_ID_92c9bb9fd8,-127.26336008999988,185,0.016216216216216217,-0.42159884,-0.6879100545405399,0.9621621621621622,0.0,0
C_ID_b1dd991f63,-63.49649407,101,0.009900990099009901,0.25235524,-0.6286781591089109,0.8910891089108911,0.0,0
C_ID_d99f742a3f,-28.379581060000003,44,0.11363636363636363,-0.20144542,-0.6449904786363637,0.8636363636363636,0.57243269,0
C_ID_80bae15c6f,-23.1208429,33,0.0,-0.59347208,-0.700631603030303,0.8787878787878788,0.0,0
C_ID_81dfeef577,-42.425192240000015,62,1.0806451612903225,-0.50945886,-0.6842772941935487,0.8548387096774194,0.5636622,0
C_ID_bf2cd5d884,-66.97457556000002,97,0.041237113402061855,-0.32275445,-0.6904595418556703,0.8865979381443299,0.09115369,0
C_ID_4b35f23434,-65.83924737999997,100,0.0,0.46855669,-0.6583924737999998,0.97,0.28627024,0
C_ID_fbd2fd41ea,-5.65721116,12,1.0,-0.44652782,-0.4714342633333333,1.0,0.0,0
C_ID_0356a7ea39,-232.0148117900002,364,1.0137362637362637,0.33923853,-0.6374033290934071,0.9697802197802198,0.0,0
C_ID_867ebcd487,-399.17698686,644,1.313664596273292,2.5589248,-0.6198400417080745,0.889751552795031,0.0,0
C_ID_ac422d291f,-49.14241865,74,0.04054054054054054,-0.25268582,-0.6640867385135135,0.918918918918919,0.0,0
C_ID_2c64e6b757,-86.17489635,127,1.1653543307086613,-0.2450223,-0.6785424909448818,0.8976377952755905,-0.07514901,0
C_ID_e866d93f44,-9.91301988,15,0.0,-0.54090935,-0.660867992,0.8666666666666667,0.0,0
C_ID_1c8ccfb313,-6.755183410000001,10,0.0,-0.565087,-0.6755183410000001,0.9,-1.21809228,0
C_ID_db02246835,-9.96702515,15,0.0,-0.52111943,-0.6644683433333333,0.8666666666666667,0.85060771,0
C_ID_9c52e92816,-45.599813309999995,63,0.047619047619047616,-0.62684597,-0.7238065604761904,0.8412698412698413,-0.3248024,0
C_ID_a2ffdcc581,-5.79455354,8,0.0,-0.70656161,-0.7243191925,1.0,0.21012628,0
C_ID_b39e9eddac,5.189420870000001,33,1.878787878787879,2.25839456,0.1572551778787879,0.7575757575757576,0.17067039,0
C_ID_8298920b32,-10.844904040000001,19,0.0,0.41013361,-0.5707844231578948,1.0,-2.35197048,0
C_ID_8cf73f36c0,-21.89326705,36,1.5,-0.04967765,-0.6081463069444444,1.0,0.0,0
C_ID_71008739d8,-17.394314370000004,35,0.0,0.3951071,-0.49698041057142867,1.0,-0.36065469,0
C_ID_1b8a065ef4,-25.144207780000013,47,0.0,1.88273177,-0.5349831442553195,0.9574468085106383,-0.03255521,0
C_ID_2f0c5f11f5,-43.117869369999994,80,1.325,1.06727303,-0.5389733671249999,1.0,-0.6904602,0
C_ID_ad6357e94b,-35.92421232,55,0.0,-0.45839877,-0.6531674967272728,0.9818181818181818,0.0,0
C_ID_c55cf67d0b,-22.565763560000004,40,1.95,-0.02473364,-0.5641440890000001,0.775,1.23015275,0
C_ID_2f7aed0337,-96.50267792,138,1.181159420289855,-0.21496928,-0.6992947675362319,0.9347826086956522,0.0,0
C_ID_a0c8a4c896,-44.217314149999986,61,0.04918032786885246,-0.5807296,-0.7248740024590161,0.7704918032786885,-2.78184781,0
C_ID_1cade0beb1,-116.79363797999996,191,1.1413612565445026,1.96189143,-0.611485015602094,0.9685863874345549,0.0,0
C_ID_bc4b86bc00,-9.96415515,14,1.0,-0.70197853,-0.7117253678571428,1.0,0.0,0
C_ID_bc244c4d02,-12.20079125,24,1.0416666666666667,1.41776641,-0.5083663020833333,1.0,0.0,0
C_ID_12a29dea20,-98.82538612999996,150,0.013333333333333334,0.48281685,-0.658835907533333,0.9733333333333334,0.0,0
C_ID_185a43cfcf,-26.15685945,39,0.02564102564102564,-0.31979422,-0.6706887038461539,0.9487179487179487,1.19563969,0
C_ID_23eaff7182,2.56021708,11,4.363636363636363,1.634043,0.2327470072727273,1.0,-3.58225845,0
C_ID_3f91797ca9,-16.61711317,23,0.0,-0.67177524,-0.7224831813043479,0.8260869565217391,-1.97641272,0
C_ID_2e4654241d,-42.39290028999999,68,1.0735294117647058,0.75574338,-0.6234250042647058,0.9411764705882353,0.06739673,0
C_ID_26e7d789a5,-10.17046912,17,0.35294117647058826,0.28051492,-0.5982628894117648,0.6470588235294118,0.0,0
C_ID_41a361df27,-32.16268571,52,1.2307692307692308,-0.41797745,-0.6185131867307692,0.9038461538461539,4.26398461,0
C_ID_e4311b91f3,-32.39887244,47,1.0,-0.4321174,-0.6893377114893616,0.8297872340425532,0.0,0
C_ID_b9a6a7532a,-29.91234536999999,44,1.0909090909090908,-0.35772114,-0.6798260311363634,0.9772727272727273,0.0,0
C_ID_d0e91afe77,-15.22564315,39,1.6153846153846154,2.288117,-0.3904011064102564,0.9230769230769231,-2.80060656,0
C_ID_51ffc1212a,-24.96500163,37,0.0,-0.2971643,-0.6747297737837837,0.9459459459459459,-1.23895981,0
C_ID_558daeb8d1,-150.25374293000002,218,0.0,-0.33563217,-0.6892373528899083,0.981651376146789,0.0,0
C_ID_acb7f2dc11,-7.99454005,14,1.7142857142857142,-0.3064056,-0.571038575,1.0,-0.8549634,0
C_ID_9ecca97bce,-99.14456422000005,136,0.022058823529411766,-0.6907988,-0.7290041486764709,0.8970588235294118,0.0,0
C_ID_4929c81ea7,-34.98603201999998,49,0.02040816326530612,-0.67177524,-0.7140006534693873,0.8571428571428571,0.0,0
C_ID_56ce3f4ebb,-14.765411130000002,22,0.045454545454545456,-0.37214659,-0.6711550513636365,0.9545454545454546,0.22202663,0
C_ID_d9f8a52e31,-18.798000970000004,32,1.375,-0.00112699,-0.5874375303125001,0.5625,0.0,0
C_ID_5a2484ae66,-62.5295531,103,1.2427184466019416,1.33809585,-0.6070830398058252,0.9223300970873787,-0.15166842,0
C_ID_64cc85080e,-12.87992951,21,0.0,-0.14455504,-0.6133299766666667,0.9523809523809523,0.0,0
C_ID_bc8287173c,-7.7437926500000005,17,2.176470588235294,-0.05457629,-0.45551721470588236,1.0,-0.5691516,0
C_ID_1bb4f414ca,-13.731782460000002,26,1.9615384615384615,-0.07116556,-0.5281454792307693,0.8846153846153846,-0.43776736,0
C_ID_5c952a6496,-18.03295618,26,1.0769230769230769,-0.29629276,-0.6935752376923077,1.0,-1.5830692,0
C_ID_a10f2b828d,-26.033927539999997,45,1.2666666666666666,0.38759385,-0.578531723111111,1.0,0.0,0
C_ID_141a0e31b1,-40.049515760000006,68,1.1911764705882353,0.081053,-0.5889634670588236,0.9264705882352942,6.10873058,0
C_ID_db7e851f8a,24.36977142,120,2.0166666666666666,6.63282252,0.2030814285,0.8083333333333333,0.0,0
C_ID_a05ad917e1,-24.890740589999993,36,0.0,-0.25472943,-0.6914094608333331,0.9444444444444444,3.02821322,0
C_ID_b1653b0962,482.91583014,147,1.0136054421768708,26.54355171,3.285141701632653,0.8843537414965986,0.0,0
C_ID_104b8a5f86,-32.95558970999999,76,0.039473684210526314,2.70738674,-0.4336261803947367,0.8289473684210527,-0.00368491,0
C_ID_2ddefa1908,-8.950451579999998,17,1.6470588235294117,0.15468291,-0.5264971517647057,0.8823529411764706,0.51590821,0
C_ID_cfa3a5f638,-54.11838790999999,78,1.0512820512820513,-0.41407056,-0.6938254860256409,0.6410256410256411,1.51500821,0
C_ID_5b85b966c1,-58.20100110000001,91,0.0,-0.44607703,-0.6395714406593408,0.8461538461538461,-0.18241077,0
C_ID_df894f2881,-71.13164508000004,146,1.1232876712328768,6.01502251,-0.487203048493151,0.9931506849315068,0.0,0
C_ID_17df623b82,-28.083919390000002,39,0.07692307692307693,-0.62819835,-0.7201004971794872,0.7692307692307693,2.07268756,0
C_ID_cdad610a53,-12.668912210000002,34,1.0,3.00972015,-0.3726150650000001,0.7352941176470589,0.0,0
C_ID_937851c54e,-55.36020893999999,78,0.01282051282051282,-0.59664268,-0.7097462684615383,0.9358974358974359,1.21368736,0
C_ID_cd54b161e7,-212.74365602999998,321,1.0249221183800623,1.34959113,-0.6627528225233644,0.9501557632398754,2.68696537,0
C_ID_b2e0a22343,-193.58450805000012,338,1.1094674556213018,2.54239564,-0.5727352309171602,0.9644970414201184,-0.21336131,0
C_ID_1cd5f35015,-51.71461186999998,80,0.025,-0.20747105,-0.6464326483749997,0.875,0.0,0
C_ID_34d43e8195,-18.392660819999996,38,1.9473684210526316,0.57843055,-0.4840173899999999,0.7631578947368421,0.0,0
C_ID_eab5ebf4fe,-39.05724001000001,66,1.0,0.07955035,-0.5917763637878789,0.9696969696969697,-1.19490981,0
C_ID_f759827ad5,-19.23162103,37,0.02702702702702703,1.34177734,-0.5197735413513513,0.972972972972973,0.32581949,0
C_ID_4aee20f45b,-31.47050447,56,1.1428571428571428,1.88028245,-0.5619732941071429,0.9821428571428571,-0.06779901,0
C_ID_072dfa8fd1,-25.030186630000003,53,1.2075471698113207,1.26601367,-0.472267672264151,1.0,-1.2064438,0
C_ID_1c3fe412d8,-283.76753095000004,419,0.00477326968973747,0.02703269,-0.6772494772076373,0.9522673031026253,-0.17201923,0
C_ID_b4dda8e596,-33.77812593000002,178,1.0786516853932584,6.16528763,-0.18976475241573046,0.9719101123595506,0.3441277,0
C_ID_e8543a34a4,-18.01062677,25,0.0,-0.65975403,-0.7204250708,0.96,-0.27618477,0
C_ID_68ef72e740,-8.52160997,12,0.0,-0.66088102,-0.7101341641666666,0.9166666666666666,0.0,0
C_ID_f4dcc540f0,-126.06404917999997,201,1.044776119402985,1.50409372,-0.6271843242786068,0.9850746268656716,-0.04513992,0
C_ID_7573b71ea6,-18.94664322,34,1.2352941176470589,0.15318026,-0.5572542123529411,1.0,0.0,0
C_ID_1ba97e9891,-38.331504659999986,63,1.3015873015873016,0.15287973,-0.6084365819047617,0.9682539682539683,0.0,0
C_ID_be902f2160,-12.21287261,22,2.590909090909091,0.48391379,-0.5551305731818181,0.8181818181818182,-1.72144966,0
C_ID_448508eb96,-25.493529109999994,49,1.0408163265306123,9.02182752,-0.5202761042857141,0.8979591836734694,0.0,0
C_ID_311a00b379,-8.76639184,15,1.6,-0.17289504,-0.5844261226666667,0.9333333333333333,0.0,0
C_ID_fffb9ea3f6,-40.88834067000001,58,0.1724137931034483,-0.49142704,-0.7049713908620692,0.7241379310344828,-2.28942318,0
C_ID_e06fd3c719,-21.54705622,44,1.7045454545454546,1.35680386,-0.4897058231818182,0.6590909090909091,0.0,0
C_ID_a2ddda49a6,-1.7333832900000008,20,2.55,3.61013449,-0.08666916450000003,1.0,-1.12543941,0
C_ID_2d1c0eb2d4,-94.67691171000003,137,0.0,0.19007035,-0.6910723482481754,0.9635036496350365,-0.38019106,0
C_ID_5aef254d2b,-49.81786047000002,101,1.3663366336633664,1.69461487,-0.49324614326732696,0.8712871287128713,0.0,0
C_ID_34e8fcc64e,-21.045831879999998,34,0.0,0.75273808,-0.6189950552941176,0.8529411764705882,0.44074536,0
C_ID_ce93d47a64,-198.40965598000008,286,0.01048951048951049,-0.31414426,-0.6937400558741261,0.9405594405594405,0.27939542,0
C_ID_aecffe73f2,-27.742006209999996,46,0.2608695652173913,0.51123198,-0.603087091521739,0.9565217391304348,0.0,0
C_ID_58506e29c0,-20.34251598,30,0.0,-0.56816744,-0.678083866,1.0,-3.06023765,0
C_ID_79fff95a59,-88.42135987,123,0.024390243902439025,-0.44637756,-0.7188728444715448,0.959349593495935,-0.79446946,0
C_ID_976d5ae0b6,8.52356339,28,3.392857142857143,5.1134318,0.3044129782142857,0.7857142857142857,0.0,0
C_ID_095bfe94c5,-24.477120829999997,37,0.0,-0.1834136,-0.6615438062162161,0.8918918918918919,0.0,0
C_ID_09daef40d3,-32.37633277000001,102,2.2941176470588234,10.29757837,-0.3174150271568629,0.8921568627450981,0.0,0
C_ID_62ae44f5a0,-44.37658019000003,73,1.4794520547945205,0.06452384,-0.6078983587671236,0.9178082191780822,0.0320463,0
C_ID_7e3ededb2b,-28.066939439999988,39,0.07692307692307693,-0.44637756,-0.7196651138461535,0.7948717948717948,-3.56468966,0
C_ID_56b76f5ab1,-89.33349914999998,174,0.011494252873563218,2.13818247,-0.5134109146551723,0.9137931034482759,0.0,0
C_ID_79b188afba,-22.776735780000003,38,1.131578947368421,0.60547827,-0.5993877836842106,1.0,-2.12991392,0
C_ID_928371cb03,-152.86425367999996,297,1.5151515151515151,5.11192915,-0.5146944568350167,0.9730639730639731,-2.65456576,0
C_ID_e94fc8f9e8,13.937315079999998,71,1.028169014084507,7.06687834,0.19630021239436615,0.9154929577464789,0.0,0
C_ID_fa20bcb28b,-77.25509884000002,150,1.14,1.50706897,-0.5150339922666668,0.9866666666666667,0.0,0
C_ID_a04f30c7f5,-6.394712389999999,17,2.2941176470588234,0.68061083,-0.3761595523529411,0.8823529411764706,0.0,0
C_ID_08a35fdc5d,-18.423765670000005,34,1.0294117647058822,0.22981547,-0.541875460882353,0.8529411764705882,0.0,0
C_ID_b32cc88662,-50.80501208,98,1.489795918367347,1.35680386,-0.5184184906122449,0.9591836734693877,0.63412878,0
C_ID_0b9210d232,-63.47559224000002,95,1.0736842105263158,-0.01511667,-0.6681641288421054,0.9263157894736842,0.0,0
C_ID_b8fbab36f7,-222.79104302,596,1.1761744966442953,22.14078375,-0.3738104748657718,0.9815436241610739,-0.20164016,0
C_ID_4b5718b20c,-123.44498826999998,212,1.650943396226415,0.83087594,-0.5822876805188678,0.9292452830188679,-1.81731712,0
C_ID_b2cc2b9518,-30.84147968,43,0.0,-0.59810025,-0.7172437134883721,0.9069767441860465,0.0,0
C_ID_71763d487f,-59.70994829,91,1.1868131868131868,0.1396564,-0.6561532779120879,0.8791208791208791,0.10809213,0
C_ID_0c3509a768,-67.25704396,111,1.4234234234234233,0.84590246,-0.605919314954955,0.954954954954955,0.0,0
C_ID_e856bb7b71,-26.661645100000005,40,0.0,-0.31143948,-0.6665411275000002,0.95,0.58693378,0
C_ID_6d2b58cd7b,-184.35010033999998,298,1.4328859060402686,0.69413469,-0.6186244977852349,0.8657718120805369,-1.32181814,0
C_ID_a8cfb0ebf3,-17.37599706,44,1.6590909090909092,2.25839456,-0.39490902409090906,0.8863636363636364,1.06647135,0
C_ID_115aa9f6d8,-154.38520726999997,258,0.011627906976744186,4.26894184,-0.59839227624031,0.9341085271317829,0.92994886,0
C_ID_1875c11108,-286.35810153000017,433,0.006928406466512702,0.75574338,-0.6613351074595847,0.9561200923787528,-0.34904965,0
C_ID_070f819f52,-113.96719629999997,168,0.13690476190476192,-0.40129802,-0.6783761684523808,0.9642857142857143,-1.36494006,0
C_ID_0e75487144,-132.36425988000008,195,0.005128205128205128,0.31004202,-0.6787910763076928,0.9384615384615385,-0.64570321,0
C_ID_1a751ebf04,3.945406059999999,27,3.111111111111111,3.61679123,0.14612615037037033,0.5555555555555556,-0.24346049,0
C_ID_f53957c30d,-11.66303752,18,1.0,-0.48634808,-0.6479465288888888,1.0,0.0,0
C_ID_a343bf4f05,-150.77085021000008,229,0.013100436681222707,0.30344538,-0.6583879921834065,0.8908296943231441,0.03036431,0
C_ID_f9dc46265c,-8.7662416,41,0.0,1.75924389,-0.21381077073170734,0.926829268292683,-0.11099089,0
C_ID_51b53a742f,-87.01260933,126,0.0,-0.28975623,-0.6905762645238096,0.9285714285714286,0.0,0
C_ID_824cadda10,11.774744590000001,7,6.285714285714286,4.48231831,1.68210637,0.7142857142857143,-0.84485869,0
C_ID_a4bbe9b961,-28.74391392,58,1.6551724137931034,0.68662143,-0.4955847227586207,0.896551724137931,0.38276125,0
C_ID_2a96dff99b,-67.80911794000001,124,0.04838709677419355,2.58747517,-0.5468477253225807,0.9032258064516129,0.79717354,0
C_ID_6d6d30ddff,-54.26309325000001,89,1.101123595505618,-0.04501943,-0.6096976769662923,0.9775280898876404,0.0,0
C_ID_6e5b250d51,-12.35308497,27,2.0,0.75424073,-0.4575216655555555,0.8888888888888888,-0.40240274,0
C_ID_edfa984480,-38.471266140000004,70,0.04285714285714286,0.00441779,-0.5495895162857144,0.9428571428571428,0.0,0
C_ID_1026ebb312,-4.80381052,10,1.5,0.50630329,-0.480381052,0.9,0.66657627,0
C_ID_6c019616ff,-38.18836209000001,158,1.7468354430379747,11.96168942,-0.2416984942405064,0.9493670886075949,-0.78711637,0
C_ID_764c121db1,-264.59834510000013,380,0.0,-0.25103291,-0.6963114344736846,0.9710526315789474,0.0,0
C_ID_537a7f0da1,-9.997874570000002,15,0.0,-0.53743822,-0.6665249713333334,0.9333333333333333,-33.21928095,0
C_ID_279f152cc5,-20.805197300000003,29,0.6896551724137931,-0.59664268,-0.7174205965517243,0.27586206896551724,0.41962477,0
C_ID_beca437536,-16.768535320000005,47,1.4680851063829787,1.86770526,-0.35677734723404264,0.7446808510638298,-0.19501547,0
C_ID_d4c5149cf0,-66.14945480000003,106,1.0377358490566038,0.16925863,-0.6240514603773588,1.0,0.0,0
C_ID_addcb5298c,-65.91747550999996,99,1.3131313131313131,1.20652371,-0.6658330859595956,0.8484848484848485,1.91401099,0
C_ID_3b170a154a,-91.14517063000002,160,1.2625,4.0856184,-0.5696573164375002,0.98125,1.12177838,0
C_ID_4dcb636877,-6.770119760000001,11,1.2727272727272727,-0.38627151,-0.6154654327272728,0.8181818181818182,-0.17835529,0
C_ID_af9c1d1f6a,-53.44828069000001,87,0.0,-0.41383013,-0.6143480539080461,0.9770114942528736,0.01828266,0
C_ID_db3a6274cc,-19.498972709999997,28,0.0,-0.55159319,-0.6963918824999998,0.8928571428571429,3.12229407,0
C_ID_5f5a111834,-31.67252096999999,62,0.0,1.77290299,-0.5108471124193547,0.9354838709677419,-0.37130692,0
C_ID_1e03c45ddc,-48.631006309999975,66,0.0,-0.70783886,-0.7368334289393935,0.9242424242424242,-2.04871343,0
C_ID_691d5af751,-62.413007470000004,106,0.0,-0.05574836,-0.588801957264151,0.9056603773584906,1.88311234,0
C_ID_5a4077e9d7,-75.26796287999996,115,0.0,-0.36966722,-0.6545040250434779,0.8695652173913043,0.27928606,0
C_ID_87f9c8cfe3,-75.48885256000003,130,1.1153846153846154,2.16820544,-0.5806834812307694,0.9923076923076923,-1.05097203,0
C_ID_5057342cac,-46.873114669999964,72,1.3333333333333333,0.06452384,-0.6510154815277773,0.19444444444444445,1.95719848,0
C_ID_8a5814083a,-90.63001673000004,129,0.0,-0.31489558,-0.7025582692248065,0.9069767441860465,2.13851892,0
C_ID_8539573854,-22.38741386999999,56,0.08928571428571429,6.7663481,-0.39977524767857125,0.8928571428571429,1.08978783,0
C_ID_6e7f4eaa11,-47.334864549999985,71,0.056338028169014086,-0.44637756,-0.6666882330985914,0.9154929577464789,1.06831703,0
C_ID_03844d3e4c,-32.99464357,99,1.5353535353535352,8.80679814,-0.333279227979798,0.9393939393939394,0.0,0
C_ID_8c6444e7fd,-85.51578851000002,152,1.388157894736842,0.13561427,-0.5626038717763159,0.9473684210526315,0.57843063,0
C_ID_77f6139a7c,-23.435783560000008,37,0.02702702702702703,-0.31113895,-0.6333995556756759,0.9459459459459459,0.19528105,0
C_ID_84b8382367,1790.0668920599999,44,2.3636363636363638,1785.8992289,40.68333845590909,0.9772727272727273,-1.49051553,0
C_ID_29e331edbb,65.92150258,39,2.6923076923076925,11.58865627,1.6902949379487178,1.0,0.0,0
C_ID_fb4024b88c,5.26942201,18,1.8888888888888888,5.3658772,0.29274566722222223,1.0,0.0,0
C_ID_ab190886c0,-20.04033284,32,0.0,-0.01812197,-0.62626040125,0.78125,-1.3427385,0
C_ID_5abb88d30c,-12.40083921,23,0.0,0.15453265,-0.539166922173913,0.8260869565217391,0.0,0
C_ID_ca4e71e0d7,-142.5835049500001,260,1.073076923076923,2.67945245,-0.5483980959615389,0.9923076923076923,-0.26760907,0
C_ID_9ef69b1355,-248.76518022000013,356,0.02247191011235955,-0.44637756,-0.6987785961235958,0.9438202247191011,0.0,0
C_ID_10ac2799df,-13.933453249999996,28,1.1785714285714286,0.19375184,-0.49762333035714273,0.6071428571428571,0.76579443,0
C_ID_7834bd0bc8,-12.314947689999999,18,0.0,-0.38627151,-0.6841637605555555,1.0,0.0,0
C_ID_7ea9189a64,-21.00828061,69,1.4492753623188406,1.77448078,-0.3044678349275362,0.7971014492753623,0.41390782,0
C_ID_c3470acb2e,-69.22952911000002,138,1.0289855072463767,4.16255414,-0.5016632544202899,0.9855072463768116,-0.58017666,0
C_ID_022a9d8f99,-23.17693687,40,1.2,0.23035643,-0.57942342175,0.9,-1.66155488,0
C_ID_92bce58cd3,-16.60956987,32,1.15625,0.45521315,-0.5190490584375,0.75,0.0,0
C_ID_1918e741b5,-86.82046534,157,1.4012738853503184,1.95786433,-0.552996594522293,0.9554140127388535,0.0,0
C_ID_3c652f4df6,-61.68324487000002,97,0.020618556701030927,0.90450585,-0.6359097409278353,0.9072164948453608,-1.52808252,0
C_ID_3978070be0,-80.24632132,127,0.007874015748031496,0.96010394,-0.6318607977952756,0.937007874015748,1.12290277,0
C_ID_bc5bf87e48,-130.32821250999996,189,1.0158730158730158,-0.1982598,-0.6895672619576717,0.8941798941798942,0.12776319,0
C_ID_8e1c610dd9,-33.396707969999994,48,0.0,-0.56658965,-0.6957647493749999,0.7916666666666666,0.51910506,0
C_ID_cf57d59f4a,-68.70695210999999,101,0.0,-0.38090705,-0.6802668525742573,1.0,-2.46734413,0
C_ID_195a96f828,-7.960565109999999,14,1.5714285714285714,0.30494803,-0.5686117935714285,0.8571428571428571,1.31477776,0
C_ID_bc1cf6a065,-20.051707940000004,31,0.0,-0.14584732,-0.6468292883870969,0.8064516129032258,-2.38301815,0
C_ID_b8a82beadb,-47.04656586000002,71,0.014084507042253521,-0.42201958,-0.6626276881690144,0.8732394366197183,0.0,0
C_ID_2fd8d097a2,-24.274172759999992,41,0.0,-0.05568825,-0.5920529941463413,0.926829268292683,0.0,0
C_ID_34bf6a23d1,-77.41107408999999,167,0.029940119760479042,3.76104574,-0.4635393658083831,0.8802395209580839,0.0,0
C_ID_d48160e3ca,-26.379882909999992,37,0.08108108108108109,-0.55156314,-0.7129698083783782,0.7837837837837838,1.29916499,0
C_ID_f5e1842b0b,-28.22458263000001,49,1.0,-0.18922886,-0.5760118904081635,1.0,-0.12106543,0
C_ID_179e9aa7b7,-70.89206234,101,0.009900990099009901,0.02725809,-0.7019016073267327,0.8118811881188119,0.0,0
C_ID_b2c99d9400,-41.57880896,69,0.0,0.29865192,-0.6025914342028986,0.9130434782608695,0.42814948,0
C_ID_584f6b87db,-28.250172759999998,49,1.0816326530612246,-0.16185056,-0.5765341379591836,0.6122448979591837,-0.00443968,0
C_ID_593db67e8b,-8.1961808,24,1.2083333333333333,1.6253126,-0.34150753333333334,0.9583333333333334,0.0,0
C_ID_f7d3dfe742,-34.06881377999999,56,1.1964285714285714,0.00441779,-0.608371674642857,0.375,0.0,0
C_ID_e61693a153,-23.85751765,38,0.0,0.15203825,-0.6278294118421052,0.9736842105263158,3.80921324,0
C_ID_19efa85bae,-35.34173959999999,58,1.0,0.06414818,-0.6093403379310343,0.9482758620689655,0.0,0
C_ID_8d7aedcd30,37.742134750000005,34,2.323529411764706,12.91219143,1.110062786764706,0.8823529411764706,-1.94376645,0
C_ID_affc55be01,-7.496561440000001,12,0.0,-0.36179332,-0.6247134533333334,0.9166666666666666,-1.67621794,0
C_ID_9501ff1b09,-39.70704655999997,57,1.1578947368421053,-0.3478337,-0.696614851929824,0.6666666666666666,0.0,0
C_ID_b43ef33bb1,-24.7194985,39,1.0,0.15468291,-0.6338332948717949,0.9743589743589743,4.54074994,0
C_ID_372501b5ed,-1.14446421,3,1.3333333333333333,-0.09325453,-0.38148807,1.0,-0.02135322,0
C_ID_5ad9eee694,7.8507963600000075,112,4.678571428571429,2.0480234,0.07009639607142863,0.44642857142857145,0.0,0
C_ID_b911269124,-37.57383781,58,0.9827586206896551,-0.29611244,-0.6478247898275862,0.7931034482758621,-1.93804425,0
C_ID_41e227e619,-32.39329767999999,54,1.1111111111111112,0.75574338,-0.5998758829629628,0.9629629629629629,0.0,0
C_ID_94cad81337,-32.311267949999994,48,0.10416666666666667,-0.34269463,-0.6731514156249999,0.9375,0.0,0
C_ID_ffbb1f9527,-25.84584074,40,0.05,-0.29761509,-0.6461460185,0.95,0.0,0
C_ID_3f6a733530,-47.57386129000002,97,1.402061855670103,3.46412187,-0.4904521782474229,0.9072164948453608,0.0,0
C_ID_b4cf3d1588,-85.45112939999999,159,0.006289308176100629,1.84510538,-0.5374284867924527,0.8553459119496856,-0.46921682,0
C_ID_6a70bf90d9,-13.26304548,48,1.9791666666666667,1.50706897,-0.27631344750000003,0.7916666666666666,-33.21928095,0
C_ID_ce5d122da3,-48.39355745,71,0.014084507042253521,-0.29080808,-0.6815994007042254,0.8028169014084507,0.0,0
C_ID_cab2bd067d,-27.216454009999996,87,0.04597701149425287,2.13818247,-0.31283280471264363,0.9080459770114943,0.0,0
C_ID_d93d6aca06,-36.15294592,52,0.0,-0.46253106,-0.69524896,0.9807692307692307,2.15368427,0
C_ID_e114a030ba,-64.74283808000001,113,1.5132743362831858,2.72722173,-0.5729454697345134,0.911504424778761,0.0,0
C_ID_80a2b6ec90,-4.6556942,10,0.0,0.75574338,-0.46556942,0.7,0.0,0
C_ID_43d23cc7c5,-12.61680024,18,0.16666666666666666,-0.52000747,-0.7009333466666666,0.7222222222222222,0.0,0
C_ID_4c0a552a67,-11.14424718,31,1.4516129032258065,3.15697997,-0.35949184451612903,0.9032258064516129,2.50232995,0
C_ID_c4c28d3dfc,-35.08654446,58,1.5344827586206897,0.71141517,-0.6049404217241379,1.0,0.0,0
C_ID_af08439975,-9.683009080000001,14,1.0714285714285714,-0.65993435,-0.6916435057142858,0.42857142857142855,-1.39388079,0
C_ID_a38a4bba3f,-18.22968323,54,0.0,2.13707051,-0.33758672648148147,0.9444444444444444,-0.79864315,0
C_ID_9892d104fb,-29.386973500000003,42,0.0,-0.54284777,-0.6996898452380953,0.9523809523809523,0.0,0
C_ID_5c812bb19c,-127.54884888000001,176,0.011363636363636364,-0.64179735,-0.7247093686363637,0.9375,1.0588062,0
C_ID_7b64dcb71f,-78.19638954999996,146,1.2191780821917808,3.90830556,-0.5355917092465751,0.9383561643835616,0.0,0
C_ID_3f9cbb6983,-4.05884114,6,0.0,-0.61922752,-0.6764735233333333,1.0,-1.47159279,0
C_ID_9f85a64d59,-36.995226960000004,72,1.9305555555555556,0.59473431,-0.5138225966666667,0.8611111111111112,-1.08555404,0
C_ID_cf5eb6fd6f,-49.847492640000006,73,0.0273972602739726,-0.50843705,-0.682842364931507,0.8904109589041096,-0.04313708,0
C_ID_d75f54211d,-43.97125505999999,62,0.0,-0.51625084,-0.7092137912903225,0.8387096774193549,-1.67168166,0
C_ID_7f632364fe,-2.7780413899999994,4,0.0,-0.63420896,-0.6945103474999998,1.0,0.76855131,0
C_ID_aeab2f8c61,-13.872595900000002,24,1.1666666666666667,-0.14584732,-0.5780248291666668,0.8333333333333334,0.0,0
C_ID_e14e6f9374,-47.84295599999999,86,0.046511627906976744,0.45070519,-0.5563134418604649,0.7790697674418605,0.0,0
C_ID_84dfb35136,-120.53448823999999,193,1.3316062176165804,0.88325836,-0.624531027150259,0.7668393782383419,0.55742173,0
C_ID_6b4c9caa75,27.100208779999992,178,1.5168539325842696,18.44795837,0.15224836393258423,0.9887640449438202,0.0,0
C_ID_98bfe7678f,-95.55803638999998,150,0.0,2.25839456,-0.6370535759333332,0.92,0.0,0
C_ID_2189d60a4f,-33.01775437999999,73,1.082191780821918,3.76104574,-0.45229800520547936,0.8904109589041096,0.0,0
C_ID_944e18a0de,-3.46189795,11,1.4545454545454546,0.9830344,-0.31471799545454543,1.0,0.0,0
C_ID_6aab2214d3,-108.67855532000003,163,0.006134969325153374,0.07941511,-0.6667396031901842,0.950920245398773,1.68651667,0
C_ID_ac57b35535,-10.867158310000002,25,1.48,1.579632,-0.4346863324000001,0.96,2.21620292,0
C_ID_fc8e6be362,-130.52674294,186,0.0,-0.33883281,-0.7017566824731183,0.9301075268817204,-2.00807686,0
C_ID_327c890cdd,7.954674709999999,9,3.6666666666666665,5.25392969,0.8838527455555555,0.7777777777777778,-0.26839823,0
C_ID_d4f514309b,-0.909690060000002,69,1.434782608695652,5.26369692,-0.013183913913043507,0.8840579710144928,1.99374018,0
C_ID_e1bfd56f94,-92.03956360000005,139,0.0,0.1396564,-0.66215513381295,0.935251798561151,-1.19205928,0
C_ID_de814f00e0,-3.28873242,12,3.25,0.75424073,-0.274061035,1.0,0.0,0
C_ID_295194b0ec,-20.67747197999999,39,1.2564102564102564,1.54501092,-0.5301915892307689,1.0,0.89630131,0
C_ID_66a803ec48,-1.92148514,10,0.6,0.58086484,-0.192148514,0.9,0.78278377,0
C_ID_40a0e3b324,-18.086525690000002,30,1.8,0.22831282,-0.6028841896666667,0.8666666666666667,-1.58390884,0
C_ID_5f795ecf1a,-20.624743959999996,32,0.0,-0.4997367,-0.6445232487499999,1.0,0.0,0
C_ID_2138bc957e,-13.57613785,34,2.2058823529411766,0.75574338,-0.39929817205882356,0.7647058823529411,1.48808645,0
C_ID_0ba5b28f0e,23.599046599999994,41,2.341463414634146,5.26369692,0.5755865024390242,0.8292682926829268,-33.21928095,0
C_ID_1f788d6e94,-12.896563869999998,20,0.9,-0.14584732,-0.6448281934999999,1.0,-1.01015547,0
C_ID_2c73292df0,-13.169249979999995,35,1.7142857142857142,0.55739343,-0.376264285142857,0.9142857142857143,-1.63716807,0
C_ID_756c5e3732,-4.49028237,7,2.0,-0.51399686,-0.6414689100000001,1.0,15.01135831,0
C_ID_e861c754ec,-120.26053985000003,174,0.0,0.25301641,-0.6911525278735634,0.867816091954023,-0.1720546,0
C_ID_05761fdeb1,7.502692230000001,17,4.823529411764706,1.50706897,0.4413348370588236,0.8235294117647058,3.52723719,0
C_ID_8508fd8662,-63.716872949999996,97,1.2164948453608246,-0.147365,-0.6568749788659793,0.8041237113402062,0.0,0
C_ID_b2b5f9553d,-39.503151769999995,62,1.0,-0.26711127,-0.6371476091935483,1.0,0.23641982,0
C_ID_f82046a7e5,-19.243476930000003,38,1.394736842105263,0.76375252,-0.506407287631579,0.9473684210526315,1.86333201,0
C_ID_e1002e7e80,-29.10823169999999,47,1.2340425531914894,0.46449953,-0.619324078723404,0.9574468085106383,0.0,0
C_ID_eb0fd04fbf,-24.588497320000002,35,0.7714285714285715,-0.61166919,-0.7025284948571429,0.6857142857142857,0.0,0
C_ID_f82abffab2,-29.37107548999998,74,1.4594594594594594,3.51671466,-0.3969064255405403,0.8783783783783784,0.0,0
C_ID_7affbe29e2,-31.02396163,44,0.0,-0.29911774,-0.7050900370454545,0.8636363636363636,0.0,0
C_ID_9ca75de7d8,-63.445524120000016,97,0.0,0.75574338,-0.6540775682474228,0.8762886597938144,0.78786914,0
C_ID_51fbe11213,58.87952314,119,1.9831932773109244,23.59754396,0.49478590873949585,0.9243697478991597,0.0,0
C_ID_07b4a0ff33,-218.6457842900003,307,0.029315960912052116,0.07953533,-0.7122012517589587,0.9087947882736156,1.7811058,0
C_ID_a6b588ab6b,-83.34935618,126,0.023809523809523808,-0.10091805,-0.6615028268253969,0.9047619047619048,-1.96430856,0
C_ID_5f9c2b007a,75073.59063266002,119,0.03361344537815126,75146.63531799,630.8705095181515,0.907563025210084,-0.85591186,0
C_ID_4151873c75,-96.76502588999999,147,0.02040816326530612,-0.46140407,-0.6582654822448979,0.9659863945578231,0.0,0
C_ID_156cd8e645,-5.591199750000001,18,1.0555555555555556,3.79106871,-0.3106222083333334,0.9444444444444444,0.0,0
C_ID_42783ad955,-50.62726343,88,0.0,0.74071687,-0.5753098117045454,0.9545454545454546,-0.11321455,0
C_ID_fde5657a9e,-66.96870023,94,0.0,-0.32826918,-0.7124329811702127,0.9361702127659575,4.09432782,0
C_ID_b780080cb7,-13.279198970000003,27,2.3333333333333335,0.30494803,-0.4918221840740742,0.6666666666666666,0.39546863,0
C_ID_107e7488da,-141.27280249,222,1.072072072072072,2.29596084,-0.6363639751801802,0.972972972972973,-1.02359719,0
C_ID_5a3fbda49e,-42.89340329000001,71,1.028169014084507,2.10662679,-0.6041324407042254,1.0,0.0,0
C_ID_53f12d1aed,-45.103187150000004,76,1.7236842105263157,0.22981547,-0.5934629888157895,0.8947368421052632,-1.33527794,0
C_ID_18ea337ceb,-32.89596444,46,0.15217391304347827,-0.58735629,-0.7151296617391304,0.6956521739130435,0.0,0
C_ID_2e725d4ac7,-5.01039501,7,0.0,-0.69832708,-0.7157707157142857,0.7142857142857143,-0.3166576,0
C_ID_bdd4f9cd6f,-50.82314901000001,83,1.3614457831325302,0.46546123,-0.6123270965060242,0.9759036144578314,-0.87014652,0
C_ID_8c2bebece8,-23.338907649999992,44,1.7272727272727273,-0.20027335,-0.5304297193181816,0.8636363636363636,-0.93748017,0
C_ID_051f4d39c6,-3.01601626,19,2.6842105263157894,0.75574338,-0.15873769789473682,0.631578947368421,-0.22825806,0
C_ID_567f5c029a,-29.151643250000003,42,1.619047619047619,-0.37141029,-0.6940867440476192,0.9523809523809523,0.22966536,0
C_ID_b5e5e1b8d3,-108.86727331000002,159,1.0440251572327044,-0.44473967,-0.6846998321383648,0.9371069182389937,0.0,0
C_ID_52544fb23b,6.781840430000001,19,2.6315789473684212,1.8444893,0.35693897,0.9473684210526315,-1.69482284,0
C_ID_0379610f43,-26.821587280000003,39,0.05128205128205128,-0.32766812,-0.6877330071794873,0.7692307692307693,0.0,0
C_ID_08ca2d54ce,-16.447223389999998,44,1.4772727272727273,4.0632289,-0.37380053159090904,0.9772727272727273,-2.52069911,0
C_ID_f1857a5206,-29.687834260000006,47,1.446808510638298,-0.07071476,-0.6316560480851066,0.8723404255319149,0.0,0
C_ID_174763264c,-207.3907767300002,320,0.0,1.05627362,-0.6480961772812506,0.965625,0.0,0
C_ID_abf703bef6,-19.041039779999995,50,1.34,3.12515382,-0.3808207955999999,0.98,0.05936069,0
C_ID_6895ec9974,-5.450927260000001,10,1.7,-0.17259451,-0.5450927260000001,1.0,0.0,0
C_ID_fdd83c24e6,-27.292758599999992,42,0.0,-0.32637584,-0.6498275857142856,0.9523809523809523,0.77630854,0
C_ID_dfbbdd8bc5,-104.94526360999994,151,0.006622516556291391,-0.09325453,-0.695001745761589,0.9337748344370861,0.53761421,0
C_ID_ff41fb6f54,-57.27810269999997,82,0.0,-0.51473316,-0.6985134475609752,0.926829268292683,-0.35364883,0
C_ID_a170fbe499,50.65202706999999,41,3.2195121951219514,13.69657534,1.2354152943902437,0.926829268292683,-0.60116575,0
C_ID_6a63c4a4ab,28.377297079999998,13,1.3076923076923077,18.21053949,2.182869006153846,0.9230769230769231,1.67749142,0
C_ID_279a2588e6,-3.98164996,11,1.0,-0.35878802,-0.3619681781818182,0.8181818181818182,-33.21928095,0
C_ID_80983471d4,-133.98584587999994,194,0.0,-0.07176662,-0.6906486901030925,0.9123711340206185,3.22442633,0
C_ID_db49beaa61,-54.579942270000004,83,1.0963855421686748,-0.312867,-0.6575896659036145,0.9879518072289156,1.81265567,0
C_ID_49d0787c7c,-48.12320042000002,74,0.08108108108108109,-0.22097988,-0.6503135191891894,0.8108108108108109,-1.25518703,0
C_ID_1b20da1f36,-51.97425502000002,128,0.0,2.55772268,-0.4060488673437502,0.96875,0.0,0
C_ID_d6ebc1199b,-2.6063635,4,0.0,-0.60190196,-0.651590875,1.0,0.0,0
C_ID_fd1fd26a46,-67.48834702000002,101,1.0792079207920793,-0.31743506,-0.6682014556435646,0.900990099009901,-3.96834551,0
C_ID_d73c7dbf94,-64.65987670000003,113,1.0442477876106195,0.06452384,-0.5722112982300888,1.0,-1.02400908,0
C_ID_8cdbd087d9,-53.842501209999995,76,0.02631578947368421,-0.38627151,-0.7084539632894736,0.881578947368421,1.10810599,0
C_ID_60dbb7c2c8,-90.08144383000001,129,0.015503875968992248,-0.55156314,-0.6983057661240311,0.8837209302325582,-1.70054559,0
C_ID_c68829fbdb,-144.78750357999996,205,0.0,-0.29623265,-0.7062805052682926,0.9560975609756097,0.0,0
C_ID_806ee08457,-35.6680855,79,1.3037974683544304,2.99469364,-0.4514947531645569,0.8987341772151899,1.0,0
C_ID_cc6fffbedd,-64.40994076,111,1.2432432432432432,1.52056278,-0.5802697365765765,0.990990990990991,0.0,0
C_ID_6495d15ad7,-0.8431525999999999,8,2.625,0.91855564,-0.10539407499999999,0.875,1.09003493,0
C_ID_4c66560722,-40.1757535,58,1.0862068965517242,-0.15185793,-0.6926854051724137,0.8448275862068966,0.18067663,0
C_ID_3ae3a9ab6c,-37.98419687,55,0.0,0.64592964,-0.6906217612727272,0.9272727272727272,-0.65503001,0
C_ID_b28b5271af,-143.22201164999996,211,1.009478672985782,-0.46893235,-0.6787773063981041,0.966824644549763,-0.57309798,0
C_ID_131dc5d914,-37.974008860000005,52,0.0,-0.71204629,-0.7302694011538462,0.9615384615384616,0.01965038,0
C_ID_8fbf071989,-59.839401740000014,85,0.9882352941176471,-0.56888871,-0.7039929616470589,0.9764705882352941,0.0,0
C_ID_aabbe76b52,-43.376370449999996,60,0.0,-0.42534044,-0.7229395074999999,0.9666666666666667,0.0,0
C_ID_e1bfeca94b,-107.17458187999992,148,0.013513513513513514,-0.20294807,-0.7241525802702697,0.8851351351351351,0.0,0
C_ID_650181cf49,-21.266856839999996,52,1.1153846153846154,2.25839456,-0.40897801615384605,0.8269230769230769,0.0,0
C_ID_a83b73f5e6,-95.36315745000005,183,0.02185792349726776,0.72190368,-0.5211101500000003,0.9508196721311475,-0.63954359,0
C_ID_487d099fc7,-117.80710117000001,171,0.0,-0.22744128,-0.6889304161988304,0.9824561403508771,0.0,0
C_ID_0a25ba3e22,-48.46299493,69,0.0,-0.55456844,-0.7023622453623188,0.9130434782608695,0.0,0
C_ID_e61922796e,-81.41733738999999,142,1.028169014084507,0.27459448,-0.5733615309154929,0.971830985915493,-0.23818236,0
C_ID_d786606ac0,-234.97210447000018,343,0.0058309037900874635,-0.12308216,-0.6850498672594757,0.9504373177842566,0.0,0
C_ID_5d0d54bd73,-2.0612467199999998,7,3.4285714285714284,0.15318026,-0.29446381714285713,1.0,0.0,0
C_ID_94be232abd,-489.63528075999943,747,0.004016064257028112,0.6594535,-0.6554689166800528,0.9410977242302544,0.0,0
C_ID_8eefc6101b,-28.575601969999994,51,1.0784313725490196,0.38448336,-0.560305920980392,0.8823529411764706,-0.12294323,0
C_ID_5fa2f526c0,11.686043100000003,41,1.1951219512195121,4.11660307,0.2850254414634147,0.8292682926829268,-1.9614408,0
C_ID_c8076205fe,-101.35705273000002,179,0.00558659217877095,1.70289448,-0.5662405180446929,0.8659217877094972,-1.24548268,0
C_ID_a9c5fbfa27,-81.50657995999997,126,1.126984126984127,0.75574338,-0.6468776187301585,0.873015873015873,0.0,0
C_ID_af002becb1,-52.07505287000003,87,0.011494252873563218,0.15318026,-0.5985638260919544,0.9540229885057471,0.52806106,0
C_ID_7bf4de6403,-38.71764085000001,55,0.0,-0.46140407,-0.7039571063636365,0.9636363636363636,0.0,0
C_ID_b754a63f60,-79.59170639000007,121,1.0413223140495869,0.45521315,-0.6577826974380171,0.9752066115702479,-0.08724913,0
C_ID_ddb2988e93,-57.91306305000002,141,1.574468085106383,3.90982324,-0.4107309436170214,0.8794326241134752,0.0,0
C_ID_3591680c0b,2.5551080600000016,60,0.06666666666666667,3.98947878,0.04258513433333336,0.8,0.0,0
C_ID_72d59786a3,-154.51583260000007,231,0.017316017316017316,-0.00510901,-0.6688997082251085,0.935064935064935,-3.36169012,0
C_ID_1d42f70493,-196.27479447000005,311,1.270096463022508,0.36917134,-0.6311086638906754,0.7138263665594855,-1.19866977,0
C_ID_a327092795,-0.7672987699999998,21,2.380952380952381,1.95331129,-0.036538036666666655,0.8095238095238095,0.0,0
C_ID_d45b3be655,-18.18265029,30,0.0,-0.22548784,-0.606088343,0.9333333333333333,0.14481092,0
C_ID_cd2707f128,-109.29465736000012,167,0.0,0.00330583,-0.6544590261077852,0.9401197604790419,0.0,0
C_ID_dd3de6628a,-21.278021600000006,37,0.02702702702702703,2.52706859,-0.575081664864865,0.918918918918919,-1.02001064,0
C_ID_5e2aaa7e8c,-113.73455584000003,177,1.0677966101694916,0.30494803,-0.6425681120903957,0.9887005649717514,-0.27264276,0
C_ID_cbb2cf7923,-100.93927064000003,201,0.9751243781094527,5.57026782,-0.5021854260696519,0.9552238805970149,0.40355871,0
C_ID_dafd3e0a0a,-14.254269309999996,21,0.0,-0.38326621,-0.6787747290476188,0.6190476190476191,2.72005706,0
C_ID_3ae1feb528,-1.46990841,9,3.0,2.59709214,-0.16332315666666666,1.0,1.11468373,0
C_ID_e2e2fb83b4,-60.77259316999999,93,0.010752688172043012,-0.14584732,-0.6534687437634408,0.9354838709677419,-33.21928095,0
C_ID_0c33e4e9a7,-12.87145458,24,1.0416666666666667,0.15462281,-0.5363106075,0.9583333333333334,0.0,0
C_ID_9e9ea1234b,-38.58937456999998,57,0.017543859649122806,-0.50574731,-0.6770065714035085,0.9473684210526315,0.78076575,0
C_ID_225eacfef2,-325.3131312199999,468,1.0982905982905984,-0.01060872,-0.695113528247863,0.9871794871794872,-0.33315013,0
C_ID_c0e25ddb56,-54.206052520000036,76,0.0,-0.53653663,-0.7132375331578952,0.9605263157894737,-0.75444379,0
C_ID_39caa05569,-38.762735379999974,57,1.0,-0.41632454,-0.6800479891228065,0.21052631578947367,-33.21928095,0
C_ID_58dc82f5f9,-27.615302650000007,46,1.4782608695652173,0.99316227,-0.600332666304348,0.9782608695652174,-0.8618444,0
C_ID_0a11631f76,-5.6598709,9,0.0,-0.07071476,-0.6288745444444443,0.8888888888888888,-0.24599623,0
C_ID_6f9da9b7ad,-75.53639643000002,111,1.2162162162162162,2.03149424,-0.6805080759459462,1.0,-0.68551298,0
C_ID_7d50755b50,-6.459070969999999,11,0.0,-0.14584732,-0.58718827,1.0,0.0,0
C_ID_d336ff38a1,-4.635363330000001,7,0.0,-0.55171341,-0.6621947614285715,1.0,2.59839864,0
C_ID_d830197a4c,-25.35789980999999,40,1.25,-0.18003264,-0.6339474952499997,0.775,1.48553012,0
C_ID_b615be434e,-46.83895960999999,64,0.0,-0.65831148,-0.7318587439062498,0.84375,-1.74380466,0
C_ID_5745f9797f,-83.07856334000002,139,0.007194244604316547,0.60534303,-0.5976875060431656,0.9496402877697842,-0.57990549,0
C_ID_8d9f60bb21,-54.21933607000004,90,2.311111111111111,1.31773493,-0.6024370674444449,0.9666666666666667,-1.82919029,0
C_ID_f44894c219,-27.841496720000006,52,1.5961538461538463,1.23959706,-0.5354133984615386,0.9615384615384616,0.0,0
C_ID_b2a170c9c4,-23.078573310000003,35,0.05714285714285714,-0.30033489,-0.659387808857143,0.8857142857142857,0.0,0
C_ID_a047308f8e,-18.78664092,40,1.0,-0.37875826,-0.469666023,0.975,0.0,0
C_ID_f72991debc,-52.13006490999998,162,1.0987654320987654,20.1399436,-0.32179052413580234,0.9629629629629629,0.0,0
C_ID_99e386ecef,-120.86923380000003,192,1.015625,1.12990353,-0.6295272593750002,0.9895833333333334,-0.4078784,0
C_ID_639e42b5c7,-37.96117624000001,53,1.0,-0.58311882,-0.716248608301887,0.9811320754716981,-0.52443832,0
C_ID_e60499d50a,-54.89438708,83,1.4457831325301205,-0.14584732,-0.6613781575903614,0.9036144578313253,0.0,0
C_ID_65de65052f,-26.913850059999994,52,1.5961538461538463,1.79963516,-0.5175740396153845,0.7692307692307693,-1.1233577,0
C_ID_db1c5eaa1b,-15.760962600000001,22,0.0,-0.68124194,-0.716407390909091,0.9090909090909091,2.05963652,0
C_ID_28f59b14f8,-11.114960519999999,18,0.05555555555555555,-0.44969842,-0.6174978066666665,0.7222222222222222,0.0,0
C_ID_ba7f8291b6,-63.97118160000001,93,0.0,-0.21542007,-0.6878621677419355,0.7956989247311828,0.35241509,0
C_ID_03c8f16028,-76.68712674999996,107,0.009345794392523364,-0.57850568,-0.7167021191588782,0.7850467289719626,0.0,0
C_ID_c75062504c,-10.14417271,15,1.2,-0.44637756,-0.6762781806666667,1.0,0.84895514,0
C_ID_7c405947a7,-9.32539312,16,1.9375,-0.17761337,-0.58283707,1.0,0.42101532,0
C_ID_98256c6abf,-81.98186842999999,123,0.008130081300813009,0.27145394,-0.6665192555284553,0.9024390243902439,0.11271357,0
C_ID_f5aa6a5ac7,-77.69080753999997,116,1.0344827586206897,-0.29611244,-0.6697483408620687,0.9655172413793104,0.0,0
C_ID_e1d68cefdb,-9.562030640000001,19,1.631578947368421,-0.09325453,-0.5032647705263159,0.631578947368421,0.0,0
C_ID_c887aabaf3,-26.861873369999987,72,1.8333333333333333,3.76104574,-0.37308157458333313,0.875,-2.76345188,0
C_ID_9240cc3526,-24.980599220000013,38,1.6842105263157894,-0.49223847,-0.6573841900000004,0.6052631578947368,2.23390008,0
C_ID_dbbd49cf8f,-3.60189995,5,0.0,-0.68565973,-0.72037999,1.0,-0.84494035,0
C_ID_345c42f8ee,-16.815102499999995,103,1.145631067961165,10.0721807,-0.16325342233009704,1.0,0.0,0
C_ID_bf7a33e64e,-104.16646954,181,1.0718232044198894,4.75279552,-0.5755053565745856,0.994475138121547,0.0,0
C_ID_18f8203565,-109.87972957999997,192,1.4947916666666667,0.19194866,-0.5722902582291666,0.8385416666666666,0.0,0
C_ID_71463ffa18,-9.648312850000002,22,0.0,0.89640656,-0.4385596750000001,1.0,0.0,0
C_ID_fe39994a66,-14.788777349999997,21,0.0,-0.56214181,-0.7042274928571427,0.8571428571428571,0.0,0
C_ID_fe1c51706c,-138.00043394000008,204,0.00980392156862745,-0.23600639,-0.6764727153921573,0.9656862745098039,-1.91609077,0
C_ID_816e3435ac,-11.20364697,19,1.631578947368421,-0.18191095,-0.5896656299999999,1.0,-1.24620062,0
C_ID_6b1c941700,-7.29562694,41,0.0,3.80627554,-0.1779421204878049,0.6829268292682927,1.35455646,0
C_ID_b2b684fdf8,-19.113076859999996,35,1.6,0.65643317,-0.5460879102857141,0.9714285714285714,0.26882308,0
C_ID_81c84c42d5,-59.13909114999999,91,0.0,0.75574338,-0.6498801225274724,0.967032967032967,0.0,0
C_ID_6d8f3fefa8,-9.29143319,25,1.04,1.49985625,-0.3716573276,1.0,0.0,0
C_ID_9a7c4ac3c1,-9.947099999999999,15,0.06666666666666667,-0.45238816,-0.66314,0.9333333333333333,0.0,0
C_ID_8e40e6ebcd,-3.824532770000006,138,1.5,4.63859403,-0.02771400557971019,0.8985507246376812,-0.63709419,0
C_ID_d9653fedbf,-40.38432143999999,70,0.9857142857142858,1.08482399,-0.5769188777142855,0.7571428571428571,-0.26585676,0
C_ID_0dc988d6b1,-33.12656134,49,1.0816326530612246,-0.32616547,-0.6760522722448981,0.9591836734693877,0.53268372,0
C_ID_26d86280a1,-162.5344902299999,258,1.1007751937984496,2.95562471,-0.6299786443023252,0.9922480620155039,0.0,0
C_ID_ca989e7b5f,-34.92960751999998,54,0.3333333333333333,3.01798474,-0.6468445837037033,0.8333333333333334,1.20333861,0
C_ID_124e39711e,-8.90071384,15,1.2,-0.08043692,-0.5933809226666666,1.0,0.0,0
C_ID_6eb3b25218,-127.56402562999999,256,1.62109375,4.05298081,-0.49829697511718746,0.9765625,0.02782702,0
C_ID_74306d0492,-66.75373086,110,1.3454545454545455,0.75574338,-0.6068520987272727,0.9818181818181818,0.83002317,0
C_ID_9f001690e5,-32.55348026,47,0.02127659574468085,-0.55416273,-0.6926272395744681,0.9574468085106383,4.40247586,0
C_ID_6a6ce17a29,-3.354413309999999,21,2.3333333333333335,1.80759921,-0.1597339671428571,0.9047619047619048,0.0,0
C_ID_bf48309fda,-5.35958109,14,1.7142857142857142,0.12117379,-0.3828272207142857,0.9285714285714286,0.0,0
C_ID_93f720631c,-4.898402439999999,7,0.14285714285714285,-0.59906195,-0.699771777142857,0.7142857142857143,0.70754891,0
C_ID_e350d109c8,-20.285009570000003,33,0.0,0.53034571,-0.6146972596969698,0.8181818181818182,0.0,0
C_ID_c4bc80c8f7,-32.83536255999999,57,1.087719298245614,0.21478896,-0.5760589922807017,1.0,0.86897143,0
C_ID_02326876b1,-5.75924124,11,1.0,-0.36236433,-0.5235673854545454,1.0,0.23487845,0
C_ID_ddb82f298e,-16.271142740000002,35,1.4285714285714286,1.50706897,-0.46488979257142865,0.7714285714285715,0.0,0
C_ID_3079b6a901,-59.44663886000002,207,1.1256038647342994,2.3581706,-0.287181830241546,0.9710144927536232,0.42582159,0
C_ID_1d3e6d4262,-38.57694763999998,60,0.06666666666666667,-0.04563552,-0.642949127333333,0.8,-1.80014968,0
C_ID_14e25859b5,-56.530413579999994,88,0.0,-0.32724737,-0.6423910634090908,0.9772727272727273,-0.64423169,0
C_ID_a99c6a65d6,-15.401348159999996,24,0.0,-0.50200571,-0.6417228399999998,1.0,0.0,0
C_ID_fe5a37daf1,-63.21871402000002,94,0.05319148936170213,0.00441779,-0.672539510851064,0.8404255319148937,0.26345661,0
C_ID_3f3c31df7f,-89.07314977,136,0.029411764705882353,0.00441779,-0.6549496306617647,0.8088235294117647,-1.95565768,0
C_ID_15176bd576,-40.939370770000004,62,1.596774193548387,-0.22548784,-0.6603124317741936,0.9032258064516129,1.09190704,0
C_ID_fe1f75ad50,-28.387169449999995,40,0.0,-0.62671073,-0.7096792362499998,0.925,0.85720186,0
C_ID_9881ec2ab1,0.3086145100000003,9,1.3333333333333333,2.46576043,0.03429050111111114,1.0,1.68152369,0
C_ID_69530bcf5c,-143.4717672200001,210,0.004761904761904762,-0.15074597,-0.68319889152381,0.9428571428571428,-1.07297851,0
C_ID_b4fc74da72,-48.323999689999994,74,0.0945945945945946,-0.47673111,-0.6530270228378378,0.9054054054054054,0.0,0
C_ID_c22f0e425e,-44.04350248000001,72,1.7222222222222223,-0.326466,-0.6117153122222223,0.8472222222222222,0.0,0
C_ID_ee2483a3e7,-28.656083929999998,42,0.0,-0.371245,-0.6822877126190475,0.9523809523809523,-0.31518006,0
C_ID_b1c41f61f8,-4.785688569999999,11,2.727272727272727,0.50029268,-0.43506259727272717,0.8181818181818182,-1.81110938,0
C_ID_accaf6fb06,-46.33463985000001,71,0.014084507042253521,0.13469765,-0.6526005612676058,0.9577464788732394,-3.72728561,0
C_ID_5cefcc6e86,-112.54637945000005,159,0.006289308176100629,-0.46110354,-0.7078388644654091,0.9748427672955975,-0.9214325,0
C_ID_c9096f59e0,-26.868304669999993,40,1.05,-0.15336058,-0.6717076167499998,0.875,0.52140909,0
C_ID_70f3036411,-48.55295872000001,73,0.0136986301369863,-0.40129802,-0.6651090235616439,0.9178082191780822,0.40289539,0
C_ID_b593f00550,-70.65226924999999,100,0.0,-0.29611244,-0.7065226924999999,0.94,0.0,0
C_ID_794af72bcc,-55.85208680000001,84,1.1428571428571428,-0.35650399,-0.6649057952380953,0.75,0.99558511,0
C_ID_2741311271,-8.28186199,16,1.625,0.46458969,-0.517616374375,1.0,0.88009905,0
C_ID_5177f5a6df,-12.334557259999999,20,0.0,-0.48706935,-0.6167278629999999,0.9,-0.86219318,0
C_ID_32194d6856,-17.10831479,25,1.08,-0.29145422,-0.6843325916,1.0,-0.63491667,0
C_ID_c64261ec2c,1.7427898600000007,43,0.0,1.29122816,0.040529996744186066,0.9069767441860465,0.0,0
C_ID_2a930687de,-46.14719911000001,84,0.011904761904761904,3.76104574,-0.5493714179761906,0.9047619047619048,2.46587937,0
C_ID_b44cd69e6f,-25.970981520000002,42,1.8333333333333333,-0.31143948,-0.618356702857143,1.0,1.57463498,0
C_ID_d6c9029020,-36.305134439999975,66,1.0606060606060606,0.15468291,-0.5500777945454541,0.5454545454545454,0.0,0
C_ID_683db2d495,-46.188942710000035,91,2.3076923076923075,3.39890681,-0.5075707990109893,0.9340659340659341,-2.41108097,0
C_ID_b5491c4e40,-71.66211093999999,101,0.039603960396039604,-0.41963037,-0.709525850891089,0.8118811881188119,0.0,0
C_ID_fa4ee7db49,-7.01134033,27,2.2962962962962963,2.3588468,-0.2596792714814815,0.8888888888888888,2.76545056,0
C_ID_682c2e22ca,-93.68812224000004,156,1.1025641025641026,-0.09499761,-0.6005648861538464,0.9935897435897436,0.0,0
C_ID_a36c094852,-12.05147285,24,0.125,-0.2067648,-0.5021447020833333,0.75,1.94217935,0
C_ID_57be55c344,-19.588485650000003,46,3.1739130434782608,1.20652371,-0.42583664456521747,0.9347826086956522,0.02603829,0
C_ID_9c8e6b23bd,-6.9046069999999995,17,1.0588235294117647,3.80612528,-0.40615335294117644,0.9411764705882353,0.0,0
C_ID_1d4c7a4c72,-8.544405179999998,16,1.875,0.35234165,-0.5340253237499999,0.9375,-0.62324482,0
C_ID_cc2a2c2b3b,-17.7155812,25,1.0,-0.65674872,-0.708623248,0.76,0.0,0
C_ID_11fbbeaf0d,-26.832812060000002,97,1.288659793814433,13.52827841,-0.27662692845360826,0.865979381443299,0.16428724,0
C_ID_7874b67a71,-13.990448820000003,31,0.0,0.80172451,-0.4513048006451614,0.6451612903225806,0.0,0
C_ID_994071cf39,-5.67814315,13,2.769230769230769,-0.15931108,-0.43678024230769236,1.0,0.0,0
C_ID_5b01bdc6ab,3.8948868900000004,21,2.2857142857142856,1.54448499,0.1854708042857143,0.9523809523809523,3.92263027,0
C_ID_e2bc467a16,-112.59550131999998,233,1.03862660944206,2.25726758,-0.48324249493562227,0.944206008583691,0.53960425,0
C_ID_1c0402ea0e,-17.373292329999998,30,0.0,-0.1884024,-0.5791097443333333,1.0,0.38352908,0
C_ID_b62b2857e5,-13.75568964,28,1.1071428571428572,1.16093327,-0.49127463,0.9642857142857143,2.07026728,0
C_ID_3e3d372e65,5.29964039,79,2.5316455696202533,12.45238017,0.06708405556962026,0.8734177215189873,0.0,0
C_ID_9c32b9244e,-23.140212110000007,92,1.3804347826086956,1.43193642,-0.25152404467391315,0.8804347826086957,0.04975669,0
C_ID_b600ffdb97,-14.27571214,23,0.17391304347826086,0.00441779,-0.6206831365217391,0.9130434782608695,-33.21928095,0
C_ID_8b039b320a,-66.79458804,99,0.0,0.66558431,-0.6746928084848485,0.9696969696969697,0.00717595,0
C_ID_8b68a3e62b,-37.0440782,67,0.029850746268656716,0.56039873,-0.5528966895522388,0.9104477611940298,-1.16765597,0
C_ID_4d9b85a76c,-123.1573357000001,416,1.3990384615384615,20.32026174,-0.29605128774038486,0.9615384615384616,0.0,0
C_ID_7e744bab63,-28.372894299999995,47,1.446808510638298,0.01193105,-0.6036786021276594,1.0,0.89230191,0
C_ID_965a7be5fa,-59.57595695000002,86,0.05813953488372093,-0.13926571,-0.6927436854651166,0.9418604651162791,-0.77885601,0
C_ID_d392e43764,-53.90383941000001,77,0.0,-0.50026263,-0.7000498624675326,0.9090909090909091,-0.03710137,0
C_ID_b4214b65f3,-51.32745386999999,135,1.3407407407407408,2.57097606,-0.38020336199999993,0.9703703703703703,-0.52574888,0
C_ID_9b959036fc,-33.558573620000004,70,1.5,2.25839456,-0.47940819457142864,0.8714285714285714,0.0,0
C_ID_ab2796b407,-28.73616023,41,0.024390243902439025,-0.5675814,-0.7008819568292682,0.8048780487804879,4.69807954,0
C_ID_c0aca071d2,-114.04966181999998,195,0.015384615384615385,1.31062739,-0.5848700606153845,0.9333333333333333,0.43886616,0
C_ID_0dac8e3b63,-0.6626992000000014,32,2.21875,3.06231294,-0.020709350000000043,0.90625,-1.27208775,0
C_ID_db81f6b960,-6.063633259999999,12,1.0,-0.49456758,-0.5053027716666666,1.0,0.0,0
C_ID_6eb376426e,-2.23343554,7,2.142857142857143,0.62035451,-0.31906222,1.0,1.36059807,0
C_ID_fbc00fefeb,-13.559323149999996,25,1.36,0.22230222,-0.5423729259999999,0.68,1.60222425,0
C_ID_aeec6261ed,-40.74175713000001,61,1.1475409836065573,-0.28559388,-0.6678976578688526,0.8360655737704918,0.0,0
C_ID_4a63279594,-49.43312155000001,84,1.369047619047619,1.56917355,-0.5884895422619049,0.9642857142857143,0.0,0
C_ID_f14e920a79,-11.11529109,22,3.227272727272727,0.51351601,-0.505240504090909,0.8181818181818182,-0.28784112,0
C_ID_3e69e3d988,-31.18636819,46,1.0434782608695652,-0.31113895,-0.6779645258695652,0.8913043478260869,0.0,0
C_ID_7af96aba0b,17.70624978,47,2.9148936170212765,2.67154851,0.37672871872340424,0.7021276595744681,0.04314578,0
C_ID_1fdd67ba73,-17.43039304,25,0.0,-0.61193967,-0.6972157215999999,0.92,0.15396388,0
C_ID_d20ce664c2,-14.12894818,23,1.2608695652173914,0.66558431,-0.6143020947826087,1.0,-1.10847715,0
C_ID_387a473ea4,-78.30515147000003,113,0.0,-0.50648361,-0.6929659422123896,0.9026548672566371,0.0,0
C_ID_1a20dd8649,-10.19345968,16,1.25,-0.10297669,-0.63709123,1.0,2.56742271,0
C_ID_05e53d4fc1,-50.95532224000001,73,0.0136986301369863,0.01869298,-0.6980181128767124,0.863013698630137,-0.15495294,0
C_ID_00fc9b039c,-48.324886279999994,69,0.0,-0.48610766,-0.7003606707246376,0.9420289855072463,0.0,0
C_ID_da07dcbb1b,-60.50074859,99,0.0,0.75574338,-0.6111186726262626,0.8888888888888888,-1.14453108,0
C_ID_721e911a9f,-59.860739319999965,87,1.1839080459770115,-0.36873557,-0.6880544749425284,0.9540229885057471,-1.86452622,0
C_ID_4b012d452f,-19.127352070000004,45,2.0444444444444443,0.7061559,-0.4250522682222223,0.7333333333333333,-1.948976,0
C_ID_23ee87c397,-91.89421216000001,144,0.034722222222222224,0.25836584,-0.6381542511111111,0.9236111111111112,0.1815393,0
C_ID_6a314b3b46,-4.953850229999997,22,1.2272727272727273,3.41844127,-0.22517501045454533,0.9090909090909091,-2.16628935,0
C_ID_0d4eef44b5,-25.182961159999994,44,2.2045454545454546,0.75574338,-0.5723400263636362,0.8181818181818182,0.66863188,0
C_ID_9eb23dbeb8,-14.667633590000003,25,1.36,0.18234672,-0.5867053436000002,0.72,0.0,0
C_ID_6fe4f5a8e2,-6.9426541299999975,33,1.878787878787879,12.65000885,-0.2103834584848484,0.9090909090909091,0.0,0
C_ID_109d1e2b10,-40.733357259999984,57,0.017543859649122806,-0.45088551,-0.7146203028070173,0.8771929824561403,0.0,0
C_ID_30012de3f3,-55.68111509000002,97,1.402061855670103,2.61428247,-0.5740321143298971,0.9278350515463918,1.3234577,0
C_ID_296951fdfe,-32.074870829999995,44,0.0,-0.62633506,-0.7289743370454544,0.9545454545454546,0.0,0
C_ID_e6581e7971,-6.882743499999999,10,1.0,-0.66441225,-0.6882743499999999,1.0,1.51185706,0
C_ID_8d9f0745b5,-21.247277289999996,30,0.0,-0.57507963,-0.7082425763333332,0.9666666666666667,0.0,0
C_ID_22c3feb83e,-125.5006301,188,1.0372340425531914,1.70173743,-0.6675565430851064,0.9574468085106383,-0.85531984,0
C_ID_83ec6cee52,-47.46798437999999,115,1.4,2.4272024,-0.4127650815652173,0.9130434782608695,1.39892141,0
C_ID_a38ce1bfea,-37.11363587000001,53,1.0,-0.22398518,-0.700257280566038,0.8301886792452831,0.06038226,0
C_ID_005a8f567f,8.43798743,10,0.3,2.25839456,0.843798743,0.7,0.0,0
C_ID_963139667a,-36.15270543999999,55,1.309090909090909,0.28590944,-0.6573219170909089,0.5818181818181818,0.0,0
C_ID_6b66b2f1fa,-1.3105522499999998,10,2.1,1.47830823,-0.13105522499999997,1.0,0.0,0
C_ID_9588e04adc,-52.92753686999998,77,0.012987012987012988,-0.371245,-0.6873706087012985,0.8701298701298701,4.58877573,0
C_ID_f70535196c,-4.59482182,11,0.09090909090909091,0.40262036,-0.41771107454545453,0.6363636363636364,-2.07170027,0
C_ID_65e3e28a3d,-89.68397754999998,136,1.1102941176470589,-0.04877606,-0.6594410113970587,0.8897058823529411,0.0,0
C_ID_f8a47b8834,-52.65498608000002,80,1.05,2.00247804,-0.6581873260000003,0.975,0.0,0
C_ID_916c8207d8,-84.82773958000001,120,0.008333333333333333,-0.41632454,-0.7068978298333335,0.75,5.73490313,0
C_ID_c6eaee2bda,-85.33022610999996,212,1.4056603773584906,5.92922113,-0.40250106655660356,0.9764150943396226,-0.35863675,0
C_ID_174ada9471,-21.16829793999999,29,0.13793103448275862,-0.6719255,-0.7299413082758618,0.7586206896551724,-0.18983919,0
C_ID_f46737a3f0,-235.58106887999978,337,0.011869436201780416,0.00285504,-0.6990536168545988,0.9317507418397626,0.0,0
C_ID_644bb15834,-110.67729177000001,157,0.10828025477707007,-0.2360665,-0.7049509029936306,0.8152866242038217,0.0,0
C_ID_cfd6156174,-16.076549410000002,25,0.0,-0.26155146,-0.6430619764000001,0.92,-3.27057828,0
C_ID_cbfcca6ac9,-44.62250400000002,67,0.0,-0.32015486,-0.66600752238806,1.0,-0.43533004,0
C_ID_5bfeeae178,-54.9036734,77,1.051948051948052,-0.61716889,-0.7130347194805196,0.8831168831168831,0.0,0
C_ID_613483ae12,-30.11783301000001,57,1.4035087719298245,0.17421738,-0.528383035263158,0.8070175438596491,0.23201938,0
C_ID_3f3a0021c6,-197.66685079000024,313,1.0670926517571886,1.2816713,-0.6315234849520774,0.5143769968051118,-33.21928095,0
C_ID_b9934c49c5,-16.807198549999995,41,4.975609756097561,1.42757873,-0.4099316719512194,0.926829268292683,0.0,0
C_ID_50d4eaf60c,-48.080239640000016,93,1.5913978494623655,8.26899928,-0.5169918240860217,0.9354838709677419,0.0,0
C_ID_3deb2133e3,-340.1889420799996,578,1.055363321799308,12.03073624,-0.588562183529411,0.9705882352941176,-0.31532911,0
C_ID_932f81ba9a,-52.25044225,79,0.05063291139240506,0.34852491,-0.661398003164557,0.9873417721518988,0.0,0
C_ID_0990a8f86e,-4.20571028,41,0.04878048780487805,2.46221417,-0.10257829951219512,0.8292682926829268,0.0,0
C_ID_78e59a253a,-51.74598725999999,122,1.5,7.36740857,-0.42414743655737697,0.9672131147540983,-1.70207138,0
C_ID_9c5c408174,-50.65211735000002,82,0.0,-0.151332,-0.617708748170732,0.9878048780487805,-0.73413803,0
C_ID_8f374a2f5b,-108.24591206000002,151,0.0,-0.456265,-0.716860344768212,0.9867549668874173,-0.20699208,0
C_ID_0c276b9688,-25.639045849999988,53,4.6415094339622645,0.5153192,-0.4837555820754715,0.9811320754716981,0.0,0
C_ID_420d2df74b,-73.06767591000005,110,0.0,-0.34870523,-0.6642515991818186,0.9818181818181818,-0.53225621,0
C_ID_227736b029,-76.41540234,107,0.0,-0.53070634,-0.7141626386915888,0.9158878504672897,0.0,0
C_ID_7ae004d4dd,-108.15098950999996,163,1.1595092024539877,0.15468291,-0.6635030031288341,0.9386503067484663,0.14418036,0
C_ID_c5e5e3fbda,-65.51420896000003,94,1.0212765957446808,-0.16087384,-0.6969596697872344,1.0,-0.38014931,0
C_ID_b97be68ba4,-3.5483304300000005,5,1.0,-0.66514854,-0.7096660860000001,0.8,-1.42959432,0
C_ID_bf71bfe4c2,-12.326728459999998,18,0.0,-0.59378764,-0.6848182477777777,0.8888888888888888,-1.24674129,0
C_ID_ffdb198145,-139.95727646000006,211,1.4691943127962086,0.37999043,-0.6633046277725121,0.8815165876777251,1.25016564,0
C_ID_c007a9e2ff,-11.14104653,17,0.4117647058823529,-0.55359172,-0.6553556782352942,0.5294117647058824,-1.53140858,0
C_ID_1d4ce0a645,-44.86378467999999,62,0.11290322580645161,-0.62283389,-0.7236094303225804,0.8709677419354839,0.0,0
C_ID_f255827618,-181.07758134999997,316,1.0284810126582278,3.79255634,-0.573030320727848,0.9841772151898734,0.0,0
C_ID_877cf84d6f,-36.35605924000001,58,1.0689655172413792,-0.32618049,-0.6268286075862071,0.9482758620689655,1.31672225,0
C_ID_f841d4ea4f,-80.68408874,115,0.034782608695652174,-0.25103291,-0.7016007716521739,0.7652173913043478,1.68267241,0
C_ID_37a129a368,-56.36465610999999,79,0.06329113924050633,-0.46146418,-0.7134766596202531,0.8860759493670886,-4.31562411,0
C_ID_fef8e9c7f1,-54.19539883,85,1.4588235294117646,0.78376783,-0.6375929274117648,0.9294117647058824,0.0,0
C_ID_52a809c32d,-62.51989101,140,1.1071428571428572,2.74290941,-0.4465706500714286,0.9928571428571429,0.33287356,0
C_ID_1e9fb8ba82,-31.246684589999994,50,1.4,0.748726,-0.6249336917999999,0.96,-0.23762078,0
C_ID_8748c955fa,-3.74224758,6,0.0,-0.52190081,-0.62370793,0.8333333333333334,-5.45858364,0
C_ID_427c8105d1,-5.753861730000001,88,2.3181818181818183,12.28793002,-0.06538479238636365,0.8977272727272727,0.03064094,0
C_ID_582e1dded3,-24.727717959999993,36,1.1388888888888888,-0.35621849,-0.6868810544444443,0.7777777777777778,1.62222778,0
C_ID_77851b3cb9,-8.820367070000001,18,7.888888888888889,0.25225005,-0.49002039277777787,0.5555555555555556,0.0,0
C_ID_2896c49551,-14.472799869999998,28,4.392857142857143,0.43958558,-0.5168857096428571,0.8928571428571429,-3.65462062,0
C_ID_926ef6e1cd,-71.06569366000004,106,0.04716981132075472,-0.17590035,-0.6704310722641513,0.9056603773584906,-1.01553749,0
C_ID_0cf497f991,-354.8497237,551,1.0036297640653358,0.74071687,-0.6440103878402904,0.9764065335753176,0.0,0
C_ID_0a56b718b8,-11.412335180000001,19,1.0,-0.10353267,-0.6006492200000001,1.0,-0.29326998,0
C_ID_6462b8db01,-51.793395879999984,78,1.3205128205128205,0.97762486,-0.6640178958974357,0.6282051282051282,0.86961836,0
C_ID_fb0e4c2e3e,-18.605902029999996,41,0.0,1.83765223,-0.4538024885365853,0.8048780487804879,0.0,0
C_ID_5d6f39b7e8,-24.83921474,223,1.3139013452914798,5.85111332,-0.1113866131838565,0.9551569506726457,0.0,0
C_ID_a8339d0c81,-15.72554512,29,0.0,0.12462989,-0.5422601765517241,0.7586206896551724,2.96465138,0
C_ID_4477695316,-75.06172406000002,115,0.05217391304347826,2.65359182,-0.6527106440000001,0.9043478260869565,0.0,0
C_ID_f577634b0f,-69.04446257,152,1.2236842105263157,2.183262,-0.4542398853289473,0.9605263157894737,0.0,0
C_ID_63e6c4f293,-15.23593627,28,1.3928571428571428,1.00357564,-0.5441405810714286,0.9642857142857143,0.76812106,0
C_ID_048b236a37,-47.569097789999994,74,0.02702702702702703,-0.37274765,-0.6428256458108107,0.8648648648648649,-0.7292647,0
C_ID_b6051842b3,-40.17615918,57,0.0,-0.40881128,-0.7048448978947368,0.8771929824561403,0.0,0
C_ID_a410c4eda0,-20.544547450000003,33,0.0,-0.04601118,-0.6225620439393941,0.9090909090909091,0.0,0
C_ID_8cb7b3f964,-14.316163489999997,26,2.1538461538461537,-0.12512576,-0.5506216726923076,0.9615384615384616,0.90918089,0
C_ID_bb3996df2a,2.7260045900000005,29,0.0,4.65186244,0.09400015827586208,0.9655172413793104,0.0,0
C_ID_8bb3af9bf9,-41.44397607,60,0.0,-0.17892068,-0.6907329345,0.75,0.89207276,0
C_ID_98df1cccb2,-89.28808909999997,132,1.2424242424242424,-0.20595337,-0.6764249174242422,0.9772727272727273,0.0,0
C_ID_a5070b08bb,7.68574523,5,4.6,3.75667303,1.5371490460000001,1.0,0.0,0
C_ID_0589bc0f13,-8.671950239999997,79,0.0,3.45207061,-0.10977152202531643,0.8354430379746836,0.0,0
C_ID_86675fc3b9,-80.29276835000003,125,0.072,0.68046056,-0.6423421468000002,0.84,-0.38564988,0
C_ID_c336efd863,-15.30992682,21,0.0,-0.65085833,-0.7290441342857142,0.6190476190476191,0.53286377,0
C_ID_fa9063f731,-98.01287257000003,157,1.2993630573248407,2.25689191,-0.6242858125477708,0.9681528662420382,-0.53570556,0
C_ID_df2353bc27,-8.091536170000001,12,1.5,-0.54785159,-0.6742946808333334,1.0,0.0,0
C_ID_b02b2a8406,-38.27006121000002,53,0.0,-0.67179026,-0.722076626603774,0.9245283018867925,-0.09114438,0
C_ID_7c982918fe,-14.846975020000002,23,0.0,-0.45046477,-0.6455206530434784,0.9565217391304348,0.0,0
C_ID_6df941347f,-0.23441359000000006,5,1.6,1.53336537,-0.04688271800000001,1.0,0.29986408,0
C_ID_506a1de7b0,-22.625614140000003,35,0.0,-0.40398777,-0.6464461182857144,0.8857142857142857,-0.47951353,0
C_ID_49dbf56a98,-85.30643913999995,124,0.04032258064516129,-0.29611244,-0.6879551543548383,0.782258064516129,-2.34501317,0
C_ID_e5ac38ee60,-53.76736866000001,78,0.07692307692307693,-0.42819548,-0.6893252392307694,0.8717948717948718,1.16350467,0
C_ID_33bdc98184,-72.79184919999999,111,1.1801801801801801,-0.15997224,-0.6557824252252251,0.7657657657657657,-0.99621101,0
C_ID_a149c054a1,-39.31581616999999,65,1.2615384615384615,-0.07828813,-0.6048587103076921,0.5538461538461539,0.0,0
C_ID_66d4a97ff6,-188.3004500000001,279,0.03225806451612903,0.4920281,-0.6749120071684591,0.8960573476702509,0.0,0
C_ID_44c7d11426,-166.0027894700001,242,1.1735537190082646,0.60547827,-0.685961939958678,0.9421487603305785,1.36066293,0
C_ID_84ba4604d4,-18.17364939,27,0.0,-0.27695364,-0.6730981255555556,0.8518518518518519,0.0,0
C_ID_6e3161ff9d,-116.89207681000005,177,0.005649717514124294,-0.09146638,-0.6604072136158194,0.8531073446327684,1.04130407,0
C_ID_fd1cc13731,-11.369209099999999,28,2.107142857142857,1.0715105,-0.4060431821428571,0.9642857142857143,2.03340422,0
C_ID_ef8e1f7b16,-10.36340951,23,1.2173913043478262,0.56791199,-0.45058302217391305,0.7391304347826086,0.0,0
C_ID_8f08719cb6,-103.44902873000005,159,0.0,0.31997454,-0.6506228222012582,0.9622641509433962,0.0,0
C_ID_2fdc048ad4,-8.05661458,16,3.4375,0.24019879,-0.50353841125,0.9375,-0.58550449,0
C_ID_c71ac0ba7e,-21.93511589,33,0.9696969696969697,-0.10078281,-0.6647004815151515,0.8787878787878788,0.0,0
C_ID_1d52985d23,-24.51664057,42,1.2380952380952381,-0.02563523,-0.5837295373809523,0.9047619047619048,0.0,0
C_ID_67d427d807,-13.37117623,20,0.0,-0.23783963,-0.6685588115,0.95,2.12467711,0
C_ID_4ca99346ef,-150.77761211999996,227,0.01762114537444934,2.70846865,-0.6642185555947134,0.933920704845815,-5.27526984,0
C_ID_13c23b8314,-31.33134399,50,0.0,0.36505408,-0.6266268798,0.98,-1.3022067,0
C_ID_26009fbf0c,18.27452230999999,72,1.8333333333333333,6.81507908,0.253812809861111,0.9583333333333334,-0.09536826,0
C_ID_30b9fe2d49,-43.18397099999999,66,1.3484848484848484,0.7181771,-0.6543025909090908,0.9696969696969697,1.56706947,0
C_ID_a454bfae4f,-14.632216159999997,39,0.02564102564102564,1.58220153,-0.37518502974358964,0.717948717948718,0.0,0
