card_id,total_amount,tx_count,avg_installments,max_amount,avg_amount,authorized_ratio,target,is_recommended
C_ID_a571a8d216,-47.05422953000003,94,1.6063829787234043,1.20653874,-0.5005769098936174,0.8723404255319149,0.03481068,1
C_ID_cfe8159b22,-6.013730230000001,21,2.142857142857143,1.43193642,-0.28636810619047626,1.0,0.70801458,1
C_ID_497aca16d0,-11.742768179999999,17,0.11764705882352941,-0.46140407,-0.6907510694117647,0.7647058823529411,0.0,1
C_ID_d2f0cd45f2,-11.33101171,21,2.7142857142857144,-0.16132463,-0.5395719861904762,0.9047619047619048,2.64918584,1
C_ID_0c04812a58,-135.17862027999996,229,1.056768558951965,3.74513267,-0.590299651877729,0.9213973799126638,0.86822698,1
C_ID_8066b0bad2,-523.931595729999,777,0.009009009009009009,1.1614592,-0.6743006380051467,0.9227799227799228,0.73212369,1
C_ID_b94173642c,-47.411424610000005,67,0.0,-0.27378304,-0.7076332031343284,0.9701492537313433,-0.43771229,1
C_ID_34b4c556d6,-58.20735725000001,83,0.024096385542168676,-0.29611244,-0.7012934608433736,0.8554216867469879,0.0,1
C_ID_84b4e8aa29,-54.457821779999975,81,0.024691358024691357,-0.43144121,-0.6723187874074071,0.9135802469135802,-1.86402931,1
C_ID_05ce8e8513,-70.92170958000003,108,0.05555555555555555,-0.371245,-0.6566824961111114,0.7407407407407407,0.0,1
C_ID_57c2bd80cc,-55.70763695999998,101,1.198019801980198,0.75708074,-0.5515607619801979,0.9207920792079208,-1.94212819,1
C_ID_a5371b0356,-46.942837880000006,71,0.014084507042253521,0.00287006,-0.6611667307042255,0.971830985915493,0.28490373,1
C_ID_0055fe7cd7,-39.601740750000005,80,1.8125,0.71377434,-0.49502175937500004,0.8125,0.0,1
C_ID_abff8799d2,-191.16229446999986,349,0.0,1.58068386,-0.5477429640974208,0.9684813753581661,-0.69060658,1
C_ID_75f0c852ea,-239.0547175500001,369,0.01084010840108401,4.96316669,-0.6478447630081303,0.9214092140921409,-0.88546467,1
C_ID_3c1a040a74,-28.756881829999998,49,1.1224489795918366,2.47046372,-0.586875139387755,0.7959183673469388,-1.81528586,1
C_ID_d4201cc75e,-20.92509386,36,0.0,0.46422906,-0.5812526072222223,0.9444444444444444,-3.61516295,1
C_ID_c27c1b6b62,-30.88815203000001,49,1.3265306122448979,0.21869585,-0.630370449591837,1.0,-1.55680392,1
C_ID_23a27eafab,-62.22717459000002,107,0.009345794392523364,0.38008059,-0.5815623793457946,0.9158878504672897,0.0,1
C_ID_7a26d98212,-51.17042679,102,1.3823529411764706,1.40188339,-0.501670850882353,0.9509803921568627,-8.11881181,1
C_ID_23a722b759,-58.366518019999994,143,1.2027972027972027,5.22467307,-0.4081574686713286,0.9790209790209791,0.0,1
C_ID_6c6cf2e83c,-368.4890478100002,837,0.014336917562724014,5.26369692,-0.4402497584348868,0.966547192353644,0.0,1
C_ID_17c92f4b1e,-9.56031759,17,0.0,0.10477987,-0.5623716229411765,0.9411764705882353,2.50506599,1
C_ID_7a176a567e,-105.97740464999994,162,0.0,0.76776459,-0.6541815101851848,0.9753086419753086,-2.29753432,1
C_ID_5518b50023,-299.80504135000007,461,1.1149674620390455,3.99768325,-0.6503363152928417,0.9696312364425163,0.60487625,1
C_ID_d9e1adda8b,-65.83491984999998,92,0.0,-0.2480276,-0.7155969548913041,1.0,0.3575172,1
C_ID_0faa367eae,-12.87073328,23,0.9565217391304348,-0.14644838,-0.5595970991304348,0.7391304347826086,1.07001336,1
C_ID_fb78d67638,-133.81872116999992,248,1.8830645161290323,1.96525737,-0.5395916176209674,0.8387096774193549,0.0,1
C_ID_799f56cfb4,-5.8398284,15,1.2,0.68061083,-0.38932189333333334,0.9333333333333333,0.0,1
C_ID_82b484685f,-19.828519119999992,47,1.574468085106383,0.97845132,-0.42188338553191473,0.8085106382978723,1.19161537,1
C_ID_3b9ec6c8c3,-72.68440967,105,0.0,0.00441779,-0.692232473047619,0.9714285714285714,-1.47881717,1
C_ID_1eaa7bce72,-15.49787846,22,0.045454545454545456,-0.43790261,-0.7044490209090909,0.9090909090909091,0.0,1
C_ID_9264b8f33f,-59.71547812000001,89,1.0,-0.52116451,-0.6709604283146068,0.9438202247191011,-0.85550663,1
C_ID_ad9d48382a,-243.70468673000002,462,1.0108225108225108,3.28921327,-0.5274993219264069,0.9935064935064936,0.0,1
C_ID_9ab57bb528,-34.89157540000001,50,0.0,-0.52627352,-0.6978315080000002,0.76,5.69177472,1
C_ID_bed31aabc0,-58.69618473999993,87,1.2873563218390804,0.81443694,-0.6746687901149417,0.9425287356321839,-1.00799648,1
C_ID_2d4ada7605,-111.18679576000001,169,0.05325443786982249,-0.02988773,-0.6579100340828403,0.8994082840236687,4.82824986,1
C_ID_4742cf76b8,-18.227474360000002,31,1.3225806451612903,0.1426617,-0.5879830438709678,0.7096774193548387,0.0,1
C_ID_175788e4b8,-17.17147121,41,1.829268292682927,1.80759921,-0.41881637097560975,0.8292682926829268,0.0,1
C_ID_b38af06b63,-21.132955609999996,29,0.0,-0.69040811,-0.7287226072413792,0.5862068965517241,7.0009014,1
C_ID_2dcf23e55d,-79.81360293,132,1.2121212121212122,0.42516012,-0.6046485070454546,0.9924242424242424,0.0,1
C_ID_8f68f28724,-21.677801910000003,31,0.0,-0.47643058,-0.6992839325806453,0.2903225806451613,0.0,1
C_ID_35fb2654e2,-20.223355769999998,28,0.0,-0.64773282,-0.7222627060714285,0.6071428571428571,0.30150605,1
C_ID_5792758c47,-3.95105594,66,2.0303030303030303,7.18558778,-0.059864483939393934,0.7575757575757576,-0.2866264,1
C_ID_47d0df4c22,-37.169279060000015,54,0.07407407407407407,-0.45389082,-0.6883199825925929,0.8333333333333334,0.98375836,1
C_ID_9d6075a3c7,8731.544481510002,97,0.020618556701030927,8790.21405429,90.01592248979384,0.9175257731958762,0.35362092,1
C_ID_1f28bac726,-88.02021206999999,127,0.0,-0.49145709,-0.6930725359842519,0.7480314960629921,0.0,1
C_ID_8d2f876fdd,-54.26914892999998,89,1.1797752808988764,0.24619437,-0.6097657183146065,0.9887640449438202,-0.48078475,1
C_ID_303be16ddf,-6.53459423,9,0.0,-0.68417211,-0.7260660255555555,0.6666666666666666,0.0,1
C_ID_1b862c73af,-194.6630808900001,303,0.006600660066006601,0.46666335,-0.6424524121782181,0.9636963696369637,1.33721297,1
C_ID_1e0005b9b4,-22.411561520000003,60,1.9,2.25839456,-0.3735260253333334,0.55,0.0,1
C_ID_5cda6e49fa,-56.76061974999998,80,1.025,-0.59796501,-0.7095077468749997,0.6125,1.71498007,1
C_ID_e84757a3b3,-17.326079010000008,35,2.257142857142857,-0.00542457,-0.49503082885714306,0.5142857142857142,0.0,1
C_ID_882041a6e5,-57.68733472000001,92,1.1195652173913044,0.37569285,-0.6270362469565218,0.967391304347826,0.0,1
C_ID_ee9dc20d9d,-1.67574157,8,3.75,0.75424073,-0.20946769625,0.875,0.0,1
C_ID_738b7901ee,-97.59402361999997,207,1.2463768115942029,4.66864706,-0.4714687131400965,0.9758454106280193,1.8623206,1
C_ID_8edc6db870,-131.1278183100001,191,0.005235602094240838,0.07870887,-0.6865330801570686,0.9162303664921466,-33.21928095,1
C_ID_98f1bfdc96,-32.18040200000001,106,0.9716981132075472,2.183262,-0.3035886981132076,1.0,-0.02619874,1
C_ID_2325908a28,-230.5187423799998,348,0.011494252873563218,0.39139555,-0.6624101792528729,0.8908045977011494,-2.64295789,1
C_ID_0e794e0095,-60.047864620000034,91,1.4065934065934067,-0.31122911,-0.6598666441758245,0.7032967032967034,0.0,1
C_ID_bc5016cb4a,-2.1553728000000003,3,1.0,-0.70498383,-0.7184576000000001,1.0,0.0,1
C_ID_b89a66e50c,-12.235803029999998,17,0.11764705882352941,-0.69882296,-0.7197531194117646,0.8823529411764706,-1.36845564,1
C_ID_748e1de826,-34.27287383999999,53,0.9622641509433962,-0.27056737,-0.6466579969811319,0.9811320754716981,1.02754127,1
C_ID_a4c6054955,-122.41640853999995,181,0.0055248618784530384,0.97648284,-0.6763337488397787,0.9779005524861878,-1.29742764,1
C_ID_495b4c8a46,-42.93634908,60,0.0,-0.59363737,-0.715605818,1.0,2.21878036,1
C_ID_417847d4fa,-235.78355116000031,337,0.002967359050445104,0.30494803,-0.6996544544807131,0.9436201780415431,0.0,1
C_ID_d2cb95167e,-44.19194939999997,153,1.0065359477124183,1.30421106,-0.2888362705882351,0.9869281045751634,-0.40189072,1
C_ID_dce9c664e7,-95.17747495000002,137,0.0072992700729927005,-0.05568825,-0.6947260945255476,0.8905109489051095,-1.34677872,1
C_ID_857619b118,-23.029166150000005,80,1.475,6.89566626,-0.28786457687500006,0.9625,-1.22123711,1
C_ID_1597bc4df1,-8.139500830000001,13,1.1538461538461537,-0.41632454,-0.6261154484615385,1.0,-2.37365926,1
C_ID_927f0edf66,-76.61013097000001,212,1.2075471698113207,14.279604,-0.3613685423113208,0.9481132075471698,-0.33915737,1
C_ID_9fa3726125,-164.16623420999997,303,1.0858085808580857,3.91131086,-0.5418027531683167,0.976897689768977,-0.41923812,1
C_ID_f3c0b66a22,-106.77247237999998,163,0.9877300613496932,0.27348251,-0.6550458428220858,0.9141104294478528,0.14199828,1
C_ID_c561cd0c68,-33.82678178,70,1.4428571428571428,0.93606153,-0.4832397397142857,0.7285714285714285,6.84818509,1
C_ID_e6f7c28e4c,-22.962253150000002,35,2.1714285714285713,-0.2211602,-0.6560643757142858,0.9714285714285714,0.11710562,1
C_ID_4e520659dd,-3.49150018,16,0.9375,2.80178328,-0.21821876125,1.0,-1.31005799,1
C_ID_f5fddd1f4b,-36.389944050000004,57,1.0175438596491229,-0.33830689,-0.6384200710526317,0.9649122807017544,0.13016944,1
C_ID_d691677fcb,-20.087846669999998,28,0.0,-0.54404989,-0.7174230953571428,0.7857142857142857,1.42231365,1
C_ID_2348c2c85b,-65.30571619000001,108,1.6851851851851851,-0.28198752,-0.6046825573148149,1.0,0.17364845,1
C_ID_41a39d7245,-21.347549259999987,80,1.8375,6.48649435,-0.2668443657499998,0.975,0.30256065,1
C_ID_9c2f61938d,-100.19434638000003,142,0.0,-0.57921192,-0.7055939885915495,0.971830985915493,0.0,1
C_ID_2904b6b5e4,-9.378421650000005,82,0.0,8.26899928,-0.11437099573170738,0.8902439024390244,-0.87201938,1
C_ID_6e98fa2368,-40.83054876999999,66,1.2272727272727273,0.74071687,-0.6186446783333333,0.4393939393939394,0.0,1
C_ID_6c8c6832f4,-99.67219013,152,1.1710526315789473,-0.04078195,-0.6557380929605263,0.9605263157894737,0.7257876,1
C_ID_f80c293fb2,47.49465651999998,141,1.1134751773049645,61.61311616,0.33684153560283675,0.9858156028368794,-1.66188483,1
C_ID_44c42a1e48,-64.34738535000001,91,0.01098901098901099,-0.24010863,-0.7071141247252748,0.967032967032967,0.38926913,1
C_ID_759301a424,-43.56764292,67,1.0149253731343284,-0.26605942,-0.6502633271641791,1.0,-2.79777149,1
C_ID_8628355701,-54.92711482000001,144,1.2847222222222223,5.9383873,-0.3814382973611112,0.9861111111111112,-2.05437821,1
C_ID_0b13b1bc15,-68.44063718,306,1.4673202614379084,20.3953943,-0.22366221300653594,0.9738562091503268,-0.60977834,1
C_ID_8642004991,69.01075797999995,115,1.5478260869565217,9.74760804,0.6000935476521735,0.8434782608695652,0.81339138,1
C_ID_b85d349e1a,-193.37335529000003,338,0.0,4.93762162,-0.5721105186094676,0.9467455621301775,-1.98898836,1
C_ID_a266b33961,-137.59413210999998,211,0.009478672985781991,-0.0335542,-0.6521048915165876,0.9241706161137441,0.8518682,1
C_ID_21aecc0e75,-11.8133477,18,0.0,-0.22097988,-0.6562970944444444,0.9444444444444444,-0.05505816,1
C_ID_992c9b05df,0.9623428700000002,16,4.125,0.90450585,0.06014642937500001,0.5,0.80115405,1
C_ID_f67fb38321,-39.35329253000001,162,1.6604938271604939,4.78585385,-0.24292155882716057,0.7962962962962963,-0.97812583,1
C_ID_30205e02fc,87.78005835,118,4.084745762711864,7.4235326,0.7438987995762713,0.9576271186440678,0.29888857,1
C_ID_fb952ebc87,-16.652801160000006,55,1.0363636363636364,3.30874774,-0.302778202909091,1.0,0.57864464,1
C_ID_7471bf7d27,-21.81332604,53,1.8867924528301887,2.10812945,-0.41157218943396223,1.0,0.0,1
C_ID_d5af537e6b,-22.380651969999995,32,0.0,-0.31865221,-0.6993953740624999,0.78125,0.0,1
C_ID_5e80a27b7a,-29.44399903000001,51,1.6470588235294117,2.27964205,-0.5773333143137257,0.9803921568627451,1.36607363,1
C_ID_f4432c434e,-9.52255596,41,0.024390243902439025,3.60927797,-0.2322574624390244,0.6585365853658537,0.0,1
C_ID_e827fd2a13,-43.96294535999999,80,0.0,-0.10828104,-0.5495368169999999,0.875,0.10099912,1
C_ID_861a9a5e56,-52.15669188000002,115,1.1217391304347826,4.51265684,-0.45353645113043495,0.9739130434782609,0.0,1
C_ID_fe071406c4,-63.273125010000015,152,1.0328947368421053,6.43576484,-0.4162705592763159,0.9539473684210527,0.64881717,1
C_ID_83bababd07,-34.994657360000005,58,1.3620689655172413,0.53434276,-0.6033561613793105,0.41379310344827586,1.54283135,1
C_ID_48e89d023d,-83.12299679999997,186,1.553763440860215,9.17058999,-0.44689783225806434,0.9838709677419355,-1.51728328,1
C_ID_0f8d9bdbba,-53.88761079000002,82,0.024390243902439025,0.1396564,-0.6571659852439027,0.9634146341463414,0.0,1
C_ID_400da31055,-135.32912593000006,205,1.1414634146341462,-0.05018855,-0.6601420777073174,0.8878048780487805,-0.88253426,1
C_ID_4ec490cea4,-35.10251755999999,50,0.0,-0.57109761,-0.7020503511999998,0.96,0.0,1
C_ID_48dcd69c2e,-19.84207304,28,0.0,-0.60866389,-0.7086454657142857,0.8214285714285714,0.0,1
C_ID_d1dd8f2221,-15.227025600000001,38,2.0,2.70918992,-0.40071120000000005,0.9736842105263158,0.0,1
C_ID_f36c29eb41,-24.84533048,38,0.0,0.5153192,-0.6538244863157895,0.9736842105263158,0.0,1
C_ID_e415d660a9,-62.072912410000015,92,0.010869565217391304,-0.23600639,-0.6747055696739132,0.8804347826086957,0.0,1
C_ID_0ca9023406,-58.97842760000001,83,1.108433734939759,-0.215946,-0.7105834650602411,0.963855421686747,-0.49403203,1
C_ID_2dc684e966,3.2019242699999997,4,3.25,3.08369567,0.8004810674999999,1.0,0.45285825,1
C_ID_64dfe415d6,-6.26196821,12,0.0,0.78297142,-0.5218306841666667,0.9166666666666666,0.0,1
C_ID_9177757f9a,-73.77135235999997,135,1.3777777777777778,0.90449082,-0.5464544619259257,0.8740740740740741,0.0,1
C_ID_2af8b16a6b,-25.130623840000005,39,0.9487179487179487,0.02350146,-0.6443749702564104,0.8974358974358975,-0.1435582,1
C_ID_33ca7be4bd,-41.902720429999995,66,0.09090909090909091,0.71066385,-0.6348897034848484,0.8484848484848485,0.0,1
C_ID_67aaded936,-79.87533175999997,112,0.026785714285714284,-0.44637756,-0.7131726049999997,0.8660714285714286,-2.29427202,1
C_ID_3b965baea9,-26.154605519999997,39,1.1025641025641026,-0.25103291,-0.6706309107692306,0.9487179487179487,0.0,1
C_ID_687877c3f2,-22.131061619999997,47,1.0851063829787233,1.72050555,-0.4708736514893616,0.8723404255319149,0.0,1
C_ID_fad6c41825,-25.624875870000004,44,2.090909090909091,1.3553012,-0.5823835425000001,0.9545454545454546,-2.25623405,1
C_ID_b217048516,-14.779070240000005,22,2.227272727272727,-0.49912062,-0.6717759200000002,0.7272727272727273,0.0,1
C_ID_f9d5bde7e0,-68.31704413000001,98,0.0,-0.47537873,-0.6971126952040818,0.9285714285714286,0.0,1
C_ID_524d672120,-59.66262986999999,91,0.01098901098901099,0.87595548,-0.6556332952747251,0.9560439560439561,0.215787,1
C_ID_22ea2b94d8,-82.45569922999998,216,0.8240740740740741,0.45521315,-0.38173934828703693,0.5787037037037037,1.79168309,1
C_ID_d60c749293,-17.917958269999996,26,0.0,-0.26000373,-0.689152241153846,1.0,0.0,1
C_ID_e05546dbb9,-22.66544943,48,2.5,0.60247296,-0.472196863125,0.8958333333333334,3.39534556,1
C_ID_a989d7690c,-547.5558869399999,866,1.048498845265589,17.28490636,-0.6322816246420323,0.9907621247113164,0.0,1
C_ID_81e30c409f,-4.14719704,15,1.4,3.51100459,-0.27647980266666666,0.9333333333333333,0.99411914,1
C_ID_dc92e609e7,-8.717540649999998,18,1.1666666666666667,0.08255566,-0.48430781388888877,0.7777777777777778,-1.42316345,1
C_ID_f4410e8d80,-246.42176540999992,377,0.0,0.57542524,-0.6536386350397876,0.9787798408488063,0.35017158,1
C_ID_35f1a47875,-10.975604629999998,20,2.4,0.30344538,-0.5487802314999999,0.6,0.0,1
C_ID_def636844c,-9.83086995,15,1.0,-0.55195383,-0.65539133,1.0,-0.44243617,1
C_ID_f8f43431d5,-10.247675320000003,36,3.138888888888889,2.25837954,-0.28465764777777786,0.9722222222222222,0.40511009,1
C_ID_6615d2a472,-95.94274513000003,143,0.0,-0.22097988,-0.6709282876223779,0.972027972027972,-0.44586433,1
C_ID_df010018fa,-390.5147737799994,584,0.02910958904109589,0.2072757,-0.6686896811301359,0.928082191780822,0.0,1
C_ID_6cbf3d12d9,-102.69550927999995,171,1.6491228070175439,0.75281321,-0.6005585338011693,0.4152046783625731,0.31406543,1
C_ID_578789eb22,-30.983074499999997,54,1.4814814814814814,-0.02563523,-0.5737606388888888,0.6111111111111112,-1.73526348,1
C_ID_f2b42a78ff,-5.79408773,25,2.72,1.50556632,-0.2317635092,0.92,-1.67144991,1
C_ID_6d54704885,-580.5175172099989,862,0.008120649651972157,1.17152697,-0.6734541962993027,0.9489559164733179,-0.16957094,1
C_ID_45c2d7a0ef,-13.84614926,20,1.1,-0.52151012,-0.692307463,0.9,-0.44600494,1
C_ID_78b7ac3357,-105.52838239000006,171,1.1637426900584795,-0.16894307,-0.6171250432163746,0.9181286549707602,0.72096937,1
C_ID_696af6b384,-21.838600620000005,44,1.4545454545454546,0.72569036,-0.49633183227272737,1.0,0.0,1
C_ID_3f611480bd,-156.79397202000004,221,0.04072398190045249,-0.38627151,-0.7094749865158373,0.8733031674208145,0.00351228,1
C_ID_b4ef91bfd3,-17.15985575,25,1.0,-0.53183333,-0.6863942299999999,1.0,-0.41069595,1
C_ID_60a086985f,-5.534414569999999,9,0.6666666666666666,-0.29791562,-0.6149349522222222,1.0,0.0,1
C_ID_0d49fb1194,-39.47894405,54,0.0,-0.63120365,-0.7310915564814815,0.8703703703703703,0.0,1
C_ID_947b254a8c,-62.58079346999999,97,1.0206185567010309,1.26003312,-0.6451628192783504,0.9896907216494846,-0.3001495,1
C_ID_d5391c34f6,-8.982608350000001,14,0.0,-0.25103291,-0.6416148821428572,1.0,-2.30631943,1
C_ID_5047e1674c,-76.84418387000002,126,0.0,0.34401696,-0.6098744751587304,0.9206349206349206,0.0,1
C_ID_29fa5cb576,-135.13716216,201,0.0,-0.14655357,-0.6723241898507463,0.9900497512437811,1.13929179,1
C_ID_44e3726770,-115.92220566000002,183,1.0163934426229508,3.46051551,-0.633454675737705,1.0,0.0,1
C_ID_d270df29ea,-36.58368085,57,1.1578947368421053,0.15468291,-0.6418189622807018,0.9649122807017544,0.55460414,1
C_ID_a817ad1622,-15.922647890000002,29,2.206896551724138,1.26572817,-0.5490568237931035,0.896551724137931,-2.63690874,1
C_ID_eed0ba12b4,-63.38239776999999,106,0.03773584905660377,0.94087001,-0.5979471487735848,0.9339622641509434,0.0,1
C_ID_4d72cf1542,-56.34817204999999,94,1.2872340425531914,0.53034571,-0.5994486388297872,0.9042553191489362,0.0,1
C_ID_ba76d5e7b0,-118.66912711999998,169,0.005917159763313609,-0.50920341,-0.7021841841420118,0.9526627218934911,0.0,1
C_ID_8fec2173c7,-15.205086860000003,51,1.6274509803921569,0.8413945,-0.29813895803921575,0.6862745098039216,0.0,1
C_ID_9bbc59c408,-27.379356340000005,44,0.0,-0.38912655,-0.6222580986363637,1.0,0.0,1
C_ID_1e6f588fb5,-234.44159348999958,355,0.008450704225352112,1.23659176,-0.6603988549014073,0.9436619718309859,0.0,1
C_ID_358ef626eb,-64.97385569000006,95,1.2947368421052632,-0.30903524,-0.6839353230526323,0.7052631578947368,0.0,1
C_ID_703ae82312,-8.515253750000001,15,1.8666666666666667,0.75574338,-0.5676835833333335,0.8666666666666667,-33.21928095,1
C_ID_d697810a6d,-9.93387669,18,1.2222222222222223,-0.08574128,-0.5518820383333334,0.8333333333333334,-0.51858477,1
C_ID_8bdd658418,-11.291191420000002,22,2.409090909090909,-0.2002433,-0.5132359736363638,0.6363636363636364,0.0,1
C_ID_a5faa12353,-13.787876430000003,22,2.1363636363636362,-0.29460979,-0.626721655909091,0.9090909090909091,0.30973582,1
C_ID_70f6e3c301,-103.02377843000005,183,0.0,0.32117666,-0.5629714668306014,0.9726775956284153,-0.17561096,1
C_ID_b9785fa306,-71.01977270000002,108,0.009259259259259259,0.99616757,-0.6575904879629632,0.9444444444444444,-2.49590125,1
C_ID_fa86d141cc,-36.35339954999999,56,1.125,0.08856626,-0.6491678491071428,0.9821428571428571,0.0,1
C_ID_f4f803a454,-4.33028007,6,0.0,-0.68875519,-0.721713345,1.0,-2.24082721,1
C_ID_de1a26758f,0.2516189500000011,24,3.2916666666666665,1.28209204,0.010484122916666713,0.75,0.0,1
C_ID_4aaa9b744c,-4.015745109999999,9,1.0,-0.22097988,-0.446193901111111,1.0,0.0,1
C_ID_2e7800fa79,-243.39423907999972,370,1.0648648648648649,0.60547827,-0.657822267783783,0.9621621621621622,0.27497844,1
C_ID_9d93a46412,-88.83361221,127,0.09448818897637795,-0.52409468,-0.6994772614960629,0.7637795275590551,-2.42589929,1
C_ID_ae2de3a42c,-15.495804790000003,23,0.0,-0.3076528,-0.6737306430434784,0.8695652173913043,0.0,1
C_ID_e7cefc84dc,-21.057131820000002,30,0.0,-0.63728939,-0.701904394,0.8666666666666667,-0.78247078,1
C_ID_2a87c40d8d,-0.27968846,2,1.0,-0.12535116,-0.13984423,1.0,0.0,1
C_ID_69e2038c2f,-15.991724719999997,34,1.1176470588235294,2.85945504,-0.4703448447058823,0.7058823529411765,0.02133972,1
C_ID_63f88858ff,-15.475759420000001,22,0.045454545454545456,-0.61885186,-0.70344361,0.9090909090909091,1.89558152,1
C_ID_2652479266,-126.26860511000008,195,0.015384615384615385,0.57843055,-0.6475313082564107,0.9384615384615385,0.0,1
C_ID_4598ab5db0,-42.78413051,61,1.0819672131147542,-0.07822802,-0.7013791886885246,1.0,-0.71134721,1
C_ID_5061d7b165,-12.110031139999998,37,0.10810810810810811,0.87295018,-0.3272981389189189,0.8378378378378378,0.0,1
C_ID_8de2441e14,-146.0843816799999,246,1.2357723577235773,3.32978485,-0.5938389499186988,0.959349593495935,-0.05963697,1
C_ID_16bf4912f1,-4.24943743,7,1.7142857142857142,-0.29010184,-0.60706249,1.0,0.65823876,1
C_ID_9d95705711,-130.68901417000004,181,0.0,-0.49244884,-0.7220387523204422,0.9834254143646409,0.29492589,1
C_ID_a997f64a67,-1.7441873399999996,54,1.3333333333333333,3.11776077,-0.03229976555555555,0.8888888888888888,0.0,1
C_ID_97c55ad319,-76.97799496000005,108,1.0925925925925926,-0.44026177,-0.712759212592593,0.9537037037037037,0.0,1
C_ID_db3d922e58,-15.322398840000002,21,0.0,-0.70182826,-0.7296380400000001,0.9523809523809523,0.94010487,1
C_ID_2f81b1d74e,0.01669444000000031,10,2.0,3.73399802,0.001669444000000031,1.0,-0.1089429,1
C_ID_1b62cbb77f,-25.771204030000003,39,1.2564102564102564,-0.21196398,-0.6608001033333334,1.0,0.0,1
C_ID_bf8e57767e,-317.7853749299992,516,0.011627906976744186,1.03373385,-0.6158631297093008,0.9670542635658915,0.34116732,1
C_ID_f45fe3de16,-6.493812270000003,40,2.475,2.76136197,-0.16234530675000008,0.9,0.0,1
C_ID_2c4a09ba82,-63.07713426000001,95,0.031578947368421054,0.44018664,-0.6639698343157896,0.9578947368421052,0.0,1
C_ID_9839731aef,-39.071094509999995,66,0.06060606060606061,0.15468291,-0.5919862804545454,0.8333333333333334,0.0,1
C_ID_88c7388492,-40.32358431,63,1.6666666666666667,-0.28258858,-0.6400568938095238,0.7142857142857143,-0.11173528,1
C_ID_f0a9161164,-24.372025429999994,53,1.8679245283018868,1.60323865,-0.45984953641509424,0.9622641509433962,0.0,1
C_ID_648c238d6d,-64.71237927999996,112,0.0,0.41313892,-0.5777891007142854,0.9642857142857143,-0.3154939,1
C_ID_34f998e4cf,-192.5285949299998,301,0.009966777408637873,0.04913669,-0.6396298834883715,0.9235880398671097,0.29067556,1
C_ID_5a1d53fa74,-146.43307199,218,0.009174311926605505,0.5551094,-0.6717113394036698,0.9403669724770642,-5.85885606,1
C_ID_b0556e9daa,-11.879960289999998,17,1.0,-0.64352539,-0.6988211935294116,1.0,0.17219718,1
C_ID_949c6f9271,-12.34645827,25,3.16,0.20607358,-0.49385833079999997,1.0,-0.54941982,1
C_ID_17059cc732,-169.1443672800001,298,1.1073825503355705,7.79566416,-0.5675985479194634,0.9697986577181208,0.0,1
C_ID_9f15d7a7fe,-7.07010904,12,0.75,0.08646255,-0.5891757533333334,0.9166666666666666,1.96094142,1
C_ID_e66b336cd5,-45.93352214000002,75,0.013333333333333334,0.41002843,-0.6124469618666669,0.88,0.0,1
C_ID_8cdbcd89ee,-185.49797550999997,331,0.015105740181268883,3.13275723,-0.5604168444410875,0.8761329305135952,-0.0249823,1
C_ID_4d435f8f23,-5.528689460000001,10,1.1,-0.14584732,-0.552868946,1.0,-0.59940408,1
C_ID_46764fc09a,-69.39261180000001,97,0.0,-0.37875826,-0.715387750515464,1.0,0.0,1
C_ID_9ba8701bed,6.135535129999999,5,5.0,2.09160028,1.2271070259999999,0.6,0.96242769,1
C_ID_a75f22e715,-98.47424646999998,154,1.3376623376623376,0.45521315,-0.6394431588961038,0.922077922077922,0.27814848,1
C_ID_31ef580b57,-91.55106669,147,1.0748299319727892,0.68902567,-0.6227963720408163,0.9795918367346939,-0.40323789,1
C_ID_84a027b29e,-22.416234739999997,32,0.21875,-0.55067658,-0.7005073356249999,0.625,0.0,1
C_ID_6199e14ddb,3.350836999999999,15,4.133333333333334,2.07295238,0.22338913333333327,0.6666666666666666,-33.21928095,1
C_ID_41156056ac,-31.531346849999995,44,0.022727272727272728,-0.61317184,-0.7166215193181817,0.8409090909090909,0.0,1
C_ID_438f2b67b4,-24.662052109999998,39,0.0,-0.29781044,-0.6323603105128205,0.9743589743589743,0.0,1
C_ID_532d64ef6c,-24.047422699999995,47,2.127659574468085,1.53724221,-0.5116472914893616,1.0,-1.95855868,1
C_ID_578c19f3e0,3.55492706,21,2.1904761904761907,2.89541348,0.16928224095238095,0.8095238095238095,0.0,1
C_ID_973883c2bf,-55.75734461999999,79,0.0,-0.22398518,-0.7057891724050632,0.9493670886075949,0.0,1
C_ID_ce437a33ca,-221.64366377000007,351,0.0,0.76474426,-0.6314634295441598,0.9544159544159544,0.0,1
C_ID_6a86cf1f36,-211.18859231999983,363,0.0027548209366391185,6.7663481,-0.5817867557024788,0.9449035812672176,0.0,1
C_ID_8b2fa67c7d,-107.23449254999998,149,0.0,-0.61019659,-0.7196945808724832,0.9060402684563759,0.26012188,1
C_ID_5c3ca42777,-52.62233342999997,83,1.0,-0.2129407,-0.6340040172289153,0.9759036144578314,0.0,1
C_ID_2724572e6a,-62.28743084999997,88,0.11363636363636363,-0.47644561,-0.7078117142045451,0.7954545454545454,-33.21928095,1
C_ID_240ca3ae38,1.72713223,9,1.7777777777777777,2.7182509,0.1919035811111111,1.0,0.0,1
C_ID_8ad4933253,-31.92274240999999,70,2.1,3.76104574,-0.45603917728571414,0.9142857142857143,-0.94131822,1
C_ID_730ec0261a,-3.8114446399999995,47,1.148936170212766,4.2118411,-0.08109456680851063,0.8723404255319149,0.0,1
C_ID_c3b6cf5143,-134.68031124000004,194,1.0,-0.49144207,-0.6942284084536084,0.9329896907216495,0.0,1
C_ID_d7076e83b5,-6.057247009999999,11,0.8181818181818182,0.24784729,-0.5506588190909091,0.8181818181818182,0.56365082,1
C_ID_2268d8e7e1,-5.27923434,8,1.0,-0.62684597,-0.6599042925,1.0,0.5849625,1
C_ID_19b8c1a639,-42.815190390000005,69,1.5072463768115942,-0.37126003,-0.620510005652174,0.4927536231884058,-0.04913334,1
C_ID_a20d94510d,-35.03740769,56,1.1071428571428572,-0.32805881,-0.6256679944642858,0.8392857142857143,-0.85937266,1
C_ID_790eb703bd,-6.8993477500000004,10,0.8,-0.62744703,-0.689934775,1.0,0.45235479,1
C_ID_7ba7c1c114,-156.53816069000018,233,1.0,2.06307996,-0.6718375995278978,1.0,-0.92874414,1
C_ID_b2ae350127,-14.64021023,21,0.0,-0.44637756,-0.697152868095238,0.9047619047619048,2.26542183,1
C_ID_1174ce19c2,-44.57419382,68,0.014705882352941176,-0.28559388,-0.6555028502941176,0.8088235294117647,0.0,1
C_ID_ddedf4bff4,-17.40003948,32,1.0,-0.04344165,-0.54375123375,0.6875,-0.25692594,1
C_ID_0926ebf773,5.418590200000001,14,0.0,3.98644342,0.38704215714285717,0.8571428571428571,0.0,1
C_ID_6eee061f3c,-46.27666755000001,76,0.0,0.39082455,-0.608903520394737,0.868421052631579,2.29511742,1
C_ID_58d7143592,-115.57121643000002,170,0.0058823529411764705,-0.31327272,-0.6798306848823531,0.9705882352941176,0.0,1
C_ID_dc3cc6c2b0,-61.57006522000001,91,0.01098901098901099,-0.22548784,-0.6765941232967034,0.9230769230769231,2.44494715,1
C_ID_963a4ac1d0,-21.241882779999994,35,1.3142857142857143,0.9060085,-0.6069109365714284,1.0,2.62553839,1
C_ID_bfbce4cfea,-39.16968341999999,75,1.8,3.23361518,-0.5222624455999999,1.0,0.0,1
C_ID_3c5e886af9,-29.451031490000005,49,1.4081632653061225,-0.19588561,-0.6010414589795919,0.8775510204081632,-0.86355139,1
C_ID_70e22da9f5,-9.83815781,17,0.0,-0.41713597,-0.5787151652941177,0.9411764705882353,0.0,1
C_ID_85560e3b3d,-51.627413020000006,79,1.4050632911392404,-0.25854616,-0.6535115572151899,1.0,0.0,1
C_ID_e7a7094bc7,-41.62576680000001,77,0.012987012987012988,0.75574338,-0.5405943740259741,0.935064935064935,0.12126904,1
C_ID_13b04227c0,-7.0953535799999985,19,2.1052631578947367,0.75424073,-0.3734396621052631,1.0,-1.10676932,1
C_ID_45ac32730c,-70.60897786,105,0.0380952380952381,-0.01448556,-0.6724664558095238,0.9428571428571428,-0.41746574,1
C_ID_cc95060510,-22.0613987,52,0.019230769230769232,2.25839456,-0.4242576673076923,0.7692307692307693,0.0,1
C_ID_f077591b23,-12.992538169999998,21,0.0,1.05627362,-0.6186922938095237,0.9047619047619048,1.12070314,1
C_ID_35c2931f64,-15.049893039999997,21,0.047619047619047616,-0.6236904,-0.7166615733333332,0.6666666666666666,-0.02988957,1
C_ID_0e5695eb2f,-34.83744992000001,60,0.0,0.46098333,-0.5806241653333335,0.85,-3.80643981,1
C_ID_0fa4f7c05a,-89.24613502,123,0.016260162601626018,-0.64187248,-0.7255783334959349,0.9105691056910569,-2.71686908,1
C_ID_923257ea2a,-366.7168813900001,543,1.1197053406998159,2.51016377,-0.6753533727255987,0.9871086556169429,-0.87560323,1
C_ID_5fe7ff5279,-28.64242481999999,46,0.021739130434782608,-0.22097988,-0.6226614091304346,0.9565217391304348,-1.11870029,1
C_ID_63321d2c0b,-7.1449561,10,0.0,-0.67177524,-0.71449561,0.5,2.07664832,1
C_ID_2c49e9cc54,-11.950449610000003,22,0.0,0.73067916,-0.5432022550000002,0.9545454545454546,-4.61587177,1
C_ID_2ed576fb7b,-59.11031537,87,1.0459770114942528,0.19224919,-0.6794289122988506,1.0,0.2792624,1
C_ID_7c9dbf7f9c,-16.677564809999996,25,0.0,-0.37875826,-0.6671025923999998,1.0,1.39468728,1
C_ID_23bfed1309,-20.123173969999996,33,1.393939393939394,-0.38296568,-0.6097931506060605,0.8181818181818182,-0.77217546,1
C_ID_14b213185b,-44.658522619999985,72,1.0416666666666667,-0.08574128,-0.6202572586111109,0.9444444444444444,-0.35048971,1
C_ID_b554993e32,-86.02076941000003,124,0.0,-0.41636962,-0.69371588233871,0.8951612903225806,0.28695756,1
C_ID_382a918de9,-19.26125329,32,1.15625,-0.23630692,-0.6019141653125,0.9375,2.90536685,1
C_ID_4e25f95e65,-235.02217272999997,343,0.0029154518950437317,-0.32313011,-0.6851958388629736,0.9475218658892128,-2.8060227,1
C_ID_d59629ca34,0.65538133,7,4.142857142857143,0.60547827,0.09362590428571428,0.5714285714285714,-0.3672287,1
C_ID_4d9bfd1064,-114.70486279999992,162,0.006172839506172839,-0.43180184,-0.7080547086419748,0.9197530864197531,-0.44138757,1
C_ID_582e0b3220,-18.47727512,31,0.03225806451612903,0.10509542,-0.5960411329032259,0.967741935483871,0.0,1
C_ID_ce80258290,-94.22281050000004,139,0.02158273381294964,-0.32436228,-0.6778619460431657,0.9712230215827338,0.0,1
C_ID_679e2f549a,-4.0678721000000015,15,1.8666666666666667,1.5431326,-0.27119147333333343,0.8666666666666667,0.0,1
C_ID_b8addf76f9,-7.816055169999999,12,0.0,-0.57109761,-0.6513379308333332,0.9166666666666666,-0.67941038,1
C_ID_538e5f11b4,-245.32410885999988,383,0.005221932114882507,0.35453552,-0.6405329213054827,0.9477806788511749,-0.70656464,1
C_ID_33068f75d8,-27.441175420000004,39,0.0,-0.57380238,-0.7036198825641027,0.9230769230769231,0.84766443,1
C_ID_2bebc3fbef,-31.38213358,45,0.1111111111111111,-0.45088551,-0.6973807462222222,0.7555555555555555,0.0,1
C_ID_2dfce05817,-125.81017623999999,187,0.0,-0.18641891,-0.6727816911229946,0.9893048128342246,-0.13883711,1
C_ID_23a37b546d,-13.956053169999997,101,1.3267326732673268,1.76251967,-0.1381787442574257,0.9207920792079208,-1.0534042,1
C_ID_123325332a,-212.8484359099999,309,1.029126213592233,-0.22097988,-0.688829889676375,0.8155339805825242,-0.63859032,1
C_ID_14c759d8da,-231.07365631999988,356,0.014044943820224719,0.22305354,-0.6490833042696625,0.9578651685393258,-0.42269414,1
C_ID_18c2cb9102,4.261774190000001,22,2.9545454545454546,2.77816161,0.19371700863636365,0.7727272727272727,0.0,1
C_ID_182ce31cf6,-40.214086049999985,57,1.0526315789473684,-0.43059972,-0.7055102815789471,0.8245614035087719,-0.17381579,1
C_ID_c9db6a891e,-21.306361540000005,34,2.3529411764705883,-0.07894929,-0.6266576923529413,0.9705882352941176,0.0,1
C_ID_6abdbd4050,-27.908905660000002,63,0.015873015873015872,12.77695282,-0.4429985025396826,0.873015873015873,0.4994204,1
C_ID_644548bb6d,-226.98144128000004,381,1.0918635170603674,0.45952576,-0.5957518143832022,0.931758530183727,-1.06365426,1
C_ID_973d55bd4a,-19.007485560000003,34,1.9411764705882353,-0.26781752,-0.5590436929411765,1.0,0.0,1
C_ID_bc31e209e1,20.58535944999999,78,2.0384615384615383,6.57907269,0.26391486474358966,0.8974358974358975,0.0,1
C_ID_df27712220,-18.315529719999997,27,0.0,-0.50275703,-0.6783529525925925,0.9629629629629629,-2.74949817,1
C_ID_5e2ec99fde,-16.11642975,22,0.045454545454545456,-0.7020236,-0.7325649886363638,0.9545454545454546,2.60654664,1
C_ID_b5d7a22367,-66.97075878,92,0.010869565217391304,-0.64316476,-0.7279430302173913,0.9347826086956522,0.0,1
C_ID_5476c32b4b,-71.75619189,118,0.00847457627118644,1.95636168,-0.6081033211016948,0.9067796610169492,-2.29211631,1
C_ID_1e491eda45,27.924127500000004,9,2.3333333333333335,18.75996886,3.1026808333333338,1.0,0.0,1
C_ID_56cc8bb18a,-70.13541733000002,130,1.3846153846153846,1.01932343,-0.5395032102307694,0.9461538461538461,-1.02484395,1
C_ID_7a804171f9,-83.41778692,133,1.0225563909774436,-0.16237649,-0.6272014054135339,0.9924812030075187,-0.21812804,1
C_ID_4d3ff08823,-19.433622439999994,59,1.9152542372881356,2.70768727,-0.3293834311864406,0.9322033898305084,1.11149794,1
C_ID_3640f0e27a,-36.71986613,65,1.7538461538461538,1.34027469,-0.5649210173846154,0.7384615384615385,0.01384786,1
C_ID_656f1cba70,-7.311840549999999,13,1.5384615384615385,0.1873205,-0.562449273076923,1.0,2.07867713,1
C_ID_470469e81b,-12.978969259999998,21,1.2380952380952381,-0.19408243,-0.6180461552380951,0.8095238095238095,0.0,1
C_ID_d3660f6bf4,-58.29270784000003,80,0.0375,-0.65674872,-0.7286588480000004,0.9375,-2.24615401,1
C_ID_736c902f48,-89.13188843999997,142,1.0422535211267605,1.39303278,-0.6276893552112673,0.9929577464788732,0.0,1
C_ID_779bc79128,-5.626572159999999,13,0.0,-0.19076157,-0.43281324307692304,0.8461538461538461,0.0,1
C_ID_e347b766cb,-12.494664790000003,20,1.85,-0.371245,-0.6247332395000001,1.0,0.0,1
C_ID_39a1edcf1c,-3.2335250299999996,11,0.0,0.97948814,-0.29395682090909087,1.0,0.24334607,1
C_ID_7426db303a,-62.33608677000001,94,0.0,-0.25899696,-0.6631498592553192,0.9468085106382979,0.0,1
C_ID_8701c7b168,-8.7741305,20,1.9,1.59522952,-0.438706525,0.95,0.0,1
C_ID_d8f646a37e,8.06016083,18,1.6111111111111112,12.23680983,0.4477867127777777,1.0,0.0,1
C_ID_52df4bd0f3,-83.99731446000001,121,0.03305785123966942,-0.41847333,-0.6941926814876034,0.9008264462809917,1.55579448,1
C_ID_3abf500d75,-37.59694864,77,1.5974025974025974,2.40865968,-0.4882720602597403,0.8831168831168831,0.0,1
C_ID_e4c0f96b38,-23.09164637,34,1.2352941176470589,-0.52510145,-0.6791660697058823,0.8823529411764706,0.0,1
C_ID_f4ad9803f0,-15.819746330000001,24,1.25,-0.44971345,-0.6591560970833333,0.9166666666666666,0.0,1
C_ID_2a1afde64d,-105.23375767,181,1.0939226519337018,2.68221733,-0.5814019760773481,0.9613259668508287,0.17748147,1
C_ID_1386bb1b9f,-130.98745572000007,237,0.008438818565400843,7.51767369,-0.5526896865822788,0.9324894514767933,1.13366275,1
C_ID_4d2acc6bc9,-98.90782143999996,144,0.0,-0.371245,-0.6868598711111109,0.9722222222222222,0.5966968,1
C_ID_1b974549e8,-39.05910328000002,66,2.621212121212121,0.15287973,-0.5918045951515155,0.6363636363636364,0.11817219,1
C_ID_595c5ccffb,-29.686692219999994,77,0.42857142857142855,2.42999733,-0.3855414574025973,0.7142857142857143,-0.01502741,1
C_ID_a499d99625,-24.793203449999993,34,0.029411764705882353,-0.694315,-0.7292118661764704,0.8823529411764706,0.80226155,1
C_ID_c9ecd53197,-55.966213170000024,87,1.0344827586206897,0.60547827,-0.6432898065517244,0.9540229885057471,0.35347502,1
C_ID_440fc2a83e,-39.85983608,57,1.0350877192982457,-0.40881128,-0.6992953698245614,1.0,0.0,1
C_ID_94b39c6fec,-29.39683087,65,1.8615384615384616,1.50556632,-0.4522589364615384,0.8769230769230769,0.55080457,1
C_ID_91fdea293a,-102.82108579,157,1.4203821656050954,0.5153192,-0.6549113744585987,0.8598726114649682,-0.69816939,1
C_ID_530fe47a2d,-44.87099746999999,71,0.0,-0.15816906,-0.6319858798591548,0.9436619718309859,0.0,1
C_ID_573b448f56,4.09388296,26,2.1153846153846154,2.84442852,0.15745703692307694,0.7692307692307693,0.0,1
C_ID_10fbf31e3a,-19.990414789999996,32,1.8125,0.12162459,-0.6247004621874999,0.75,0.0,1
C_ID_57edaef5b8,-128.74948217000002,191,0.0,0.49127678,-0.6740810584816755,0.9895287958115183,-1.39033238,1
C_ID_4156a64f3f,-14.882978500000002,22,1.1818181818181819,-0.29626271,-0.6764990227272728,1.0,0.0,1
C_ID_398d3c533f,-26.429124820000006,37,0.0,-0.6060643,-0.714300670810811,0.8108108108108109,0.0,1
C_ID_b5df2f6c67,-27.73542458999999,42,0.0,-0.20445072,-0.660367252142857,0.9285714285714286,0.0,1
C_ID_b9ec536df5,2903.836769840001,119,0.025210084033613446,2929.45223911,24.401989662521018,0.9411764705882353,0.0,1
C_ID_fb3441e839,-8.71998999,12,0.0,-0.66982179,-0.7266658325,1.0,0.57330845,1
C_ID_202f573301,-71.06193712000001,137,2.0145985401459856,2.25839456,-0.5187002709489051,0.8832116788321168,-0.74280499,1
C_ID_da05afd2ce,-130.59696173999998,192,0.0,-0.27216018,-0.6801925090625,0.9895833333333334,-2.01989331,1
C_ID_7292303923,-94.62272616999995,150,0.006666666666666667,0.09582407,-0.6308181744666663,0.9266666666666666,-0.46142101,1
C_ID_d36db72d52,-39.58013261999998,58,0.017241379310344827,-0.34449781,-0.682416079655172,0.8620689655172413,-0.69936887,1
C_ID_fd8fd9dc8a,-17.954532810000003,26,0.0,-0.49294472,-0.6905589542307694,1.0,0.0,1
C_ID_888e02602c,-1.6350347600000001,3,1.0,-0.53383186,-0.5450115866666667,1.0,0.0,1
C_ID_65829b174f,-7.68305546,20,1.4,1.50706897,-0.384152773,1.0,0.0,1
C_ID_60a4aab15c,-98.93276555999998,146,0.0,0.07955035,-0.677621681917808,0.9931506849315068,0.0,1
C_ID_4493901af1,-6.025345770000001,41,2.048780487804878,1.05326832,-0.1469596529268293,0.8292682926829268,0.0,1
C_ID_97fe1517ee,-38.28598931999999,55,1.0727272727272728,-0.57410291,-0.6961088967272726,0.9454545454545454,0.0,1
C_ID_067e955008,-34.808749279999994,51,0.0,-0.01060872,-0.6825244956862744,0.8627450980392157,0.0,1
C_ID_7a3853b996,-7.709457080000001,12,0.0,-0.17590035,-0.6424547566666667,1.0,-1.9660943,1
C_ID_f3a67d0b78,-27.41251980999997,116,1.3448275862068966,12.01060072,-0.2363148259482756,0.8879310344827587,0.0,1
C_ID_cbc49d9cdc,-32.35102800000001,77,0.0,1.20653874,-0.42014322077922084,1.0,0.47237695,1
C_ID_408d4b638c,-19.552993029999996,28,0.0,-0.59987338,-0.698321179642857,0.8571428571428571,0.0,1
C_ID_b93dced7da,-83.97477461000001,123,0.024390243902439025,-0.41241764,-0.6827217447967481,0.8780487804878049,-0.5326025,1
C_ID_21f24f5662,-29.549830790000012,44,0.045454545454545456,-0.4388643,-0.6715870634090911,0.7045454545454546,0.0,1
C_ID_e706882e1d,-31.32743707,66,1.9393939393939394,1.23659176,-0.4746581374242424,0.7272727272727273,0.0,1
C_ID_babb92a867,-86.33595048000001,144,0.0,0.72268506,-0.5995552116666667,0.9583333333333334,-0.58576587,1
C_ID_788dffe21e,-338.77688594000006,532,0.011278195488721804,1.45748149,-0.636798657781955,0.8928571428571429,0.40440423,1
C_ID_71057bfb24,-43.28335633999999,71,1.295774647887324,2.40715703,-0.6096247371830985,0.9859154929577465,-0.25887193,1
C_ID_e293cfb2f4,-184.6281509,272,0.011029411764705883,0.07834823,-0.6787799665441177,0.9779411764705882,0.0,1
C_ID_8722cbe8a3,-28.040222339999993,41,0.0,-0.58211204,-0.6839078619512193,0.975609756097561,0.0,1
C_ID_abe17ce294,-157.05779259000008,231,1.1774891774891776,0.53785896,-0.6799038640259744,0.9696969696969697,0.9995824,1
C_ID_7b6b20345a,-12.06108981,30,1.0333333333333334,0.82488037,-0.402036327,0.9,0.0,1
C_ID_24a28bd140,-2.42542927,5,1.0,0.03897877,-0.485085854,1.0,-0.16441675,1
C_ID_f7b89a3b35,-289.5689214500001,484,1.2066115702479339,4.36210622,-0.5982828955578515,0.9896694214876033,0.40011711,1
C_ID_513c14ac91,-12.967173429999999,21,1.4761904761904763,-0.1218049,-0.617484449047619,0.7619047619047619,0.0,1
C_ID_49c8470369,-50.90472799000001,79,1.3291139240506329,0.60547827,-0.6443636454430381,0.9493670886075949,0.08966852,1
C_ID_e907463835,-116.33660682000004,194,1.0670103092783505,1.84666814,-0.5996732310309281,0.979381443298969,-1.53117569,1
C_ID_b0e5861846,-53.13948585000003,104,1.1153846153846154,0.77227255,-0.5109565947115388,0.9230769230769231,-0.69456377,1
C_ID_07aea7a581,-21.76633811,44,3.477272727272727,0.01179581,-0.4946895025,0.4318181818181818,-0.03261587,1
C_ID_1c1c1ad279,-39.595459649999995,57,0.05263157894736842,-0.46705404,-0.6946571868421052,0.8070175438596491,0.0,1
C_ID_e2d08554d5,-94.31197796000001,150,1.16,1.70662105,-0.6287465197333334,1.0,0.58115786,1
C_ID_2d2787f769,-141.60063586,209,1.2870813397129186,0.22981547,-0.6775150041148326,0.8516746411483254,-2.25011774,1
C_ID_2a092b634b,-9.083135699999998,15,2.2,0.12511074,-0.6055423799999998,0.9333333333333333,-1.97959799,1
C_ID_bb1548ab7d,-69.63659726000003,102,0.0,-0.371245,-0.6827117378431375,0.8823529411764706,-1.15042113,1
C_ID_be5ee61ee1,-30.608929380000003,44,0.0,-0.31797602,-0.6956574859090909,0.9545454545454546,-2.37259603,1
C_ID_e17649f975,-97.70972775999995,156,0.0,0.03341896,-0.6263444087179484,0.9294871794871795,0.0,1
C_ID_7aa0245f65,-21.427084540000003,45,1.0,0.27228039,-0.4761574342222223,0.8,0.0,1
C_ID_bb07551aab,-41.7698561,113,1.5309734513274336,2.25839456,-0.3696447442477876,0.7876106194690266,0.74844178,1
C_ID_039e908947,-33.59860417000001,51,1.2941176470588236,-0.28282901,-0.6587961601960786,0.7647058823529411,0.95652143,1
C_ID_e4bd509e69,0.47035987,3,3.6666666666666665,0.94071974,0.15678662333333335,1.0,1.11476777,1
C_ID_fa6a15b3f8,-104.73621470999993,161,0.012422360248447204,0.04136799,-0.6505354950931672,0.8881987577639752,0.0,1
C_ID_75a10f0b94,21.18944024999999,82,1.1097560975609757,13.90394121,0.25840780792682916,1.0,-6.4290673,1
C_ID_5282297468,-30.51151253,81,1.382716049382716,5.16271876,-0.37668533987654323,0.9382716049382716,1.08990368,1
C_ID_11459f5e4d,-7.03514234,10,1.0,-0.65015209,-0.703514234,1.0,0.0,1
C_ID_cda44eea0f,-5.05548958,7,0.0,-0.63871691,-0.7222127971428571,0.8571428571428571,6.11884297,1
C_ID_a03e22d6a3,-97.94172194999996,159,0.0,0.63553129,-0.6159856726415092,0.949685534591195,-0.3142929,1
C_ID_9753073ed4,-34.724961459999996,50,0.0,-0.57456873,-0.6944992292,0.96,0.0,1
C_ID_2dfb1734f3,-240.31490097,351,0.011396011396011397,0.75574338,-0.6846578375213676,0.8945868945868946,0.0,1
C_ID_0460ed657a,-98.37343367000004,171,1.2690058479532165,9.34177201,-0.5752832378362576,0.9824561403508771,-1.30393567,1
C_ID_4e868e019d,-1.5253261900000012,35,1.3714285714285714,2.25839456,-0.04358074828571432,0.7714285714285715,0.0,1
C_ID_2b797d3fe1,10.102098459999999,34,0.0,7.51767369,0.29712054294117646,0.8235294117647058,0.0,1
C_ID_81b84569a4,-136.47222267000015,198,0.05555555555555555,-0.41632454,-0.6892536498484856,0.8787878787878788,0.0,1
C_ID_a463c4cd25,-1.12876152,6,3.3333333333333335,0.48075822,-0.18812692,0.8333333333333334,0.0,1
C_ID_5997e45d8f,-6.48650938,12,3.25,-0.02743841,-0.5405424483333333,0.9166666666666666,0.0,1
C_ID_6491f40704,-8.1828673,14,1.2142857142857142,0.01944431,-0.5844905214285714,1.0,0.0,1
C_ID_a0409988e3,-36.199077319999994,68,1.7941176470588236,0.47775292,-0.532339372352941,0.9558823529411765,0.0,1
C_ID_0fe17ede3d,-38.145611699999996,64,1.328125,1.35680386,-0.5960251828124999,0.796875,0.0,1
C_ID_09b50676a8,-104.16179625999995,150,1.2133333333333334,0.10960338,-0.6944119750666663,0.9,-0.43089472,1
C_ID_bfeb2b52cd,-12.40947946,19,0.0,-0.56658965,-0.6531304978947369,1.0,0.0,1
C_ID_599339d189,-11.916820259999998,21,1.380952380952381,0.63042228,-0.5674676314285714,0.9523809523809523,0.32934004,1
C_ID_d4b4055132,-36.543349719999995,53,0.0,-0.46168957,-0.6894971645283018,0.9622641509433962,-3.86431954,1
C_ID_afa305ed97,68.73995018,243,1.045267489711934,12.6134794,0.28288045341563783,0.9753086419753086,0.0,1
C_ID_03c3e5a17b,-20.688786949999994,40,1.0,0.89098199,-0.5172196737499999,1.0,0.0,1
C_ID_85d7bb9632,-8.703445809999998,25,1.88,2.39351296,-0.3481378323999999,0.96,-0.3934405,1
C_ID_33ac17f703,-326.4819535600001,482,0.014522821576763486,1.26664479,-0.6773484513692948,0.9024896265560166,1.0318193,1
C_ID_b55e78f7de,-10.737314200000002,26,0.07692307692307693,0.73320362,-0.41297362307692315,0.8461538461538461,-2.84210382,1
C_ID_4837a85a85,-38.29698869000001,60,1.2333333333333334,-0.34119198,-0.6382831448333336,0.8833333333333333,0.05592583,1
C_ID_f4d024775a,-166.11619456000008,240,1.0333333333333334,-0.17591537,-0.6921508106666671,0.9833333333333333,2.57844354,1
C_ID_1118c56fef,-36.03597949,65,1.0461538461538462,-0.26566873,-0.5543996844615385,0.9846153846153847,0.0,1
C_ID_44a0a2b09f,-16.75184085,24,1.0,-0.55162325,-0.6979933687500001,0.7083333333333334,0.0,1
C_ID_c8682f253a,-29.934975319999992,49,0.0,0.15373624,-0.6109178636734692,0.9183673469387755,-1.94918821,1
C_ID_540d969c8d,-14.46001229,22,0.0,-0.47423671,-0.657273285909091,0.8181818181818182,2.96692005,1
C_ID_980ceec73d,-3.1982127300000003,5,0.0,-0.42183927,-0.639642546,1.0,0.0,1
C_ID_6ce8e76e4c,-40.063009580000006,66,0.0,0.28604468,-0.6070152966666668,0.8939393939393939,4.13293838,1
C_ID_a46fe42441,-5.072770049999999,9,1.4444444444444444,-0.17514902,-0.5636411166666666,1.0,-0.52414847,1
C_ID_4fabcdbdd6,-41.73374724000002,78,0.0,0.2191767,-0.5350480415384619,0.9743589743589743,-0.51698143,1
C_ID_29736e9164,-18.368723559999996,26,0.0,-0.21256504,-0.7064893676923075,0.8846153846153846,-0.12411633,1
C_ID_bcbc93f0d0,-238.0811949800001,432,0.006944444444444444,7.56876383,-0.5511138772685188,0.9398148148148148,0.49378649,1
C_ID_299ecebf4d,-219.88985941999974,362,0.013812154696132596,1.13140618,-0.6074305508839771,0.9281767955801105,-1.8446864,1
C_ID_2cb309e4b1,-194.54008901999987,351,1.2991452991452992,5.9383873,-0.5542452678632475,0.9743589743589743,1.99891485,1
C_ID_26afe037bd,-52.650778599999995,72,0.013888888888888888,-0.62519305,-0.7312608138888889,0.875,-0.04162317,1
C_ID_fc24e88a73,-39.22486079,74,1.7972972972972974,1.70040007,-0.5300656863513513,0.9459459459459459,0.0,1
C_ID_1a64a439f2,-23.68113646,38,1.0,-0.3652344,-0.6231878015789474,1.0,0.0,1
C_ID_5601bd61d1,-21.521736559999994,55,0.0,0.83087594,-0.39130430109090897,0.9818181818181818,0.0,1
C_ID_843c9fb048,-37.17232942,51,0.0,-0.6266957,-0.7288692043137255,0.7647058823529411,0.0,1
C_ID_6c847acf9b,-217.1994223800001,307,0.006514657980456026,0.75574338,-0.7074899751791535,0.9478827361563518,0.0,1
C_ID_507f1dda2c,-57.51959380000003,85,0.0,-0.28022942,-0.6767011035294122,0.9647058823529412,-2.21789159,1
C_ID_1df8882760,-63.876815180000015,139,1.410071942446043,13.76563719,-0.4595454329496404,0.7913669064748201,0.0,1
C_ID_3807564606,-2.16374256,8,2.0,1.50706897,-0.27046782,0.875,-0.66924088,1
C_ID_b6bf440585,-16.77014314,29,1.2413793103448276,-0.13623036,-0.5782807979310344,0.8620689655172413,2.93216758,1
C_ID_e639157842,-88.24805913999994,161,1.3664596273291925,0.81170211,-0.5481245909316766,0.7763975155279503,0.54219413,1
C_ID_511e6a71f5,-0.27481988000000024,33,3.121212121212121,1.05627362,-0.008327875151515158,0.5151515151515151,0.7289754,1
C_ID_6f6d38b8c7,-118.14318411,167,0.0,-0.47943589,-0.7074442162275449,0.9580838323353293,3.20572561,1
C_ID_614fcc355e,-49.633169570000014,81,0.024691358024691357,0.0829764,-0.6127551798765434,0.8641975308641975,-0.54113844,1
C_ID_5accd3fee5,-52.31334325999998,75,0.0,-0.40129802,-0.6975112434666664,1.0,1.66665956,1
C_ID_5a2bb613b3,-41.76387542000002,70,2.6142857142857143,0.30494803,-0.596626791714286,0.8428571428571429,0.40297124,1
C_ID_ab39543188,-34.73707282,71,0.07042253521126761,0.08477958,-0.4892545467605634,0.647887323943662,-2.446586,1
C_ID_cc0fd02aff,-5.59519679,9,0.2222222222222222,-0.31400902,-0.6216885322222222,0.7777777777777778,1.0960684,1
C_ID_0ecf8862eb,-16.388860429999998,27,0.4074074074074074,-0.28258858,-0.6069948307407407,1.0,0.39719538,1
C_ID_f9c6807dfc,-11.146095429999999,28,1.5,4.79787506,-0.39807483678571426,0.9642857142857143,0.0,1
C_ID_c0c1d7d218,-15.68510877,26,1.2692307692307692,-0.1950291,-0.6032734142307692,1.0,0.99911168,1
C_ID_db4d41c335,-31.528506879999995,46,0.0,-0.25967315,-0.6854023234782608,0.9347826086956522,0.0,1
C_ID_61eaf659f8,-57.3353237,81,0.0,-0.29611244,-0.7078435024691357,1.0,0.0,1
C_ID_db2faf0442,-2.8606571699999996,8,2.0,1.03758064,-0.35758214624999995,1.0,0.0,1
C_ID_b75275beff,-49.44629981000002,76,0.039473684210526314,-0.02126251,-0.650609208026316,0.8947368421052632,0.0,1
C_ID_a60a117afb,-83.89952179000001,166,1.4216867469879517,5.2336439,-0.5054188059638555,0.9879518072289156,0.0,1
C_ID_4d2ecb1166,-18.743379599999997,26,0.038461538461538464,-0.6266957,-0.7208992153846153,0.8076923076923077,0.0,1
C_ID_1484453f09,-109.24436366000006,152,0.006578947368421052,-0.55171341,-0.7187129188157899,0.875,2.77625338,1
C_ID_01be7e8895,-16.521093739999994,36,1.0,0.00441779,-0.45891927055555537,1.0,-0.29335859,1
C_ID_a1cd236992,11812.876752779981,323,0.030959752321981424,12024.68201822,36.57237384761604,0.8854489164086687,1.0250662,1
C_ID_f010d785cf,-13.570427859999997,22,1.0454545454545454,-0.26635995,-0.6168376299999999,0.36363636363636365,-0.99763686,1
C_ID_89830eba75,-6.7919382399999995,20,1.15,1.64982084,-0.339596912,0.4,1.26532166,1
C_ID_ec9723f770,-9.051775359999999,13,1.0,-0.5742682,-0.6962904123076922,1.0,0.0,1
C_ID_8d4e973fa2,-65.62209932000002,92,0.0,-0.54107464,-0.7132836882608697,0.9891304347826086,-2.78779328,1
C_ID_041d4fa3d1,-66.02239058999999,126,1.0,5.27146563,-0.5239872269047618,0.9920634920634921,0.0,1
C_ID_7ea532eef8,-174.23791897000007,245,0.0326530612244898,-0.36793917,-0.711175179469388,0.8653061224489796,0.0,1
C_ID_a87d741216,-5.9304082099999995,8,0.0,-0.72863556,-0.7413010262499999,0.625,0.75672885,1
C_ID_f2ac360332,7.51970227,8,0.0,2.10812945,0.93996278375,0.875,1.99688502,1
C_ID_55ba1b5287,-10.082038129999997,25,3.28,0.4581884,-0.4032815251999999,0.68,0.56208914,1
C_ID_5995e8b046,-4.415300060000001,9,1.0,-0.04507954,-0.4905888955555556,1.0,0.0,1
C_ID_ad9326f0f9,-20.22774352,55,1.2363636363636363,2.57117141,-0.3677771549090909,0.9272727272727272,0.51607635,1
C_ID_f07973ad6e,-31.630551889999982,53,1.7169811320754718,0.18714018,-0.5968028658490563,0.9811320754716981,0.0,1
C_ID_77367f8fa4,-12.430261140000002,17,0.0,-0.65795085,-0.731191831764706,0.9411764705882353,2.80077627,1
C_ID_8152e9e1f3,-70.56344758,138,0.0,1.16688377,-0.511329330289855,0.9492753623188406,0.0,1
C_ID_ab602efdcb,-86.97493785,136,0.0,0.00441779,-0.6395216018382354,0.9926470588235294,-7.94770706,1
C_ID_caecaf9983,-21.052789169999997,30,0.0,-0.56057905,-0.7017596389999999,0.9666666666666667,3.88911315,1
C_ID_a68b158cc9,-7.65760057,11,0.0,-0.60145116,-0.6961455063636364,0.9090909090909091,0.0,1
C_ID_2ed82ee0f8,-39.03238625,54,0.0,-0.65635804,-0.7228219675925927,0.9444444444444444,-0.06472368,1
C_ID_2bd21a0081,-63.54079226000005,101,1.0594059405940595,0.15468291,-0.6291167550495055,0.8910891089108911,0.0,1
C_ID_d38daccd81,-77.49683039000003,152,0.03289473684210526,1.45159109,-0.5098475683552633,0.8421052631578947,1.81775793,1
C_ID_54d59c4447,-21.317391030000003,36,0.0,-0.23959773,-0.5921497508333334,0.9444444444444444,0.0,1
C_ID_d39b7ddcb3,-39.266709600000006,55,0.0,-0.53653663,-0.7139401745454547,0.8909090909090909,-3.56657852,1
C_ID_ebf814187d,-34.93680524,56,0.0,-0.04066174,-0.6238715221428571,0.9464285714285714,0.0,1
C_ID_1bcf023c67,-121.42138295999999,217,0.018433179723502304,1.2816713,-0.55954554359447,0.9493087557603687,0.07300294,1
C_ID_8e293f0a4f,-142.23894723999996,215,0.023255813953488372,-0.14584732,-0.6615764987906975,0.9162790697674419,0.0,1
C_ID_bfede0ad26,-34.79238542999998,54,1.1296296296296295,-0.28859919,-0.6443034338888886,0.9629629629629629,0.13452364,1
C_ID_8ffa42b397,-16.90426979,37,1.1081081081081081,2.08521402,-0.4568721564864865,1.0,1.4825444,1
C_ID_61b70237e6,5796.697048430003,102,0.00980392156862745,5860.04756,56.83036321990199,0.8823529411764706,1.03405837,1
C_ID_6acee8bdf1,-8.243920099999999,27,2.3703703703703702,1.86169465,-0.30533037407407404,0.8888888888888888,0.56185671,1
C_ID_8544e8149e,-6.47447314,13,2.0,0.52884306,-0.49803639538461536,0.8461538461538461,0.20616648,1
C_ID_9088174612,-14.137588439999998,26,1.6923076923076923,-0.01060872,-0.5437534015384615,0.7307692307692307,0.01884779,1
C_ID_561f84c9a6,-170.19784592999994,250,0.0,-0.19092686,-0.6807913837199998,0.948,0.22456652,1
C_ID_dcdb724219,-76.85341018000007,131,1.3435114503816794,1.05627362,-0.5866672532824433,0.9541984732824428,-0.39864059,1
C_ID_2173e0a1c0,-17.348393370000004,62,1.7580645161290323,3.72445619,-0.27981279629032263,0.8548387096774194,-1.32611228,1
C_ID_f037bebc87,-172.45180770000005,263,1.026615969581749,0.43117073,-0.6557102954372626,0.9847908745247148,-0.30277594,1
C_ID_7040846f86,-22.072713700000005,44,1.2045454545454546,1.93069639,-0.5016525840909092,0.9772727272727273,-2.79163099,1
C_ID_caa14a0f06,-34.28256591000003,146,1.726027397260274,18.12609049,-0.23481209527397282,0.9657534246575342,0.0,1
C_ID_790500ee56,-146.7355105100001,203,0.0049261083743842365,-0.59664268,-0.7228350271428576,0.9556650246305419,0.0,1
C_ID_a688df083e,-64.76055434000004,95,0.0,-0.52151012,-0.681690045684211,0.8315789473684211,0.0,1
C_ID_a756a4627a,-34.802182679999994,58,0.0,3.15848262,-0.600037632413793,0.9655172413793104,0.31628153,1
C_ID_a523b35f47,-2.310100810000001,25,3.44,2.66411038,-0.09240403240000004,0.84,0.94370229,1
C_ID_0ac46ce4c2,-73.02477514999997,106,0.0,-0.38777416,-0.6889129731132072,0.839622641509434,0.75402814,1
C_ID_f710d6689c,-16.478283200000003,27,1.037037037037037,0.2072757,-0.6103067851851853,1.0,0.0,1
C_ID_76e4997810,-32.59854478,55,1.2181818181818183,0.22735112,-0.5927008141818181,0.6727272727272727,-1.57377415,1
C_ID_dbdad76f9f,-35.898832549999995,55,0.0,1.29609675,-0.6527060463636363,0.9636363636363636,0.0,1
C_ID_24d2c71b51,-102.33279926999998,149,0.0,0.20617877,-0.6867973105369126,0.9530201342281879,0.0,1
C_ID_502ec0aaa9,-55.25036511,78,1.1794871794871795,-0.11729695,-0.7083380142307691,0.8461538461538461,-3.73500621,1
C_ID_0b9d70793f,-52.356784919999996,111,0.0,1.69490037,-0.471682747027027,0.9009009009009009,-33.21928095,1
C_ID_3f217af417,-25.314773739999996,45,0.022222222222222223,-0.20742597,-0.5625505275555555,0.9777777777777777,0.83192491,1
C_ID_59777b7e49,-20.3358292,33,0.7575757575757576,-0.16132463,-0.6162372484848485,0.8787878787878788,0.53897069,1
C_ID_432b52df42,-68.50953369999999,97,0.0,-0.50980447,-0.7062838525773195,0.9072164948453608,0.98863864,1
C_ID_068129c7e9,-7.203664679999999,11,0.0,-0.50648361,-0.6548786072727272,0.9090909090909091,0.86232818,1
C_ID_3effdce234,-11.2224151,16,0.1875,-0.62311939,-0.70140094375,0.6875,0.0,1
C_ID_36b76794af,-3.0635150700000002,17,1.1176470588235294,0.30494803,-0.18020676882352943,0.8235294117647058,1.24287169,1
C_ID_b08249306f,-20.164316630000002,32,0.0,-0.42834575,-0.6301348946875001,1.0,-1.53757352,1
C_ID_0348481a42,-70.11561238999998,125,0.048,0.24183668,-0.5609248991199999,0.88,-1.55541914,1
C_ID_f291c07815,-38.77953507,66,1.8636363636363635,1.08356177,-0.5875687131818182,0.9696969696969697,0.20995625,1
C_ID_653c265fbe,-99.43229192000001,149,0.0,-0.25163397,-0.6673308182550336,0.9932885906040269,0.04717766,1
C_ID_f787591172,-74.49669711000004,109,0.0,-0.16753058,-0.6834559367889912,0.981651376146789,-3.14014111,1
C_ID_dd11e14868,-191.26349776000015,385,1.0129870129870129,8.26899928,-0.49678830587013023,0.9792207792207792,-1.35744054,1
C_ID_503afd5cf8,-32.658425359999995,53,1.150943396226415,0.05099998,-0.6161967049056603,1.0,2.05447953,1
C_ID_ac22149e77,-205.16000105000015,352,0.005681818181818182,2.92106373,-0.582840912073864,0.9119318181818182,-0.6179421,1
C_ID_2a81f12d2c,-42.254521149999995,60,1.1166666666666667,-0.52152514,-0.7042420191666666,0.8666666666666667,0.0,1
C_ID_b6b08763ee,-25.26067829,35,0.0,-0.60415593,-0.7217336654285714,0.9142857142857143,-0.74219097,1
C_ID_efb36c9efa,49.94490953,33,1.696969696969697,10.46153264,1.5134821069696969,0.9090909090909091,-1.2192363,1
C_ID_b960728c7d,-208.1414411200002,351,1.1424501424501425,1.21292501,-0.5929955587464393,0.9886039886039886,-1.31331784,1
C_ID_787801986c,-23.3581716,32,0.15625,-0.681843,-0.7299428625,0.6875,0.0,1
C_ID_2b11a888a2,5.41543464,24,1.5,3.01616653,0.22564311,0.9583333333333334,0.0,1
C_ID_f5eb08b111,-24.086100939999994,43,0.3023255813953488,-0.12330756,-0.5601418823255813,0.5348837209302325,0.0,1
C_ID_c3a44dd8a6,-107.87881435000003,158,0.03164556962025317,-0.44667809,-0.6827773060126584,0.9556962025316456,-1.95413187,1
C_ID_01cf96f365,-20.059972550000005,57,1.368421052631579,0.28240826,-0.3519293429824562,0.7368421052631579,0.00130568,1
C_ID_dcd5cd8efa,-29.781674840000004,42,0.0,-0.64490783,-0.7090874961904763,0.9285714285714286,2.53156861,1
C_ID_68ec11a759,-10.95811378,23,1.9130434782608696,0.97478485,-0.47643972956521735,1.0,0.85950811,1
C_ID_3c82587d45,-83.39604351999999,134,0.029850746268656716,1.40068127,-0.6223585337313432,0.9029850746268657,0.0,1
C_ID_a4d8bc20d9,-10.591707300000001,20,0.05,-0.20656946,-0.5295853650000001,0.95,1.70599621,1
C_ID_e50658226e,-33.063765540000006,52,1.0,0.07353975,-0.6358416450000001,1.0,0.0,1
C_ID_e976aeabb3,-42.41583075000001,61,0.0,-0.52151012,-0.6953414877049182,0.9672131147540983,2.63609068,1
C_ID_caf809b390,-44.25952364,68,0.0,0.52355372,-0.6508753476470588,0.8823529411764706,4.63717227,1
C_ID_98097e7af0,-20.053060299999995,29,0.034482758620689655,-0.47643058,-0.6914848379310343,0.9310344827586207,0.51601515,1
C_ID_1ad0596168,-300.1298394300001,433,0.009237875288683603,-0.26620968,-0.6931405067667439,0.9330254041570438,-0.75311803,1
C_ID_60d2ac77a1,-32.603578590000005,79,1.2151898734177216,6.15026112,-0.41270352645569625,0.9873417721518988,0.0,1
C_ID_15e10cb99c,-2.9577585,23,3.217391304347826,1.69775541,-0.12859819565217392,0.5652173913043478,-0.49903111,1
C_ID_4a938505ec,-3.87868833,42,1.6904761904761905,1.537122,-0.09234972214285715,0.8809523809523809,0.10579085,1
C_ID_473897362a,-128.04377715000007,280,1.5285714285714285,4.91605857,-0.4572992041071431,0.9714285714285714,-0.23505584,1
C_ID_d89aac5a6e,-57.81609695999995,145,0.006896551724137931,0.88797669,-0.39873170317241347,0.9862068965517241,-0.68469346,1
C_ID_db9cfb470b,-78.84062125999999,124,0.008064516129032258,1.0968452,-0.6358114617741935,0.9354838709677419,1.427977,1
C_ID_7d266b7bf5,-21.5254331,42,0.0,0.00441779,-0.5125103119047619,0.40476190476190477,0.16820551,1
C_ID_ac5870b153,-31.018116319999997,47,1.148936170212766,-0.23600639,-0.6599599217021276,0.9148936170212766,0.0,1
C_ID_07444ff5b5,-21.009813339999994,31,0.0,0.13175246,-0.6777359141935482,0.9354838709677419,0.0,1
C_ID_5bcff851c1,-17.03630778,29,1.4137931034482758,1.23770372,-0.5874588889655172,1.0,4.33000793,1
C_ID_311897d159,-485.2081997199996,701,0.0028530670470756064,0.87361134,-0.6921657627960051,0.9828815977175464,1.06431154,1
C_ID_0862ead001,-35.19338284999999,55,0.05454545454545454,-0.28559388,-0.6398796881818181,0.5818181818181818,-0.02428517,1
C_ID_5ea584bcb9,-26.951551549999994,37,0.0,-0.64923547,-0.728420312162162,0.9459459459459459,1.69582478,1
C_ID_c54d57b466,-106.59906646000009,199,1.1407035175879396,1.65733409,-0.5356737008040205,0.8793969849246231,0.0,1
C_ID_be1390af97,-168.45597275999984,245,0.0,-0.09803296,-0.6875753990204075,0.9673469387755103,0.0,1
C_ID_096f0b4551,-1.523793459999999,24,4.541666666666667,4.30200017,-0.06349139416666662,0.7916666666666666,-33.21928095,1
C_ID_75775cab37,-60.74121784,106,0.0,0.26034934,-0.573030356981132,0.8962264150943396,0.85896309,1
C_ID_1a4375c6bd,-211.97700340000017,337,1.1246290801186944,3.79861202,-0.6290118795252231,0.9851632047477745,0.0,1
C_ID_b28e1c2798,-107.00476726000004,184,0.016304347826086956,0.81864436,-0.5815476481521741,0.9347826086956522,0.93285967,1
C_ID_84732fb046,-6.24641575,23,2.4782608695652173,2.40850942,-0.2715832934782609,0.8695652173913043,0.0,1
C_ID_a0511982d4,-43.356505399999996,76,1.4473684210526316,0.66813882,-0.5704803342105262,0.9605263157894737,0.09602602,1
C_ID_fbf8666139,-11.79149916,17,0.0,-0.50534159,-0.6936175976470589,0.9411764705882353,0.29810626,1
C_ID_ce54773882,-55.76388116000001,100,1.05,0.53366657,-0.5576388116000001,1.0,0.48784937,1
C_ID_25c89a8c21,-10.558979599999999,18,1.0,-0.09571888,-0.5866099777777777,1.0,-1.02340107,1
C_ID_ef1d83ae44,-41.14358108,66,0.0,-0.29791562,-0.6233875921212121,0.9848484848484849,0.0,1
C_ID_b60e31d393,-21.54663553999999,36,1.4166666666666667,1.49085537,-0.5985176538888886,0.4166666666666667,-1.19410962,1
C_ID_6fb78607e4,-20.409038389999996,30,0.0,-0.27091298,-0.6803012796666665,0.8333333333333334,0.36136226,1
C_ID_ae067163d4,-25.28246671000001,54,4.777777777777778,1.99352224,-0.4681938279629631,0.8333333333333334,0.0,1
C_ID_ec78af5be2,-2.5878207900000003,22,3.227272727272727,1.95786433,-0.11762821772727274,1.0,0.85216409,1
C_ID_eae8a23abb,-15.221721220000001,28,1.0,0.08706361,-0.5436329007142857,1.0,0.0,1
C_ID_d486484837,-16.67271127,31,0.0,1.50706897,-0.5378293958064516,0.967741935483871,2.01684017,1
C_ID_2143fd01eb,-35.43948706999999,54,1.5740740740740742,-0.24998105,-0.6562867975925925,0.8888888888888888,0.0,1
C_ID_3d1597084e,-5.85616223,12,1.5833333333333333,0.75574338,-0.48801351916666663,0.8333333333333334,0.0,1
C_ID_96e0283170,-41.59879419,72,0.0,0.75559312,-0.5777610304166667,0.9861111111111112,0.0,1
C_ID_adbcbc5819,-10.135697759999998,17,1.1176470588235294,-0.29791562,-0.5962175152941175,0.8823529411764706,-2.41937384,1
C_ID_98c06b02d2,-6.9802505,21,0.0,0.88518176,-0.33239288095238095,1.0,-0.19782413,1
C_ID_a18c6c724b,-13.139452469999997,35,1.4,3.80611025,-0.37541292771428564,0.8571428571428571,-2.63643903,1
C_ID_e309618ab8,-9.98660468,98,1.5816326530612246,4.27720642,-0.10190412938775509,0.8775510204081632,2.01327155,1
C_ID_7794b849ed,-6.6978873000000005,18,0.0,0.60397562,-0.37210485000000004,0.9444444444444444,-0.9076084,1
C_ID_54a96447eb,-67.11299973000001,164,1.6097560975609757,3.02524254,-0.40922560810975617,0.9817073170731707,0.0,1
C_ID_00699c00e4,-4.15304233,22,1.5454545454545454,7.1420109,-0.18877465136363636,0.9545454545454546,0.0,1
C_ID_c4fa39d3c0,-33.85079416000001,79,3.3037974683544302,2.92216067,-0.42849106531645575,0.6455696202531646,-33.21928095,1
C_ID_9028512d20,-12.775615479999997,26,2.1538461538461537,1.50706897,-0.49136982615384606,0.9230769230769231,0.0,1
C_ID_21b124d7a7,92.54490517999955,428,1.6635514018691588,375.04244038,0.21622641397196155,0.9742990654205608,0.0,1
C_ID_4d11fb0129,-27.727926219999993,56,3.357142857142857,2.25839456,-0.495141539642857,0.5,-0.21799187,1
C_ID_702ca3bc38,-68.17324046000002,107,0.018691588785046728,-0.06527517,-0.6371330884112151,0.8691588785046729,-1.11577523,1
C_ID_4571f40ee6,-61.93417257999998,126,3.0396825396825395,0.96611455,-0.49154105222222205,0.8015873015873016,-0.00956946,1
C_ID_e55bd49cc3,-338.7593048000004,507,0.02564102564102564,0.75574338,-0.6681643092702177,0.834319526627219,0.0,1
C_ID_80304135c7,-21.15139313,30,1.0,-0.64023459,-0.7050464376666666,0.9666666666666667,0.0,1
C_ID_edeb055726,-7.301126630000001,27,2.074074074074074,2.40715703,-0.2704120974074074,0.9629629629629629,-2.09436675,1
C_ID_fb6ce8ccc0,-75.54120493000003,112,1.1160714285714286,1.20503609,-0.6744750440178574,0.8928571428571429,-0.3460945,1
C_ID_9bb32672d5,-77.41709960000003,125,0.0,-0.11224804,-0.6193367968000002,0.984,0.0,1
C_ID_87a3b8d7de,0.21379719999999935,22,1.3636363636363635,4.51237133,0.009718054545454517,1.0,-2.00994363,1
C_ID_82f8a77ff9,-65.02832672999997,107,1.158878504672897,2.70918992,-0.607741371308411,0.9719626168224299,0.79686723,1
C_ID_0ac24351a5,17.478387750000003,47,1.4042553191489362,5.12650487,0.37188059042553195,0.9574468085106383,0.2511118,1
C_ID_56506f8524,-19.640973239999994,30,1.4666666666666666,-0.33857736,-0.6546991079999998,0.8666666666666667,-1.49925392,1
C_ID_f8aba7c121,-21.573517940000002,39,0.07692307692307693,0.21071677,-0.5531671266666667,0.8717948717948718,0.30370755,1
C_ID_c3e1c26872,-16.428199810000002,25,1.08,-0.14584732,-0.6571279924000001,0.96,-2.61249492,1
C_ID_9c40b05f94,-297.3576136500002,513,1.253411306042885,2.29594582,-0.579644471052632,0.9961013645224172,0.0,1
C_ID_f5691ac95d,-16.6683235,25,1.36,-0.5103905,-0.6667329399999999,0.84,-0.6557868,1
C_ID_ca2e8daf18,-7.7251747900000005,13,0.0,-0.13382611,-0.5942442146153847,1.0,-0.24636678,1
C_ID_d2d2e31b10,-18.82838458,41,1.1219512195121952,3.00972015,-0.459228892195122,0.975609756097561,0.0,1
C_ID_ed8e755e2c,-10.618274190000001,16,0.0,-0.40129802,-0.6636421368750001,1.0,4.07399112,1
C_ID_e89b6ffd48,-57.0847266,86,0.011627906976744186,0.31095864,-0.6637758906976745,0.9302325581395349,0.0,1
C_ID_de86bec7b4,-3.16240454,9,1.1111111111111112,0.61900213,-0.3513782822222222,0.8888888888888888,-0.49229966,1
C_ID_6d6db891a7,-8.53974698,14,0.5,-0.34825444,-0.6099819271428571,0.8571428571428571,2.31600976,1
C_ID_9dd1dd435f,-14.14137513,27,1.037037037037037,-0.1046296,-0.5237546344444445,0.9259259259259259,2.41126143,1
C_ID_ed6a352692,-34.83793077,62,0.5645161290322581,0.35414483,-0.5619021091935484,0.3870967741935484,1.2410081,1
C_ID_c308b9d0dc,-95.85855152,148,1.2162162162162162,1.58220153,-0.6476929156756757,0.9459459459459459,-33.21928095,1
C_ID_76bfce0588,-59.47798410000001,87,0.0,0.24484198,-0.6836549896551725,0.9080459770114943,-1.02722607,1
C_ID_d74115ffe2,-16.59307077,33,1.696969696969697,1.80744894,-0.5028203263636364,0.9393939393939394,0.0,1
C_ID_d6ca96adbc,-7.3525022799999995,20,2.4,0.32027507,-0.367625114,0.95,0.0,1
C_ID_acf8f41c1f,-8.579777579999998,12,0.0,-0.62677083,-0.7149814649999998,1.0,0.0,1
C_ID_e4a7eb9e62,-37.03969037,60,0.016666666666666666,3.00972015,-0.6173281728333334,0.95,-2.48762814,1
C_ID_6ec7328833,-14.750369609999998,39,0.0,1.52209549,-0.3782146053846153,0.6666666666666666,-0.46419225,1
C_ID_5d86969d20,-37.31745548000001,55,1.0909090909090908,-0.15196311,-0.6784991905454547,0.9636363636363636,0.0,1
C_ID_6abfedc44b,-56.604298979999996,110,0.9727272727272728,4.86849966,-0.5145845361818181,0.9363636363636364,0.59677824,1
C_ID_10136ce01f,-6.436245690000001,14,1.0,-0.24652495,-0.45973183500000003,1.0,-0.37029578,1
C_ID_ba018710c3,-2.2638041,18,3.5,1.20503609,-0.12576689444444444,0.6666666666666666,0.0,1
C_ID_0d67ba6a3b,-25.841558160000005,40,1.55,-0.33812657,-0.6460389540000001,0.85,0.0,1
C_ID_656fbbdf38,-25.433062539999984,41,1.0,-0.53653663,-0.620318598536585,1.0,-3.27310317,1
C_ID_2c58a4aa52,-16.22380921,24,0.0,0.2661045,-0.6759920504166667,1.0,0.0,1
C_ID_3ce0fe91b4,-3.62618279,6,0.0,-0.42938257,-0.6043637983333333,1.0,0.0,1
C_ID_190b303f2e,-96.28431261000001,131,0.0,-0.6000537,-0.7349947527480917,0.7099236641221374,1.80049125,1
C_ID_e55cdc153d,-20.30126821,31,1.2258064516129032,0.27489501,-0.6548796196774194,0.8387096774193549,-1.89764496,1
C_ID_c503142f2d,-31.028108959999997,71,2.112676056338028,0.81179227,-0.43701561915492954,0.9859154929577465,0.0,1
C_ID_445b5dd462,-30.495434160000006,42,0.09523809523809523,-0.61166919,-0.7260817657142858,0.7380952380952381,3.2506368,1
C_ID_d2e273afc0,-58.818049730000006,84,1.1666666666666667,-0.55471871,-0.7002148777380953,0.9523809523809523,0.0,1
C_ID_d595774809,-41.99896517000001,63,0.23809523809523808,0.27481987,-0.666650240793651,0.6984126984126984,0.0,1
C_ID_b73ae6e82b,-8.733453749999999,12,0.0,-0.68771837,-0.7277878124999999,1.0,0.01818354,1
C_ID_5e7277a8e3,-31.026471100000002,46,1.608695652173913,-0.41581363,-0.6744885021739131,0.43478260869565216,0.0,1
C_ID_ecd78afbfb,-153.46618567000002,217,0.013824884792626729,-0.29160449,-0.707217445483871,0.8617511520737328,0.0,1
C_ID_078d2ee47e,42.593849799999994,15,2.533333333333333,12.04155533,2.8395899866666663,0.8666666666666667,1.7258862,1
C_ID_0976ee15cb,-48.79535145,76,1.0,-0.30062039,-0.6420440980263158,0.9473684210526315,0.0,1
C_ID_6e45c83e16,-41.03986809999999,102,1.3333333333333333,2.49250762,-0.40235164803921564,0.9901960784313726,-2.31127379,1
C_ID_349603edcb,-11.29748761,16,0.9375,-0.70197853,-0.706092975625,0.6875,0.0,1
C_ID_0450161017,-44.28248413000001,103,1.3883495145631068,1.70782317,-0.42992703038834956,0.970873786407767,0.0,1
C_ID_b9c022cc4b,-20.03181278,34,1.411764705882353,-0.00925633,-0.589170964117647,0.9117647058823529,0.0,1
C_ID_d6c86b18cd,-4.39738845,7,1.0,-0.62819835,-0.62819835,1.0,-33.21928095,1
C_ID_02c292da54,-100.07870225999994,151,0.013245033112582781,0.37857794,-0.6627728626490063,0.9470198675496688,0.0,1
C_ID_496f20670e,-65.0601228,99,0.0,-0.38627151,-0.6571729575757576,0.9797979797979798,-2.66350586,1
C_ID_c2202f5739,-46.49044970999999,66,0.015151515151515152,-0.59664268,-0.704400753181818,0.9090909090909091,-0.03849036,1
C_ID_0f6a7fc6f7,-53.22956985000001,88,1.6022727272727273,-0.07116556,-0.604881475568182,0.9431818181818182,0.0,1
C_ID_5e0ba8fae6,-71.79085807999998,105,1.2,-0.29609741,-0.6837224579047617,0.9047619047619048,-0.12037409,1
C_ID_de104bb299,-1.6393623799999997,13,0.15384615384615385,3.00972015,-0.12610479846153844,0.7692307692307693,0.19264508,1
C_ID_bda1e3d95b,-13.689197339999998,20,0.0,-0.43135105,-0.6844598669999999,0.9,0.0,1
C_ID_eceab3a9b0,-26.34428509999999,43,0.0,-0.24153615,-0.6126577930232556,0.6976744186046512,-1.77522158,1
C_ID_d8db4e109f,-17.211276460000004,32,1.625,-0.14584732,-0.5378523893750001,0.625,0.0,1
C_ID_262e9b5d8b,-12.315067899999997,23,1.0434782608695652,-0.27357267,-0.5354377347826086,0.5217391304347826,2.50468729,1
C_ID_76a44520ea,-40.46046081000001,80,0.0125,1.30922992,-0.5057557601250001,0.9625,0.98876866,1
C_ID_5b6cb365e2,-12.418780920000001,21,1.619047619047619,0.00441779,-0.5913705200000001,0.7619047619047619,3.29572302,1
C_ID_bf8dd67c34,-47.58903803,83,1.4698795180722892,0.2072757,-0.5733619039759036,0.8433734939759037,0.26149424,1
C_ID_0d844a4d61,-37.74390789,56,1.3571428571428572,-0.14601262,-0.6739983551785714,0.9821428571428571,0.0,1
C_ID_1ee39d94d7,-4.707475570000001,10,0.0,-0.1187996,-0.47074755700000004,0.9,0.24991332,1
C_ID_61ac1408e0,-34.92023098999999,51,0.0,-0.38404759,-0.6847104115686273,0.9803921568627451,-0.0844362,1
C_ID_14f832616b,-15.208708269999999,27,0.0,-0.22097988,-0.5632854914814814,0.8888888888888888,0.23425006,1
C_ID_c29aeadf75,-87.76450602999998,144,0.04861111111111111,0.15468291,-0.6094757363194443,0.875,4.08766853,1
C_ID_084af701d1,-59.40067264999997,86,0.03488372093023256,-0.5506315,-0.6907054959302322,0.8488372093023255,-1.09010618,1
C_ID_5100c0aab2,-114.71230089000002,163,0.06748466257668712,-0.44637756,-0.7037564471779143,0.9141104294478528,0.75265397,1
C_ID_1f5346f7e9,-7.47432223,14,0.0,0.1672,-0.5338801592857143,1.0,-0.21000612,1
C_ID_efc90eb551,-73.94484848999998,110,1.4363636363636363,-0.1157943,-0.6722258953636362,0.9181818181818182,-1.06826203,1
C_ID_eb514bd7e7,-7.08920774,20,0.8,2.84818515,-0.354460387,0.95,0.0,1
C_ID_c518340705,-35.15754468000001,52,0.19230769230769232,-0.27913248,-0.6761066284615386,0.8076923076923077,0.0,1
C_ID_32463eff59,-152.21643075999995,216,0.0,-0.40717339,-0.7047056979629628,0.9629629629629629,-0.42826416,1
C_ID_8ffbff2860,-143.44928753000008,207,1.2222222222222223,0.1396564,-0.692991727198068,0.9082125603864735,-33.21928095,1
C_ID_cc09f52a9f,-66.1116781,95,0.0,-0.49235869,-0.6959124010526316,0.8842105263157894,0.0,1
C_ID_964401a363,-249.65423854000002,399,0.010025062656641603,-0.05595873,-0.6256998459649123,0.9699248120300752,0.0,1
C_ID_48a35b89d3,-21.31700032000001,31,1.064516129032258,-0.41782719,-0.6876451716129035,0.9354838709677419,1.0147668,1
C_ID_34556562d5,-1.2302655900000001,7,3.142857142857143,2.47237209,-0.17575222714285715,1.0,1.19307458,1
C_ID_b8b51919bf,-23.542546910000006,35,1.1428571428571428,-0.48513093,-0.6726441974285716,0.9142857142857143,0.0,1
C_ID_fe5ae41746,-10.0426536,22,1.5909090909090908,0.19074654,-0.45648425454545455,0.8181818181818182,-3.00732679,1
C_ID_61127a3fae,-26.732990949999994,123,1.8780487804878048,20.48705602,-0.21734138983739834,0.975609756097561,0.0,1
C_ID_34bce3d3b9,-8.37747566,42,2.2857142857142856,2.07657377,-0.19946370619047618,0.9523809523809523,-3.85584497,1
C_ID_d79dd893ea,-22.62375088,35,1.0285714285714285,-0.47946594,-0.6463928822857142,1.0,-0.34746077,1
C_ID_a5bd4f4466,-21.562202940000002,101,2.6534653465346536,4.34461536,-0.2134871578217822,0.9603960396039604,0.07382944,1
C_ID_89b63d4fc3,-19.356115679999995,30,0.0,0.05621418,-0.6452038559999999,0.7666666666666667,-3.51853514,1
C_ID_885d013e5d,-29.20829323,45,1.0888888888888888,-0.09326956,-0.6490731828888888,0.8,0.14820752,1
C_ID_ae0cb0d327,-157.60373574000002,222,0.0,-0.10076779,-0.7099267375675676,0.963963963963964,-1.960178,1
C_ID_1d39e74a60,-9.25691731,22,1.7727272727272727,0.75574338,-0.42076896863636365,0.8636363636363636,0.0,1
C_ID_ab99597969,-22.445882069999996,41,0.1951219512195122,0.34251431,-0.5474605382926828,0.7317073170731707,0.77435979,1
C_ID_e6e6c9f102,-54.476589860000004,78,0.20512820512820512,-0.44667809,-0.6984178187179487,0.717948717948718,1.98411922,1
C_ID_41a84f06eb,-12.299455329999995,24,2.5416666666666665,0.056109,-0.5124773054166665,0.75,0.0,1
C_ID_b929f7c5e9,-13.628324930000002,19,1.0,-0.66125668,-0.7172802594736843,0.7894736842105263,-33.21928095,1
C_ID_17125476a4,-19.844988210000004,28,0.0,-0.63114355,-0.7087495789285716,1.0,-1.25678293,1
C_ID_03fa492a53,10.83917891,28,3.25,2.21331503,0.38711353249999997,0.9285714285714286,1.3947652,1
C_ID_a6d9c733a0,-74.47961199,133,0.18045112781954886,1.50706897,-0.5599970826315789,0.8045112781954887,0.0,1
C_ID_1311fcc6aa,-421.3007453599997,590,0.0,-0.0395047,-0.7140690599322029,0.9542372881355933,0.0,1
C_ID_763af70764,-40.82243435999999,60,0.0,-0.43390555,-0.6803739059999998,0.85,0.47809248,1
C_ID_09ef3216ba,-106.31700376,163,1.116564417177914,0.79481231,-0.652251556809816,0.9570552147239264,-0.06083538,1
C_ID_2e82c0b95e,-38.724718360000004,67,1.3432835820895523,0.15444249,-0.5779808710447761,0.7910447761194029,0.0,1
C_ID_1fddc40258,-7.9000683800000004,12,1.3333333333333333,-0.48394384,-0.6583390316666667,1.0,0.11066302,1
C_ID_ebe3484c22,-8.321637179999998,14,1.1428571428571428,-0.32015486,-0.5944026557142855,1.0,0.3081223,1
C_ID_f9a7249313,-44.075659149999986,61,0.0,-0.59694321,-0.722551789344262,1.0,0.0,1
C_ID_8c957d7f95,-24.209438570000003,46,2.1739130434782608,0.14057302,-0.526292142826087,0.8260869565217391,0.0,1
C_ID_6e7dd89e1c,-111.81343138999996,172,1.0872093023255813,0.17154266,-0.650078089476744,0.9127906976744186,0.0,1
C_ID_ae9922cca7,-16.59582056,24,0.0,-0.62819835,-0.6914925233333333,0.9583333333333334,1.51066617,1
C_ID_c164820ae9,-14.695072020000001,20,0.0,-0.68680175,-0.7347536010000001,0.9,0.0,1
C_ID_0ea6ea7e47,-7.80759522,13,2.076923076923077,-0.28663071,-0.6005842476923077,0.9230769230769231,0.0,1
C_ID_df21c25c4f,-32.37197499999999,47,0.02127659574468085,-0.28108593,-0.6887654255319148,0.9574468085106383,1.56455329,1
C_ID_1ec297b62f,-27.546451180000005,44,0.0,-0.34870523,-0.6260557086363637,0.75,-1.87922728,1
C_ID_3f66673b24,-213.21349001000004,319,0.025078369905956112,-0.29611244,-0.6683808464263324,0.9341692789968652,0.0,1
C_ID_6a2a8de0f3,-55.245992439999974,77,0.0,-0.39450604,-0.7174804212987009,0.8831168831168831,-33.21928095,1
C_ID_31af59d412,-134.25878740999997,196,0.025510204081632654,0.79180701,-0.6849938133163264,0.9438775510204082,-0.15972959,1
C_ID_30c4a46335,-23.121579219999997,34,1.2941176470588236,-0.22100994,-0.6800464476470588,0.9705882352941176,-0.38973305,1
C_ID_049576c3bf,-21.595411529999996,31,0.0,-0.58176643,-0.6966261783870966,0.8387096774193549,0.0,1
C_ID_260e8ee49d,-411.5113487999999,667,1.0599700149925038,1.95786433,-0.6169585439280358,0.9910044977511244,-1.49610725,1
C_ID_dff6832338,-14.652351659999999,24,1.4166666666666667,0.016439,-0.6105146524999999,1.0,3.36071208,1
C_ID_333fb94dea,-9.84676801,21,1.1904761904761905,0.75574338,-0.4688937147619048,1.0,-1.10456766,1
C_ID_8e674b9545,-12.29291882,22,1.5909090909090908,-0.10076779,-0.5587690372727273,0.9545454545454546,0.25049714,1
C_ID_781e00ea34,-28.291961480000005,42,0.047619047619047616,-0.46824113,-0.6736181304761906,0.9523809523809523,1.57404235,1
C_ID_c4b50eff3f,-96.91801079999996,151,1.509933774834437,0.52861766,-0.6418411311258275,0.9735099337748344,0.0,1
C_ID_3b0cde7089,-13.010464810000004,21,0.0,-0.41515247,-0.6195459433333335,0.9523809523809523,-3.25448838,1
C_ID_4a3f6b2654,-105.35970986000004,163,0.012269938650306749,1.02168259,-0.6463785880981597,0.9079754601226994,0.79937626,1
C_ID_e3eaf307de,-34.198672910000006,48,0.0,-0.38627151,-0.7124723522916668,0.9583333333333334,1.05884858,1
C_ID_fb1e1cbd5b,-23.67490046,58,1.2586206896551724,0.7650448,-0.40818793896551725,0.6379310344827587,-2.17372354,1
C_ID_87d37228d7,-30.86457541,45,0.0,-0.16688444,-0.6858794535555556,0.8888888888888888,-1.30196576,1
C_ID_ebee1a064a,-86.98438954000002,124,0.03225806451612903,-0.57817509,-0.7014870124193551,0.9435483870967742,0.0,1
C_ID_90b33be171,-23.444964789999993,35,0.0,-0.31639823,-0.6698561368571426,0.8857142857142857,-0.19024976,1
C_ID_40bf66b03e,-19.10327958,36,1.2222222222222223,0.0054997,-0.530646655,0.8611111111111112,0.22087926,1
C_ID_038902aae9,-90.37988541999997,163,0.0,2.08042056,-0.5544778246625764,0.950920245398773,0.01732282,1
C_ID_8dd5fd145b,-92.49618921000003,166,1.1024096385542168,2.58071324,-0.5572059590963857,0.9216867469879518,0.11989389,1
C_ID_1e125fa51a,-14.648429730000002,22,0.09090909090909091,-0.45163684,-0.6658377150000001,0.9090909090909091,0.0,1
C_ID_b9562a462c,-88.99057915999995,206,1.1796116504854368,21.7928599,-0.4319931027184464,0.970873786407767,0.0,1
C_ID_2a40c17528,-7.568929140000001,12,1.1666666666666667,-0.41145595,-0.6307440950000001,0.8333333333333334,-2.02261844,1
C_ID_a538657b0c,-16.37532153,24,0.9583333333333334,-0.50132951,-0.68230506375,0.9583333333333334,1.67922859,1
C_ID_cc3a2bb7aa,-239.39610498999988,385,0.015584415584415584,1.05627362,-0.6218080649090906,0.9454545454545454,-0.12041574,1
C_ID_89e58c711b,-41.69524939999999,84,1.4166666666666667,3.53564807,-0.4963720166666665,0.9880952380952381,0.73764558,1
C_ID_e777de7073,-76.13886943000006,117,1.0085470085470085,-0.2661646,-0.6507595677777782,0.8888888888888888,0.29122954,1
C_ID_d55af710d2,-18.122363900000007,33,1.0,0.05921948,-0.5491625424242427,0.8181818181818182,1.12243645,1
C_ID_6eb506d4cb,-80.45466392999998,112,0.0,-0.61407343,-0.7183452136607141,0.9642857142857143,-1.14368312,1
C_ID_8c569ca773,-5.440994740000001,12,1.3333333333333333,0.47324496,-0.4534162283333334,0.6666666666666666,0.0,1
C_ID_e78f06c60a,-53.84747495,80,1.25,-0.29611244,-0.673093436875,0.9875,-2.39511121,1
C_ID_89e112f6c9,-19.23889387,29,0.7931034482758621,0.0775368,-0.6634101334482758,0.6896551724137931,0.49650319,1
C_ID_8283e9479a,-38.68013474,65,1.0615384615384615,2.16048181,-0.595078996,0.9384615384615385,0.06138912,1
C_ID_fb06d09909,-59.176582310000015,114,2.017543859649123,2.13051895,-0.5190928272807018,0.9122807017543859,0.0,1
C_ID_69b50ba126,182.82315121000005,40,1.05,39.99403787,4.570578780250001,0.7,-5.07830965,1
C_ID_ca01fb599d,-164.79589013000003,245,1.2408163265306122,1.3105222,-0.6726362862448981,0.7183673469387755,0.0,1
C_ID_2e34b37362,0.5048307000000001,4,4.5,0.60397562,0.12620767500000002,1.0,1.79957259,1
C_ID_55466f93be,-23.66621511,46,0.0,1.55018004,-0.514482937173913,0.9347826086956522,0.0,1
C_ID_a19d5cfd6f,-10.76832895,23,0.043478260869565216,0.41764687,-0.46818821521739135,0.8695652173913043,-0.5363801,1
C_ID_fb1e1cbd58,-36.35571369000001,54,0.0,-0.16237649,-0.6732539572222224,0.9814814814814815,-2.20350919,1
C_ID_c9d2669e59,-40.95968654000002,66,1.106060606060606,0.02111225,-0.6206013112121216,0.8787878787878788,0.75249817,1
C_ID_e723ac9ae2,-13.209941780000001,21,1.0952380952380953,-0.31113895,-0.6290448466666667,1.0,0.0,1
C_ID_edbd239439,-23.464394029999987,52,2.2884615384615383,0.5874164,-0.45123834673076896,0.3076923076923077,0.0,1
C_ID_f346a9002c,-28.568629629999997,44,0.9772727272727273,0.18816198,-0.6492870370454544,0.8409090909090909,0.0,1
C_ID_b0bec9a463,-20.46747644,36,1.8888888888888888,0.45521315,-0.5685410122222222,0.7777777777777778,-0.61724005,1
C_ID_1fd6642326,-14.82961942,25,1.32,-0.08574128,-0.5931847768,1.0,0.38199711,1
C_ID_7c9d3c2e66,-25.235734310000005,51,2.411764705882353,1.00076569,-0.49481831980392166,0.7843137254901961,0.67701657,1
C_ID_e76938e3fc,-260.7027668099999,370,0.15675675675675677,-0.35621849,-0.7046020724594592,0.7432432432432432,0.50736031,1
C_ID_66c95c8860,-34.98083288,51,0.0,-0.46140407,-0.6858986839215686,0.9019607843137255,0.0,1
C_ID_5b18aafdb7,-165.46428431000004,342,1.1374269005847952,1.68526838,-0.4838136968128656,0.9415204678362573,0.0,1
C_ID_48896bfff5,-24.453679499999993,49,1.6122448979591837,0.56932448,-0.4990546836734692,0.9591836734693877,0.0,1
C_ID_bb989aee2d,-19.612978849999998,28,0.0,-0.60971574,-0.7004635303571428,0.8928571428571429,-0.52771424,1
C_ID_30818c02dc,-191.23503754999984,288,0.017361111111111112,0.75574338,-0.6640105470486106,0.8680555555555556,0.0,1
C_ID_8011df420b,-114.97029107000003,186,1.032258064516129,2.09175055,-0.6181198444623658,0.978494623655914,0.0,1
C_ID_1c4c927fad,-12.8009201,23,1.434782608695652,2.24021248,-0.5565617434782609,0.782608695652174,1.04973774,1
C_ID_e27a3dd3a7,-18.30021773,31,0.0,-0.29611244,-0.5903296041935484,1.0,0.0,1
C_ID_a99c49e287,-36.68222474999999,57,1.2105263157894737,0.71667445,-0.6435478026315787,0.9473684210526315,0.60750228,1
C_ID_040726a36c,-43.83642207,63,0.0,-0.3717559,-0.6958162233333333,0.7936507936507936,0.08402718,1
C_ID_e716ea8a58,-78.58574163000004,121,0.008264462809917356,0.40863096,-0.6494689390909094,0.9421487603305785,0.0,1
C_ID_68ff7723a0,-49.782322689999994,71,0.0,-0.55876084,-0.7011594745070422,0.9577464788732394,0.32479431,1
C_ID_11890f36ef,-10.236330319999997,26,1.3461538461538463,0.19460835,-0.39370501230769217,0.7307692307692307,0.97474927,1
C_ID_8af47ecc42,-13.189761129999997,27,1.4814814814814814,1.87515841,-0.4885096714814814,0.9629629629629629,0.0,1
C_ID_b372da174a,25.673156019999997,40,1.325,7.11536889,0.6418289005,0.8,0.0,1
C_ID_ba861358b5,-11.79124371,18,0.0,-0.38917163,-0.655069095,1.0,-1.15730377,1
C_ID_0cf31001ed,-67.32207858000005,107,1.1214953271028036,0.09457687,-0.6291783044859818,0.7383177570093458,-0.56326383,1
C_ID_cbdb2c9f20,-12.086093929999999,19,1.105263157894737,0.10209012,-0.6361102068421052,1.0,0.0,1
C_ID_ecdfbaeff5,-153.13050845,218,0.009174311926605505,-0.07071476,-0.702433525,0.944954128440367,0.0,1
C_ID_3705c0d7f5,-57.42689530999999,88,1.125,1.95786433,-0.6525783557954544,0.9659090909090909,0.0,1
C_ID_ba63cbb100,-13.999239339999999,25,2.36,0.19224919,-0.5599695736,0.6,0.0,1
C_ID_0be2e0067e,-16.79271298,34,0.20588235294117646,2.07657377,-0.4939033229411765,0.7647058823529411,0.58284701,1
C_ID_c965cb5829,-4.30789054,6,1.0,-0.71249708,-0.7179817566666666,1.0,0.0,1
C_ID_1287dcc772,-172.22124088999996,293,1.0,1.35680386,-0.5877858050853241,0.9726962457337884,-1.10227955,1
C_ID_d59e7031aa,17.1640932,7,0.7142857142857143,11.99557421,2.4520133142857143,1.0,0.0,1
C_ID_66678dd82b,-23.722624670000002,35,1.0,-0.50690435,-0.6777892762857144,1.0,0.0,1
C_ID_37bb3761ba,-3.53548277,11,0.0,0.45521315,-0.32140752454545457,0.6363636363636364,0.0,1
C_ID_76dfdf4d66,-16.397200129999998,25,1.12,0.14566701,-0.6558880051999999,0.88,-1.15635844,1
C_ID_955021ee21,-53.94241248,75,0.0,-0.52151012,-0.7192321664,0.9066666666666666,-0.38997035,1
C_ID_c961622c09,-20.48529794,35,1.1428571428571428,0.25100285,-0.5852942268571428,0.9714285714285714,0.0,1
C_ID_532b7bec0c,-11.752866000000001,35,1.8857142857142857,2.25689191,-0.33579617142857143,1.0,-0.50169572,1
C_ID_72d9ae0b66,-27.48138636,69,1.1014492753623188,4.99057504,-0.3982809617391304,0.9855072463768116,0.0,1
C_ID_873d591883,-30.22163610999999,45,1.1333333333333333,-0.25103291,-0.6715919135555554,0.9111111111111111,1.02663429,1
C_ID_1b2cd25136,-75.32593515999997,108,1.3333333333333333,-0.26756207,-0.6974623625925923,0.9537037037037037,0.0,1
C_ID_5eb77e7eba,-146.6600924500001,253,1.0671936758893281,0.31748014,-0.5796841598814233,0.8853754940711462,0.67970592,1
C_ID_5dcfe1e13a,-18.061897249999998,53,0.18867924528301888,7.20211694,-0.34079051415094336,0.9056603773584906,-0.11515716,1
C_ID_904ce93b11,-117.15343290999999,170,0.0,0.15321031,-0.6891378406470587,0.9235294117647059,-1.72946236,1
C_ID_6ec85bd170,-4.00657895,13,2.5384615384615383,0.39501694,-0.30819838076923073,0.9230769230769231,2.28178978,1
C_ID_dc83ebb6cd,-19.74120012,33,1.121212121212121,0.03830258,-0.5982181854545454,0.8787878787878788,0.34048352,1
C_ID_5a405b7b3c,-60.09289897000001,88,0.0,-0.38661712,-0.6828738519318183,0.9090909090909091,0.19706834,1
C_ID_dc4068526f,-6.26927109,38,2.6578947368421053,3.21047435,-0.16498081815789475,0.9473684210526315,-0.39370492,1
C_ID_70ded08301,-11.12505833,32,0.03125,1.04383167,-0.3476580728125,0.78125,0.0,1
C_ID_82aa3f5fe9,-199.37145800999997,321,0.01557632398753894,0.75574338,-0.621094884766355,0.9376947040498442,0.50758859,1
C_ID_28b1bfb837,-238.49927755,376,1.1090425531914894,2.73924294,-0.6343065892287234,0.9946808510638298,-0.26649763,1
C_ID_3fdbd2362d,-75.51837965999998,114,0.043859649122807015,0.00441779,-0.6624419268421051,0.8157894736842105,0.0,1
C_ID_ac99a542df,-63.069064930000025,136,1.0220588235294117,1.71139948,-0.4637431244852943,0.9338235294117647,-1.43427736,1
C_ID_730aa33817,-25.455527050000004,50,1.04,1.71744014,-0.5091105410000001,0.92,0.0,1
C_ID_07f5d6775c,-39.66147109000001,56,0.125,-0.56658965,-0.7082405551785717,0.8214285714285714,0.0,1
C_ID_574155462b,-2.78064098,6,0.0,-0.37725561,-0.4634401633333333,1.0,-1.99531046,1
C_ID_af6e806b9c,-36.6296169,52,0.0,-0.52460558,-0.7044157096153847,0.9807692307692307,-1.07908543,1
C_ID_b3b18de3dd,-30.223258949999998,44,0.0,-0.41656496,-0.6868922488636363,0.9090909090909091,0.0,1
C_ID_6ca55debbb,-6.14802217,11,2.1818181818181817,-0.23645719,-0.5589111063636364,0.9090909090909091,-0.61465769,1
C_ID_290eacda83,0.5684379199999999,5,1.0,3.45448988,0.11368758399999998,0.8,0.67058293,1
C_ID_9eee8ae138,-153.21890951000017,260,1.3346153846153845,0.88121476,-0.5893034981153853,0.9807692307692307,0.0,1
C_ID_79f0fec85d,-17.244620280000007,34,1.9411764705882353,1.29669781,-0.5071947141176473,0.9411764705882353,-0.1198153,1
C_ID_54bb680b69,-18.00502186,31,0.0,-0.29044745,-0.5808071567741935,0.9032258064516129,-0.65632257,1
C_ID_b570374900,-38.163402979999994,63,1.8888888888888888,0.19675715,-0.6057683012698412,0.8888888888888888,0.97405251,1
C_ID_3abbb5f419,-13.673990499999999,21,0.0,-0.25869643,-0.6511424047619047,0.9523809523809523,-1.38648442,1
C_ID_4761da309b,-213.56773990000016,329,0.03343465045592705,-0.13251881,-0.64914206656535,0.9270516717325228,0.0,1
C_ID_8bf55d9b26,9.70972619,15,0.3333333333333333,3.53579833,0.6473150793333333,0.6666666666666666,0.0,1
C_ID_7f68866de6,-16.03417465,24,0.0,-0.31113895,-0.6680906104166667,0.9166666666666666,0.90021848,1
C_ID_21b68b5487,-9.35209523,33,0.0,0.23605147,-0.28339682515151515,1.0,0.31015557,1
C_ID_0ff9e3bb7e,-56.63635049000002,88,0.0,-0.23300109,-0.6435948919318184,0.9431818181818182,0.0,1
C_ID_1c4516122b,-48.57609956000001,72,0.0,-0.32684166,-0.6746680494444446,0.9583333333333334,-0.96086696,1
C_ID_8e756e6d1e,-21.407865619999995,31,0.06451612903225806,-0.46738462,-0.6905763103225805,0.8709677419354839,-4.10095082,1
C_ID_d0a27c10ec,-141.21460475000006,205,0.03902439024390244,0.07955035,-0.6888517304878052,0.8878048780487805,0.0,1
C_ID_b5b313b731,-9.20923818,14,1.0714285714285714,-0.53157788,-0.6578027271428571,1.0,0.0,1
C_ID_f89666a31b,-70.43708961,108,1.1481481481481481,0.00441779,-0.6521952741666667,0.9537037037037037,0.0,1
C_ID_55c90d713d,-34.37774382999999,56,1.6964285714285714,-0.07438123,-0.6138882826785713,0.8035714285714286,0.36313995,1
C_ID_a89746fed3,-184.8456145099999,302,0.0033112582781456954,2.72421643,-0.6120715712251652,0.9735099337748344,0.3272619,1
C_ID_567a2206d8,-27.207648469999995,75,0.29333333333333333,5.1134318,-0.3627686462666666,0.72,-2.69846934,1
C_ID_21d576d6b7,-55.91437165999998,96,1.6666666666666667,2.06048038,-0.5824413714583331,0.8958333333333334,0.0,1
C_ID_e139bc96b2,-25.164688929999993,44,1.0909090909090908,0.27489501,-0.5719247484090908,0.8636363636363636,0.57304595,1
C_ID_c487b8b236,-9.35078791,14,0.0,-0.26479719,-0.6679134221428571,0.7142857142857143,-1.86423676,1
C_ID_656bd8d3eb,-45.09595939000002,75,0.02666666666666667,-0.17154266,-0.6012794585333335,0.8,0.26821079,1
C_ID_a4aba848f4,-11.84108665,17,0.0,-0.61166919,-0.6965345088235294,0.9411764705882353,-1.81128442,1
C_ID_3bc246d42a,-129.47521757999993,181,0.0,0.75574338,-0.7153326938121544,0.9226519337016574,-0.2673965,1
C_ID_9bdb386af7,-76.12315169000001,106,0.0,-0.55560527,-0.7181429404716982,0.9056603773584906,-1.63741267,1
C_ID_487372d97a,-110.06530699000001,153,0.0,-0.63076789,-0.7193810914379085,0.9215686274509803,-0.3634577,1
C_ID_b6ae450ec7,-76.71264178000003,110,0.0,-0.43301899,-0.6973876525454548,0.9818181818181818,-1.21452186,1
C_ID_295713a55b,-19.27041947,28,0.0,-0.44637756,-0.6882292667857143,1.0,1.13257684,1
C_ID_90efd3d41f,-2.7411062199999994,16,3.25,1.05477097,-0.17131913874999996,1.0,-0.14779639,1
C_ID_9fb717bbc4,2.09078885,16,3.9375,4.49704429,0.130674303125,0.8125,0.80464844,1
C_ID_16ab8a7944,-102.08660490999999,144,0.034722222222222224,-0.1157943,-0.7089347563194444,0.9375,2.80592576,1
C_ID_767a82e136,-80.45846563999997,116,0.017241379310344827,-0.47643058,-0.6936074624137929,0.9482758620689655,1.99535862,1
C_ID_4064507753,-110.78486652000005,177,0.011299435028248588,-0.05583852,-0.6259032006779663,0.943502824858757,0.0,1
C_ID_216a790daf,-10.106501249999997,15,0.0,-0.42383779,-0.6737667499999999,1.0,0.0,1
C_ID_8ad0432c88,-53.01081385000002,76,0.0,-0.44652782,-0.6975107085526319,0.9605263157894737,0.0,1
C_ID_b27cfb8f04,-57.317427130000006,116,1.6637931034482758,3.13594285,-0.49411575112068973,0.9913793103448276,0.0,1
C_ID_c934a3847a,-95.13768473999998,138,0.021739130434782608,-0.29611244,-0.6894035126086955,0.9202898550724637,1.12978173,1
C_ID_3edfd8d0a5,-17.946538680000003,26,1.1538461538461537,-0.46328239,-0.6902514876923078,1.0,0.0,1
C_ID_ad7e78be41,-19.0641205,107,1.1214953271028036,6.7663481,-0.17816935046728974,0.9532710280373832,0.29110256,1
C_ID_61ce1abae0,-83.5172774,119,0.008403361344537815,-0.47307967,-0.7018258605042017,0.9411764705882353,0.0,1
C_ID_2677172608,0.62415619,21,1.7142857142857142,1.40639134,0.02972172333333333,0.9523809523809523,0.94753258,1
C_ID_4edbd8c4b5,-86.42884442000003,164,1.5975609756097562,4.08847344,-0.5270051489024392,0.9878048780487805,0.0,1
C_ID_c4f0afe7a2,-22.14499119,33,1.121212121212121,-0.45389082,-0.671060339090909,0.9090909090909091,0.43644066,1
C_ID_e58704fe34,-21.169890679999998,85,0.011764705882352941,1.95786433,-0.24905753741176467,0.7647058823529411,-0.31800222,1
C_ID_6bd443d393,8.643429920000003,83,1.8795180722891567,9.37496558,0.1041377098795181,0.9518072289156626,0.84951104,1
C_ID_d2821ee0ec,-8.88093894,13,0.0,-0.60415593,-0.6831491492307692,1.0,-1.44771073,1
C_ID_cb2bb61eb1,-40.55323447,56,0.03571428571428571,-0.62938545,-0.72416490125,0.8214285714285714,0.20011933,1
C_ID_825695bb08,-24.303264099999993,36,0.027777777777777776,-0.36558001,-0.6750906694444443,0.9166666666666666,-0.86774554,1
C_ID_28d5551193,14964.576856469994,99,0.010101010101010102,15027.9065864,151.15734198454538,0.898989898989899,0.0,1
C_ID_00affac684,-26.62968368,40,0.0,1.29669781,-0.665742092,0.875,0.0,1
C_ID_3acb62acae,-344.65337889999984,552,1.065217391304348,3.22524541,-0.6243720632246373,0.9293478260869565,0.0,1
C_ID_60eebe778c,-90.08007642999996,128,0.0078125,-0.26736672,-0.7037505971093747,0.9296875,-1.39572646,1
C_ID_3db921862f,0.6763733300000001,6,0.0,1.65545578,0.11272888833333335,0.8333333333333334,0.71498642,1
C_ID_640f9c957c,-6.425697089999999,9,1.0,-0.70498383,-0.7139663433333332,0.8888888888888888,0.0,1
C_ID_bb1066f4bd,-113.14172998000006,166,0.012048192771084338,0.00144255,-0.6815766866265064,0.9397590361445783,0.0,1
C_ID_b5aea19630,-86.53792187999994,122,0.00819672131147541,-0.38026091,-0.7093272285245897,0.9672131147540983,1.0682668,1
C_ID_38ce6105f0,-181.26224228999996,266,0.0037593984962406013,-0.2003034,-0.6814370010902254,0.9548872180451128,0.0,1
C_ID_0ded79cbfe,-23.22207646,35,0.4,0.18413488,-0.6634878988571429,0.6285714285714286,1.9762295,1
C_ID_4c5a66245d,-5.481190649999999,8,0.0,-0.58912942,-0.6851488312499999,1.0,0.0,1
C_ID_dd48e017a3,-74.51044634999998,110,0.0,0.45521315,-0.6773676940909089,0.9454545454545454,0.0,1
C_ID_97c413fd67,-48.68887349999999,196,0.01020408163265306,2.11676969,-0.24841261989795915,0.9285714285714286,0.0,1
C_ID_ba0aea8051,13.857419120000001,20,1.75,6.0585994,0.692870956,1.0,2.01229705,1
C_ID_95349253e9,-39.3243814,81,1.1604938271604939,1.05627362,-0.4854861901234568,0.9259259259259259,1.15557168,1
C_ID_6a6f75cfc7,-117.27182675,167,0.0,-0.21980781,-0.7022265074850299,0.8922155688622755,1.53834589,1
C_ID_7b1ff43d73,-29.02692318,40,0.0,-0.64992669,-0.7256730795,0.95,2.55879904,1
C_ID_17007c03c1,-9.348338619999998,27,0.0,1.35680386,-0.34623476370370365,0.7777777777777778,-1.45298879,1
C_ID_320e36befb,-39.043415620000005,72,1.3333333333333333,0.45521315,-0.542269661388889,0.9722222222222222,-0.21499498,1
C_ID_5443750aa2,-73.52858403999998,104,0.0,-0.38642178,-0.7070056157692306,0.9230769230769231,-0.52763887,1
C_ID_0620b43a16,-10.056252600000002,15,0.0,-0.40024617,-0.6704168400000001,0.9333333333333333,-1.16846637,1
C_ID_77d8883b08,-34.167087249999994,56,1.25,0.3334984,-0.6101265580357141,0.9107142857142857,0.0,1
C_ID_08af48080c,-8.41472638,12,0.16666666666666666,-0.64923547,-0.7012271983333332,0.5,2.99732683,1
C_ID_25bfd69e3d,34.85989959999999,71,2.0985915492957745,9.47051917,0.49098450140845057,0.9577464788732394,0.23417277,1
C_ID_5afe130db0,-18.7462647,28,0.0,-0.45044974,-0.6695094535714287,1.0,0.0,1
C_ID_883db9485d,-39.514677109999994,58,0.0,0.00441779,-0.6812875363793103,0.9482758620689655,-0.22404604,1
C_ID_eaae909bad,-19.410301289999992,30,1.1333333333333333,0.45521315,-0.6470100429999998,0.8666666666666667,0.0,1
C_ID_ce047b3141,-13.771317189999998,21,1.2857142857142858,-0.37925413,-0.6557770090476189,0.9523809523809523,-0.31737903,1
C_ID_83e4d3692f,-72.34387878000001,114,0.0,-0.07973067,-0.634595427894737,0.8508771929824561,0.29465233,1
C_ID_70b077f88b,-90.25986860999998,135,1.1111111111111112,-0.02563523,-0.6685916193333332,0.9703703703703703,0.0,1
C_ID_969e128a4c,-52.11104131,83,1.0963855421686748,0.07955035,-0.6278438712048192,0.963855421686747,-0.77681456,1
C_ID_d658d929d8,-40.49031846999999,85,1.188235294117647,1.26269281,-0.47635668788235286,0.9058823529411765,-0.8549757,1
C_ID_74db0028e9,-47.029044999999996,70,0.014285714285714285,-0.34600046,-0.6718434999999999,0.9285714285714286,-0.53012184,1
C_ID_f5e74fc70f,-17.05470019,25,0.0,-0.32616547,-0.6821880076,1.0,0.0,1
C_ID_7cd025cc59,-9.614999080000002,17,1.2941176470588236,-0.2579451,-0.5655881811764707,1.0,4.6287306,1
C_ID_40ec0c32e7,-17.830534029999995,25,0.0,-0.5534114,-0.7132213611999998,0.8,-33.21928095,1
C_ID_5e3494ad33,4.680983800000001,17,1.7058823529411764,3.85105455,0.27535198823529417,0.9411764705882353,-0.64557153,1
C_ID_477b5a4659,-12.800875049999998,18,0.0,-0.67176021,-0.7111597249999999,0.8888888888888888,4.63656662,1
C_ID_aa68488ca8,-16.90112923,38,3.1842105263157894,1.12990353,-0.4447665586842105,0.5263157894736842,0.0,1
C_ID_aed1548b08,-15.470785639999995,35,1.1714285714285715,1.24801191,-0.4420224468571427,1.0,0.0,1
C_ID_3d059a273f,-31.474171,52,1.1153846153846154,1.17648571,-0.6052725192307692,0.9423076923076923,0.0,1
C_ID_a5562fc81f,-15.132749250000002,24,0.0,-0.01361402,-0.6305312187500001,0.8333333333333334,0.0,1
C_ID_a4107a82ac,-17.34699591,25,0.0,-0.5347034,-0.6938798364000001,0.96,0.0,1
C_ID_06d4f06dfa,-59.77366072999999,93,1.3333333333333333,0.50329799,-0.6427275347311827,1.0,-2.72480262,1
C_ID_4456b73f35,-41.99855948,73,1.726027397260274,1.16446451,-0.5753227326027397,0.9863013698630136,0.0,1
C_ID_4dfe8e5314,38.13890980999999,455,0.01978021978021978,2.09486104,0.08382177980219778,0.9604395604395605,0.0,1
C_ID_5e1076e8f3,-74.06319735000001,155,1.632258064516129,3.35532992,-0.47782707967741944,0.9741935483870968,-0.64760191,1
C_ID_5243923c41,-7.19888625,14,1.5714285714285714,0.22981547,-0.5142061607142857,1.0,-1.52546149,1
C_ID_2063f12657,-26.234140829999998,46,0.06521739130434782,0.52583775,-0.5703074093478261,0.8260869565217391,0.27762138,1
C_ID_813ab83b82,-30.839375959999995,75,1.5466666666666666,0.70633621,-0.41119167946666657,0.9066666666666666,0.84420888,1
C_ID_8e53ff86a7,-306.9436562899996,434,0.004608294930875576,-0.44640761,-0.7072434476728101,0.9377880184331797,-0.37319568,1
C_ID_5e97290c3e,-52.06579648999999,101,1.1485148514851484,1.19151223,-0.5155029355445544,0.9702970297029703,-0.36164657,1
C_ID_ade4441c97,-43.541136140000006,70,0.2,1.43193642,-0.6220162305714286,0.8428571428571429,0.0,1
C_ID_8ded8a6b7a,-37.7601966,56,0.017857142857142856,0.06452384,-0.674289225,0.9821428571428571,-0.83396952,1
C_ID_8f7d53ce4d,-64.12975632000001,105,1.019047619047619,1.69490037,-0.6107595840000001,0.9904761904761905,-1.90089686,1
C_ID_9167e2defd,-10.20187451,15,0.0,-0.52451542,-0.6801249673333333,0.8,1.84308282,1
C_ID_642b06de4d,-36.46014789000001,59,1.5254237288135593,-0.27357267,-0.6179686083050849,0.9830508474576272,0.0,1
C_ID_87201674b1,-1.341582,16,1.75,0.75574338,-0.083848875,1.0,-0.65066005,1
C_ID_4c7e103a86,-5.2574308599999995,9,2.4444444444444446,-0.33367872,-0.5841589844444444,1.0,0.3385121,1
C_ID_84640b6f22,21.504411,43,2.488372093023256,6.38918266,0.5001025813953489,0.7906976744186046,0.0,1
C_ID_5c6d99675f,-9.66161135,43,2.372093023255814,2.94596266,-0.22468863604651163,1.0,-3.53032691,1
C_ID_0074d7529b,-322.0586143799997,486,0.006172839506172839,0.09441157,-0.6626720460493821,0.9362139917695473,0.40284724,1
C_ID_465973b7ab,-66.91613746000002,92,0.16304347826086957,-0.61483978,-0.7273493202173915,0.5543478260869565,0.0,1
C_ID_178055ed0c,-27.672208019999996,58,1.4827586206896552,1.00217818,-0.47710703482758615,0.9137931034482759,0.0,1
C_ID_e32e2810eb,-29.383682669999992,47,1.148936170212766,0.69563734,-0.6251847376595743,0.9574468085106383,-1.45728889,1
C_ID_1c88ead1b5,-25.66250224000001,73,1.1917808219178083,2.25839456,-0.3515411265753426,0.8356164383561644,0.0,1
C_ID_27d7408026,-254.67309350999997,437,1.070938215102975,4.34713981,-0.5827759576887871,0.9748283752860412,0.0,1
C_ID_fb6c34540a,-19.136503190000003,42,1.8095238095238095,0.69251182,-0.4556310283333334,0.9523809523809523,-0.43420182,1
C_ID_43bf3b851d,-102.27709603999989,146,0.03424657534246575,0.4450402,-0.7005280550684924,0.9178082191780822,-0.57916795,1
C_ID_3126b5f70f,-22.305098639999997,39,1.4615384615384615,0.52092408,-0.5719256061538461,0.8974358974358975,0.0,1
C_ID_8f88eb2cc6,-100.67668237000004,140,0.05,-0.56658965,-0.7191191597857145,0.9,0.20220376,1
C_ID_0d01651b26,-85.99100195999993,136,1.4852941176470589,0.00440277,-0.6322867791176465,0.9705882352941176,-0.58637933,1
C_ID_4963227bfe,-24.04144214,34,0.0,-0.55246473,-0.7071012394117647,1.0,3.77420951,1
C_ID_c67bbdb399,-248.12416417999995,377,0.013262599469496022,1.50706897,-0.6581542816445622,0.9204244031830239,-1.32804613,1
C_ID_27607e8974,-34.339862,51,1.1176470588235294,-0.522577,-0.6733306274509804,1.0,0.0,1
C_ID_a128045101,-26.049104349999997,76,0.013157894736842105,4.57156076,-0.34275137302631575,0.9210526315789473,-3.47558714,1
C_ID_16d888b907,-28.56418178,49,0.061224489795918366,0.10960338,-0.5829424853061225,0.8367346938775511,-2.433675,1
C_ID_335004418f,-16.926509019999997,26,1.0384615384615385,0.05851324,-0.6510195776923076,1.0,0.78928034,1
C_ID_0ed65a2270,-8.32872967,16,2.0,-0.01060872,-0.520545604375,1.0,1.57549782,1
C_ID_7a2e1615a1,-8.02666676,19,3.526315789473684,0.69954423,-0.4224561452631579,0.5789473684210527,0.0,1
C_ID_d6d34956e0,-156.65108504000008,261,1.0766283524904214,1.17348041,-0.6001957281226057,0.8812260536398467,0.32975901,1
C_ID_324c6601a5,-4.914976670000001,15,1.8,1.47100535,-0.32766511133333337,1.0,-0.71480736,1
C_ID_41de52803c,-18.292253690000003,29,0.06896551724137931,0.00441779,-0.6307673686206897,0.9310344827586207,0.17087508,1
C_ID_57c187072a,174.91953660999997,30,0.0,194.74109847,5.8306512203333325,0.9333333333333333,-3.55068019,1
C_ID_e51f8d33cb,-23.866894229999993,38,0.9473684210526315,-0.371245,-0.6280761639473682,0.9736842105263158,0.0,1
C_ID_c165653c07,-7.64882508,11,0.0,-0.64172221,-0.6953477345454545,1.0,0.67807191,1
C_ID_c5be1c2a1d,-157.63182033,238,0.02100840336134454,0.22134052,-0.6623185728151261,0.9495798319327731,0.26358466,1
C_ID_2a8de66284,-21.740237060000005,48,1.7083333333333333,2.70272852,-0.45292160541666676,0.8125,0.0,1
C_ID_ed91a943ab,-2.30880853,14,2.2142857142857144,1.03873768,-0.16491489499999998,0.8571428571428571,0.22583311,1
C_ID_79896fd267,-16.651508829999997,33,0.030303030303030304,3.0805401,-0.5045911766666666,0.7878787878787878,0.0,1
C_ID_3fadf8331e,-10.181543640000001,19,1.894736842105263,0.03194636,-0.535870717894737,1.0,1.02938406,1
C_ID_4a4563d745,-17.66220702,32,2.65625,-0.09326956,-0.551943969375,0.8125,-1.32771055,1
C_ID_76af91ec23,-16.30426116,28,1.6071428571428572,0.53034571,-0.5822950414285714,0.7142857142857143,0.96398971,1
C_ID_c31f2140c3,-14.4800126,30,2.0,0.46122375,-0.4826670866666667,0.5333333333333333,1.09436944,1
C_ID_1f4911faae,-31.428685719999997,46,0.0,-0.45141144,-0.6832322982608695,0.8478260869565217,-1.33206162,1
C_ID_fc7e618e72,-16.28247271,23,0.0,-0.60818304,-0.7079335960869565,0.8695652173913043,0.0,1
C_ID_4a0a79da67,-0.36075650000000004,5,5.0,0.38932189,-0.0721513,1.0,0.0,1
C_ID_c595ba6d92,-8.457972700000001,20,0.7,1.05627362,-0.422898635,0.8,0.0,1
C_ID_cf4e899438,15.434256190000003,26,1.0,3.92791516,0.5936252380769231,0.8846153846153846,-1.38133022,1
C_ID_955c23a56a,-82.90079973000005,137,1.5036496350364963,0.60097031,-0.6051153264963507,0.9197080291970803,0.0,1
C_ID_7be5ee0d64,-26.908500570000005,45,1.1555555555555554,0.03131525,-0.5979666793333335,1.0,0.0,1
C_ID_b6a9b4529c,-85.53853863999997,126,1.1111111111111112,-0.0834873,-0.6788772907936506,0.9523809523809523,1.00413868,1
C_ID_420e1dbd4c,-12.639760769999997,21,0.047619047619047616,-0.33340824,-0.6018933699999999,0.9047619047619048,0.0,1
C_ID_8908a64f32,-106.68549890999999,165,0.006060606060606061,0.65590724,-0.6465787812727273,0.9818181818181818,-0.61529354,1
C_ID_853f862507,-79.34441509000003,119,0.01680672268907563,0.19585555,-0.6667597906722691,0.957983193277311,0.0,1
C_ID_bbe4e72825,-11.911350600000002,36,1.3055555555555556,1.85926036,-0.33087085000000005,0.9722222222222222,0.0,1
C_ID_97945b2558,-8.580003,17,2.0588235294117645,0.14852204,-0.5047060588235294,1.0,2.36096619,1
C_ID_8c1768ef93,-137.27285020999994,214,1.0841121495327102,0.4890228,-0.6414619168691587,0.9158878504672897,-0.35929891,1
C_ID_e5a40094a2,-19.42818284,30,1.0333333333333334,-0.29612747,-0.6476060946666667,1.0,0.0,1
C_ID_8aaa1a3c7e,-28.60249938999999,45,1.5333333333333334,0.4537105,-0.6356110975555553,0.9111111111111111,0.62452569,1
C_ID_f1e71bbde3,-147.85343805000008,217,0.027649769585253458,0.20176097,-0.6813522490783414,0.8847926267281107,-0.47745589,1
C_ID_43f3e70ef6,-177.12004909000004,256,0.0078125,-0.12034733,-0.6918751917578126,0.92578125,0.0,1
C_ID_849d5d17e4,-80.89110900999995,122,0.0,0.60547827,-0.6630418771311472,0.9836065573770492,-0.64751077,1
C_ID_0546e52e93,-190.23853959999985,318,1.1635220125786163,3.3928962,-0.5982344012578612,0.9591194968553459,0.07753475,1
C_ID_fc397afb20,-16.923669000000004,38,1.5263157894736843,1.66235295,-0.4453597105263159,1.0,1.41380279,1
C_ID_1935bef782,-12.496498010000002,18,0.05555555555555555,-0.48484543,-0.6942498894444445,0.6666666666666666,2.14636368,1
C_ID_68157b5cab,-91.79939483000013,233,1.0042918454935623,3.97251384,-0.3939888190128761,0.9613733905579399,0.76545303,1
C_ID_95600fb8e4,-70.83182117999996,101,1.0693069306930694,-0.09789772,-0.7013051601980195,0.3564356435643564,0.30479457,1
C_ID_3c9ce05515,-42.09077719999998,58,0.05172413793103448,-0.66662114,-0.7257030551724134,0.9310344827586207,1.21391751,1
C_ID_9c285e79e6,-139.30662848999998,234,1.2179487179487178,0.89323597,-0.5953274721794871,0.9871794871794872,0.0,1
C_ID_ff83c3c829,-10.398556540000001,19,0.0,1.03287734,-0.5472924494736843,0.8947368421052632,0.0,1
C_ID_0226014d3e,-15.561200199999998,26,1.6923076923076923,-0.19693746,-0.5985077,1.0,0.41659087,1
C_ID_86a5d2581b,-4.78131583,9,0.0,0.72569036,-0.5312573144444444,1.0,0.0,1
C_ID_bfbffbec95,-5.00137911,12,1.75,0.99612249,-0.4167815925,0.9166666666666666,0.0,1
C_ID_6d0b6d0b1f,-96.52445139000008,136,0.3014705882352941,-0.51093145,-0.7097386131617653,0.7941176470588235,0.7990561,1
C_ID_a473826be7,-92.93162749000003,155,1.4451612903225806,0.1396564,-0.5995588870322582,0.896774193548387,-0.048001,1
C_ID_a123c81e11,-165.7032960299999,334,1.4940119760479043,2.15320898,-0.4961176527844309,0.9700598802395209,-0.61350702,1
C_ID_844539724b,-21.24745761,42,0.0,-0.054411,-0.5058918478571429,0.9047619047619048,0.0,1
C_ID_ba0bd6db97,-63.66922381,109,1.8256880733944953,0.75424073,-0.5841213193577981,0.9908256880733946,0.04137841,1
C_ID_905237f8c3,-22.953267229999998,42,0.023809523809523808,0.01685975,-0.5465063626190476,0.8333333333333334,-1.82846264,1
C_ID_a19c431748,-4.96115314,7,0.0,-0.59679294,-0.7087361628571429,0.8571428571428571,-1.09871522,1
C_ID_ce0db116ae,-22.660851329999996,34,1.5588235294117647,0.02748349,-0.6664956273529411,0.5294117647058824,0.0,1
C_ID_665ec8a28b,-213.76524844000008,295,0.020338983050847456,-0.20595337,-0.7246279608135596,0.8745762711864407,0.0,1
C_ID_b09fcd695a,-37.12996971,67,0.014925373134328358,-0.08574128,-0.5541786523880596,0.8507462686567164,2.70094145,1
C_ID_5288c5db58,-14.39252824,24,0.0,0.30494803,-0.5996886766666667,0.9166666666666666,1.07309839,1
C_ID_83b82ebbf7,-83.89642639999995,120,0.0,-0.16087384,-0.6991368866666663,0.9166666666666666,0.1823166,1
C_ID_8e0f40c143,-121.45160126000003,173,0.0,-0.40487433,-0.7020323772254338,0.7514450867052023,4.42531032,1
C_ID_0d10188b8a,-220.9541721499999,420,0.002380952380952381,4.87142983,-0.5260813622619045,0.9595238095238096,0.0,1
C_ID_98aa561b88,-54.68424138000001,84,1.7976190476190477,-0.24060451,-0.6510028735714287,0.7261904761904762,0.0,1
C_ID_e9eeafa4c9,-18.72429592,29,0.0,0.15468291,-0.6456653765517241,0.9655172413793104,0.0,1
C_ID_25c9c625fa,-60.64878979,94,1.0319148936170213,-0.29611244,-0.6451998913829787,0.9042553191489362,0.0,1
C_ID_948a8ea7d8,-5.48569862,12,2.5833333333333335,0.00441779,-0.45714155166666665,1.0,-1.04043086,1
C_ID_a9858ef5f0,-59.95660850999998,86,0.0,-0.13082081,-0.6971698663953486,0.872093023255814,0.0,1
C_ID_e8a46ae316,-93.26311228999995,167,0.005988023952095809,0.75424073,-0.5584617502395207,0.9880239520958084,1.19933752,1
C_ID_35a52f7a2d,-157.87098229999995,296,0.016891891891891893,0.62307431,-0.5333479131756755,0.7702702702702703,0.0,1
C_ID_502b8b2b2f,-18.11549677,31,4.645161290322581,0.13163224,-0.5843708635483871,0.9354838709677419,0.0,1
C_ID_8c6c4b63fe,-98.48287176999999,151,0.0,-0.27402347,-0.6522044488079469,0.9470198675496688,0.0,1
C_ID_a4332f0d34,-52.42927278999999,76,0.0,-0.05915938,-0.6898588524999999,0.9605263157894737,0.0,1
C_ID_d937c554f2,-4.7952454200000005,9,2.2222222222222223,-0.25253556,-0.5328050466666667,1.0,5.63630542,1
C_ID_7ef5141385,-66.44292254000001,93,0.13978494623655913,-0.47115628,-0.7144400273118281,0.7634408602150538,0.82883142,1
C_ID_a04674b415,-11.614892560000003,20,0.0,0.24333933,-0.5807446280000002,0.9,0.0,1
C_ID_dcfd24c558,-93.53405537999996,133,0.015037593984962405,-0.53653663,-0.703263574285714,0.924812030075188,0.0,1
C_ID_4666d3a294,-22.616538139999992,63,1.746031746031746,2.5589248,-0.35899266888888876,0.9523809523809523,1.18638758,1
C_ID_d6c4b35b80,-107.19847407000002,218,1.0412844036697249,6.12671457,-0.491736119587156,0.9954128440366973,1.87670497,1
C_ID_24d41fed30,-123.40100570999999,179,0.01675977653631285,-0.0884761,-0.6893910933519553,0.9273743016759777,0.0,1
C_ID_d17942633b,-125.16405132000008,184,0.005434782608695652,-0.31113895,-0.6802394093478266,0.8913043478260869,2.44149442,1
C_ID_35043673a7,-3.3595072899999994,8,2.5,0.83367087,-0.4199384112499999,0.75,0.0,1
C_ID_08fe5f77a4,-12.920786569999999,24,1.0833333333333333,1.43443082,-0.5383661070833333,0.9583333333333334,0.0,1
C_ID_bc3ee4f59b,-13.844240889999995,29,2.1724137931034484,1.2816713,-0.4773876168965515,0.7241379310344828,-2.16888074,1
C_ID_9e6a660029,-48.10643082000001,98,1.4387755102040816,1.78010069,-0.4908819471428572,0.9897959183673469,-1.24957995,1
C_ID_cb4774030f,6.493421600000001,29,1.4827586206896552,3.15299794,0.22391108965517245,0.9310344827586207,0.0,1
C_ID_b5face2620,-16.88629807,31,0.0,0.9060085,-0.5447192925806451,0.967741935483871,0.42588738,1
C_ID_80662fb2a7,-93.03203462999997,135,0.014814814814814815,-0.20595337,-0.6891261824444442,0.8666666666666667,0.0,1
C_ID_c0160ab650,-35.67822837,53,1.320754716981132,-0.41085489,-0.6731741201886793,0.9622641509433962,0.06202618,1
C_ID_1185ca1c9a,-28.771427450000004,44,0.022727272727272728,-0.3036257,-0.653896078409091,0.9318181818181818,-0.85958422,1
C_ID_43a593cdfe,-44.41826370000001,95,1.0,2.11113475,-0.4675606705263159,0.968421052631579,0.0,1
C_ID_41f0012b06,-9.51480231,16,1.125,-0.24231753,-0.594675144375,0.75,0.0,1
C_ID_b102c4f958,-26.363804569999996,43,1.0232558139534884,0.75574338,-0.6131117341860464,0.8604651162790697,0.0,1
C_ID_22c2c9bb2e,-136.03260699999996,227,1.0748898678414096,2.66411038,-0.5992625859030835,0.9911894273127754,1.4100721,1
C_ID_a41055febb,-26.877125269999993,71,1.4507042253521127,2.25839456,-0.378551060140845,0.9295774647887324,-0.29026789,1
C_ID_3777b27dfb,-18.04886924,56,1.5178571428571428,2.24336805,-0.3223012364285714,0.8571428571428571,1.36956284,1
C_ID_d3b91ac22d,-84.27057146000001,162,0.030864197530864196,1.11408061,-0.5201887127160495,0.8950617283950617,0.0,1
C_ID_c1e1f81129,-75.46961868000002,143,1.1888111888111887,2.21606488,-0.5277595711888113,0.8601398601398601,0.0,1
C_ID_10b4c49efa,44.88997595000001,22,3.1818181818181817,4.60909699,2.0404534522727276,0.8181818181818182,0.0,1
C_ID_f173704f07,-37.083462650000016,57,0.0,-0.15689181,-0.650587064035088,0.9824561403508771,-1.08217827,1
C_ID_012fc8651e,-13.515761320000001,27,0.0,0.07654505,-0.5005837525925926,0.8888888888888888,0.0,1
C_ID_e36928a9b2,-8.008875370000002,32,0.0,3.76104574,-0.25027735531250006,0.84375,0.0,1
C_ID_334f9e986b,-62.95080627000001,100,1.31,0.69608813,-0.6295080627,0.99,1.37842533,1
C_ID_0787325e96,-12.54996232,47,1.1914893617021276,2.40216823,-0.267020474893617,0.9574468085106383,1.36574972,1
C_ID_1ad7e2efdf,-20.005922140000003,29,0.0,-0.5366869,-0.6898593841379311,0.7931034482758621,0.0,1
C_ID_ea7beedefb,-22.672406730000002,45,2.311111111111111,0.43117073,-0.5038312606666667,0.8666666666666667,0.0,1
C_ID_c386454bba,-520.9872107899993,847,0.0035419126328217238,0.48038256,-0.6150970611452176,0.8099173553719008,-0.85097949,1
C_ID_eada9b26a9,-142.90770201999996,225,0.0,0.18158037,-0.635145342311111,0.9733333333333334,-0.11711277,1
C_ID_b0684768ea,-15.235801079999998,27,0.0,-0.11580933,-0.5642889288888888,0.9629629629629629,-1.73659136,1
C_ID_28f3cbfc48,-5.56225869,8,1.0,-0.66753776,-0.69528233625,1.0,-1.34239493,1
C_ID_7747bdf96e,-113.46146401999998,178,0.03932584269662921,0.34702226,-0.6374239551685392,0.8595505617977528,-1.30480799,1
C_ID_e887c5b817,-12.448187770000002,22,2.0,-0.28754733,-0.565826716818182,1.0,-0.14621747,1
C_ID_59da440352,-6.2362578399999995,23,2.9565217391304346,2.01008146,-0.27114164521739126,0.6956521739130435,1.21203667,1
C_ID_7636f10b9c,-84.25658179999999,128,0.09375,0.4537105,-0.6582545453124999,0.9140625,-1.19024594,1
C_ID_a4660b8cd7,-71.40061957000002,109,0.0,-0.21708802,-0.6550515556880736,0.9357798165137615,0.0,1
C_ID_830bc41de8,-12.127522059999999,20,1.0,-0.32616547,-0.6063761029999999,0.75,0.62516371,1
C_ID_12a98911df,-60.72593581000002,93,1.2365591397849462,0.41452135,-0.6529670517204302,0.956989247311828,-1.79397276,1
C_ID_307c18334b,-40.59403141999999,68,0.0,-0.14584732,-0.5969710502941176,0.9117647058823529,-0.25419023,1
C_ID_83aa523219,-43.194399420000025,72,0.9583333333333334,0.3951071,-0.599922214166667,0.9722222222222222,0.0,1
C_ID_33365396e0,-14.153621730000003,69,0.014492753623188406,4.13670854,-0.2051249526086957,0.9565217391304348,0.0,1
C_ID_b21cb9e8ec,-43.307984790000006,70,0.08571428571428572,1.0416979,-0.6186854970000001,0.8285714285714286,2.83606595,1
C_ID_1e5b42d860,-18.887528939999992,27,0.0,-0.61166919,-0.6995381088888886,0.9259259259259259,2.99447324,1
C_ID_a21da11a50,-36.26528407000001,63,2.0476190476190474,-0.01009782,-0.5756394296825398,0.9206349206349206,11.31566472,1
C_ID_2694cea672,-46.22530692000001,67,0.0,-0.49897035,-0.6899299540298509,0.9552238805970149,1.73006039,1
C_ID_0930d9835c,-86.90658232000007,168,1.2619047619047619,2.40865968,-0.5173010852380957,0.9880952380952381,-0.48694592,1
C_ID_8211d17d4e,-29.964682740000008,53,1.0566037735849056,0.82937329,-0.5653713724528303,0.9622641509433962,0.86204444,1
C_ID_f68fbe51bc,-85.3716993,125,0.0,0.00441779,-0.6829735944,0.952,0.83522309,1
C_ID_c9163af3ab,-8.58711053,30,2.6333333333333333,2.99807461,-0.2862370176666667,0.6333333333333333,1.64363972,1
C_ID_b2f396a49c,44.134698400000005,22,6.045454545454546,3.79545646,2.0061226545454547,0.8181818181818182,2.21504727,1
C_ID_5e1f93bd9d,-12.320131869999999,30,1.4666666666666666,2.25839456,-0.4106710623333333,0.7333333333333333,0.62803894,1
C_ID_772db53552,-65.58378171,112,0.008928571428571428,0.98114106,-0.5855694795535714,0.9732142857142857,0.0,1
C_ID_ee26924a83,9.127989809999999,11,0.0,2.25839456,0.8298172554545453,0.8181818181818182,-2.75644408,1
C_ID_bb9854c677,-23.85068052999999,42,1.0,1.65347228,-0.5678733459523807,0.9523809523809523,-0.04217574,1
C_ID_59604538ee,-185.85647790000004,263,0.0,-0.45093059,-0.7066786231939165,0.9695817490494296,-0.81223181,1
C_ID_3cecf4fd1e,-26.724786499999993,48,0.020833333333333332,1.50706897,-0.5567663854166666,0.8541666666666666,0.0,1
C_ID_06e772aaae,-19.61126586,30,0.0,-0.42383779,-0.653708862,0.9333333333333333,2.07517181,1
C_ID_28aca62c86,-180.02841554000003,269,1.0520446096654275,0.83057541,-0.6692506153903347,0.8587360594795539,0.0,1
C_ID_cd10e90ac3,-110.63088983999994,160,1.19375,-0.05869356,-0.6914430614999996,0.95625,1.3697301,1
C_ID_8443f11e4b,-3.8900182999999995,6,0.16666666666666666,-0.50083364,-0.6483363833333332,0.8333333333333334,1.58708018,1
C_ID_82a866cfba,-25.14057139,43,0.0,1.1614592,-0.5846644509302326,0.7674418604651163,0.0,1
C_ID_db9f89e866,-17.627075039999998,26,0.0,-0.34119198,-0.6779644246153845,0.6923076923076923,0.0,1
C_ID_e7347148ca,-199.89355412000018,322,1.0124223602484472,2.00594917,-0.62078743515528,0.9875776397515528,0.32568668,1
C_ID_44cf652ebe,-56.60892709,125,1.088,1.32675083,-0.45287141672000003,0.936,0.0,1
C_ID_2cf002ec45,-14.464595380000002,35,1.1428571428571428,0.75574338,-0.4132741537142858,0.8571428571428571,-0.80386673,1
C_ID_804ef80b70,-18.012459999999997,32,0.0,-0.14734997,-0.5628893749999999,0.9375,1.66413172,1
C_ID_4c7d6163cf,-24.335450870000003,36,0.0,-0.19097194,-0.675984746388889,0.9722222222222222,-2.9522206,1
C_ID_d0ec0b3e0c,-195.99998959000033,284,0.014084507042253521,-0.38627151,-0.6901408084154941,0.9366197183098591,-0.01685472,1
C_ID_7fe4672324,-335.38580786,471,0.004246284501061571,0.44920254,-0.7120717788959661,0.9341825902335457,0.0,1
C_ID_2fb8c6ab58,-35.015484040000004,57,1.1929824561403508,-0.29611244,-0.6143067375438597,0.9122807017543859,1.01162606,1
C_ID_209cc4b0b2,-4.628045419999999,14,0.0,1.14643269,-0.3305746728571428,0.9285714285714286,0.0,1
C_ID_9da415e803,-26.04865354,41,0.024390243902439025,-0.09475718,-0.6353330131707318,0.926829268292683,0.45163429,1
C_ID_7fb2f72714,-38.0684054,109,1.1926605504587156,13.67160128,-0.34925142568807344,1.0,-0.35238327,1
C_ID_4b4e012682,4.958598620000002,23,1.3043478260869565,4.92785438,0.21559124434782617,0.9130434782608695,0.73550191,1
C_ID_3b7adff92b,-49.11380821999998,82,0.0,0.75424073,-0.598948880731707,0.8414634146341463,0.0,1
C_ID_8de6f50554,-87.96721363999998,148,0.0,1.50706897,-0.594373065135135,0.9121621621621622,-1.14839243,1
C_ID_32dd256bfa,-326.89016368999967,497,1.2394366197183098,2.39303211,-0.6577266875050295,0.9496981891348089,0.0,1
C_ID_bd095b531d,-45.953762869999956,133,1.7593984962406015,1.10646217,-0.34551701406015006,0.7218045112781954,0.0,1
C_ID_d494b66308,-144.99659752000002,255,0.00784313725490196,6.46581787,-0.5686141079215687,0.9529411764705882,0.0,1
C_ID_3b97018844,-54.24805176000004,98,1.2857142857142858,1.51548382,-0.553551548571429,0.9897959183673469,0.0,1
C_ID_5b9cd66da1,-2.12614623,5,2.8,0.54325348,-0.42522924599999995,1.0,0.0,1
C_ID_b79fddae54,-35.657191229999995,58,1.3793103448275863,-0.37999043,-0.6147791591379309,0.9827586206896551,1.34406583,1
C_ID_22c3a046c0,-10.935018,20,2.9,0.36313068,-0.5467508999999999,1.0,3.93180182,1
C_ID_bbcee20dd5,-73.14077985000002,113,0.0,0.71066385,-0.6472635384955754,0.9734513274336283,0.0,1
C_ID_3314c5ce88,-52.057006010000016,100,0.0,1.65733409,-0.5205700601000002,0.95,1.33472666,1
C_ID_3e91870701,-26.806680949999993,38,0.0,-0.53683716,-0.7054389723684209,0.9210526315789473,3.12917324,1
C_ID_2154fdfb9d,-10.682798020000003,17,0.0,-0.44637756,-0.628399883529412,1.0,1.21496238,1
C_ID_1eb6db156f,-5.608089560000001,13,1.6923076923076923,2.98536218,-0.43139150461538467,1.0,4.00615649,1
C_ID_2b5f347808,-12.675719209999999,19,0.8947368421052632,-0.55171341,-0.6671431163157894,0.8947368421052632,1.0266E-4,1
C_ID_2940e415fc,-35.29126563,52,0.019230769230769232,-0.55171341,-0.6786781851923076,0.9230769230769231,0.8500541,1
C_ID_1695fe75cd,0.3216274600000002,18,0.0,0.91502441,0.01786819222222223,1.0,0.0,1
C_ID_2327178f21,5.8032689,8,3.375,4.77067707,0.7254086125,1.0,2.5890216,1
C_ID_a59ab9ce37,-50.904923290000006,70,0.014285714285714285,-0.64202274,-0.7272131898571429,0.9285714285714286,-0.39104693,1
C_ID_780c814199,-25.954512420000004,40,1.3,0.22831282,-0.6488628105,0.975,0.72360406,1
C_ID_d48a16f189,-54.288277769999986,83,0.024096385542168676,-0.35312303,-0.6540756357831323,0.9518072289156626,1.49318958,1
C_ID_3517dce466,-191.7814315099998,265,0.9962264150943396,-0.63931797,-0.7237035151320748,0.9056603773584906,-0.35987925,1
C_ID_21f0097ca3,-55.55304416000001,84,0.07142857142857142,0.18473594,-0.6613457638095239,0.8809523809523809,0.0,1
C_ID_9133790efa,-29.090214820000003,52,1.25,1.80609656,-0.5594272080769231,0.8076923076923077,0.30100087,1
C_ID_21c5feb392,-37.82825174000001,60,0.0,0.01944431,-0.6304708623333336,0.9333333333333333,0.0,1
C_ID_73cf4c6e29,-5.692703850000001,9,0.0,-0.59656754,-0.6325226500000001,0.8888888888888888,0.0,1
C_ID_6206b93888,-30.924816760000002,127,1.8976377952755905,14.279604,-0.24350249417322836,0.9763779527559056,0.0,1
C_ID_6e860d6849,11.571706340000004,72,1.5833333333333333,7.05947027,0.16071814361111117,0.9305555555555556,-0.31700195,1
C_ID_e5511cd0dc,-83.17018000999998,120,1.1166666666666667,0.60547827,-0.6930848334166665,0.95,0.45992821,1
C_ID_4837a478f4,-266.94792202000053,471,0.8980891719745223,-0.16088886,-0.5667684119320606,0.11677282377919321,-4.78355087,1
C_ID_ae3956d022,-21.442306390000002,31,0.12903225806451613,-0.59668776,-0.6916873029032259,0.8064516129032258,3.62678268,1
C_ID_ab2e8b3059,-12.72550204,22,0.0,-0.09961075,-0.578431910909091,1.0,0.0,1
C_ID_9dd6a633b7,-82.92566866,135,0.014814814814814815,1.60729581,-0.6142642122962962,0.8962962962962963,0.0,1
C_ID_d84f1be05d,-63.192011900000004,91,0.054945054945054944,-0.27522559,-0.6944177131868132,0.7362637362637363,-0.08419813,1
C_ID_8c778ab699,-43.27764626000001,70,1.4142857142857144,0.50731006,-0.6182520894285716,1.0,0.63316008,1
C_ID_b1e70b5399,-52.52952966000001,74,0.0,-0.57455371,-0.709858508918919,0.972972972972973,0.0,1
C_ID_48f5883dd9,-74.41741720000002,115,0.02608695652173913,0.28090561,-0.647107975652174,0.8869565217391304,-0.34254994,1
C_ID_2789826901,-47.44684207999998,68,0.0,0.15468291,-0.6977476776470586,0.9705882352941176,-0.13340142,1
C_ID_49c6715f7b,-21.045891979999993,31,1.2580645161290323,-0.1804083,-0.6788997412903224,0.9032258064516129,0.0,1
C_ID_13d8151379,-134.21331714,233,1.0171673819742488,4.42275322,-0.5760228203433476,0.9699570815450643,-33.21928095,1
C_ID_cbc8b42fe8,-51.73235814,94,0.1595744680851064,1.63626692,-0.5503442355319149,0.9042553191489362,-1.84854679,1
C_ID_8647d4b989,11.37986289,19,1.263157894736842,17.17521282,0.5989401521052632,0.8421052631578947,-0.30316819,1
C_ID_205eee4f9c,-2.3998241,6,0.6666666666666666,0.68534418,-0.39997068333333335,1.0,0.30027909,1
C_ID_ba2063aa34,-11.079588090000001,23,1.826086956521739,2.51775216,-0.4817212213043479,0.9565217391304348,-0.54537185,1
C_ID_6ff528efe3,-7.920203879999999,13,0.0,-0.04763404,-0.6092464523076923,0.8461538461538461,1.7772204,1
C_ID_ec3830d176,-54.79423537000001,85,1.1294117647058823,0.22981547,-0.6446380631764707,0.9294117647058824,-0.51666628,1
C_ID_9ebcc95b65,-7.0965406600000005,13,1.8461538461538463,0.37857794,-0.5458877430769231,0.8461538461538461,-0.07733048,1
C_ID_3a491c7eae,-52.572881129999985,107,1.3738317757009346,5.29961029,-0.49133533766355125,0.9345794392523364,0.41875558,1
C_ID_2b60c44bc9,-37.35822243000001,67,2.5970149253731343,0.15514873,-0.5575854094029853,0.835820895522388,0.0,1
C_ID_a51b5eeced,-9.92236637,14,1.0,-0.70498383,-0.708740455,1.0,0.0,1
C_ID_1ed5711b71,-64.96025680000005,107,0.009345794392523364,0.21779426,-0.6071052037383182,0.897196261682243,-1.20136233,1
C_ID_c460cc2cb0,-63.77492029000002,92,0.0,-0.50678414,-0.6932056553260871,0.9347826086956522,0.0,1
C_ID_e0abb3ae36,-101.65520879999998,146,0.02054794520547945,-0.07071476,-0.6962685534246574,0.9315068493150684,2.71823652,1
C_ID_b2302da15c,-17.40277431,27,0.0,-0.43268841,-0.6445471966666667,1.0,0.0,1
C_ID_973c22a575,-46.93138763999999,79,1.2784810126582278,0.45190732,-0.5940681979746835,0.9367088607594937,-0.02013372,1
C_ID_71aacb149e,-104.84348889999998,177,0.022598870056497175,1.20503609,-0.5923360954802259,0.9378531073446328,1.20833889,1
C_ID_ed974d16dd,-8.746511770000001,12,1.0,-0.72151299,-0.7288759808333335,0.5833333333333334,0.0,1
C_ID_77949bf493,-20.638177650000003,37,0.8378378378378378,1.16790558,-0.5577885851351352,0.972972972972973,-1.73453854,1
C_ID_091c53ca3b,-111.98284023999999,166,1.355421686746988,-0.33545185,-0.6745954231325301,0.8192771084337349,0.10617712,1
C_ID_839c4f973e,-17.070943869999997,24,0.0,-0.65975403,-0.7112893279166665,1.0,-1.12292276,1
C_ID_d0c5f24060,3.1937648600000004,17,1.0,2.34817797,0.1878685211764706,0.8235294117647058,0.11155234,1
C_ID_ebcb6269f3,-34.5073475,51,0.0196078431372549,-0.371245,-0.6766146568627451,0.9019607843137255,1.23489117,1
C_ID_6179875529,-205.97066623,392,1.3698979591836735,2.6235388,-0.5254353730357143,0.9846938775510204,0.0,1
C_ID_123ad9cab6,6.61743536,25,1.0,2.65064663,0.2646974144,1.0,0.72830676,1
C_ID_bab769a3aa,-35.02072825,73,0.0,1.6308123,-0.4797360034246575,0.7534246575342466,-0.44611828,1
C_ID_7e2c112e77,-6.47841009,14,0.0,0.26631487,-0.4627435778571428,1.0,-1.24801768,1
C_ID_b220b6cb24,-25.246703639999993,38,0.0,-0.33092887,-0.6643869378947367,0.7368421052631579,4.26514004,1
C_ID_61df354916,-157.37651985999997,245,1.2163265306122448,2.07642351,-0.6423531422857142,0.9795918367346939,0.0,1
C_ID_8b69a86735,-163.37092619000006,240,0.0,-0.44637756,-0.6807121924583336,0.975,-0.8673704,1
C_ID_d48329f1f1,-168.94573184000006,277,0.007220216606498195,0.968068,-0.6099123893140797,0.9711191335740073,0.0,1
C_ID_3fe76a7f63,-6.513827580000003,63,2.1904761904761907,2.25839456,-0.10339408857142861,0.8095238095238095,3.27568131,1
C_ID_501c23d3f7,-21.35515263,35,0.02857142857142857,-0.07316409,-0.6101472179999999,0.9142857142857143,-2.04494559,1
C_ID_4962c4f86c,-8.99333731,48,0.0,5.26369692,-0.1873611939583333,0.8958333333333334,0.0,1
C_ID_5c23b8d63f,-58.87569138000001,86,1.0116279069767442,-0.48023229,-0.6846010625581397,0.8023255813953488,0.0,1
C_ID_be7eb3bfef,-74.49064141999999,190,1.1894736842105262,30.27358273,-0.39205600747368413,0.9947368421052631,-0.90230698,1
C_ID_9abdee0ba0,-158.23478914999995,236,1.0889830508474576,0.00141249,-0.6704863947033897,0.9872881355932204,-0.76936651,1
C_ID_a500705c02,-68.33740503,105,0.0,-0.39426562,-0.6508324288571429,0.9428571428571428,-4.9415122,1
C_ID_ae01fe0d10,-77.40829412000001,247,1.5587044534412955,12.5794143,-0.3133939033198381,0.9959514170040485,0.0,1
C_ID_156bea158b,2.9498695699999997,4,6.5,1.52597233,0.7374673924999999,1.0,-0.35781674,1
C_ID_caa0e6d1ce,-15.385735590000001,26,4.1923076923076925,-0.21782431,-0.5917590611538462,0.9230769230769231,0.74328465,1
C_ID_3800cee731,-15.224170529999995,24,0.0,-0.1804083,-0.6343404387499998,0.875,0.0,1
C_ID_3c549c4215,-16.62697051,28,2.7142857142857144,-0.35636875,-0.5938203753571428,0.9642857142857143,-0.69636976,1
C_ID_7c3f5ea5f8,-216.21321740999994,321,0.009345794392523364,-0.06849084,-0.6735614249532709,0.9252336448598131,-0.9584728,1
C_ID_a51cf4e3c2,-19.339977179999998,78,1.564102564102564,6.30052624,-0.24794842538461537,0.9102564102564102,0.0,1
C_ID_749346dc35,-25.370537109999997,43,0.8604651162790697,2.29596084,-0.5900124909302324,0.9767441860465116,0.0,1
C_ID_672906680c,-102.50866959999999,156,0.0,0.38008059,-0.6571068564102563,0.9615384615384616,0.0,1
C_ID_edf36fa06a,-53.23786435999998,84,0.30952380952380953,2.27188837,-0.6337840995238093,0.8333333333333334,-2.03581993,1
C_ID_698c7bd0a3,-76.70449734999994,115,1.0695652173913044,0.22951494,-0.6669956291304343,0.9478260869565217,1.01166953,1
C_ID_a571919c9b,-112.03621441000007,207,1.21256038647343,1.3987729,-0.5412377507729472,0.7874396135265701,-0.0710608,1
C_ID_61dfe25364,-90.40235007000003,150,1.1933333333333334,0.80983883,-0.6026823338000001,0.9466666666666667,0.16430162,1
C_ID_6a65423a15,-94.76353962999995,134,0.0,-0.35343858,-0.707190594253731,0.9776119402985075,-4.60387357,1
C_ID_5c1c134647,-42.93798703000001,60,0.0,-0.54720545,-0.7156331171666668,0.8666666666666667,1.03246567,1
C_ID_f92b9a9973,-46.633817629999996,66,0.015151515151515152,-0.58612412,-0.7065729943939393,0.9696969696969697,1.30778924,1
C_ID_2ffe7f52a3,-62.99098716000001,94,0.0,-0.07071476,-0.6701168846808512,0.9787234042553191,0.0,1
C_ID_4b07674a5b,-27.370430589999998,90,1.3,5.26369692,-0.3041158954444444,0.9888888888888889,1.36882766,1
C_ID_ece1a80437,-23.333528180000002,37,1.0810810810810811,0.00652151,-0.6306358967567568,0.8108108108108109,0.0,1
C_ID_c7a58f0a0c,-31.755948120000014,49,1.183673469387755,-0.05869356,-0.6480805738775512,0.7755102040816326,0.0,1
C_ID_3f802b3da7,-49.912903060000005,72,1.0,-0.29032723,-0.6932347647222223,0.8611111111111112,1.15157728,1
C_ID_73381fb768,-8.17174771,13,1.0,-0.40129802,-0.6285959776923077,0.9230769230769231,-0.66022923,1
C_ID_3430af427f,-11.80956102,16,0.0,-0.72151299,-0.73809756375,0.9375,-2.18624931,1
C_ID_7779f97e4d,-5.48703595,9,1.0,-0.22413545,-0.6096706611111111,0.8888888888888888,0.0,1
C_ID_234ae7e23c,-5.7370019999999995,31,2.3870967741935485,3.48906588,-0.18506458064516126,0.9032258064516129,-0.08758831,1
C_ID_ae3345d586,-39.48310639999998,61,0.4426229508196721,-0.02743841,-0.647264039344262,0.8524590163934426,0.0,1
C_ID_a4d172d52d,-83.39879338000004,146,1.1506849315068493,1.79297841,-0.5712246121917811,0.9794520547945206,0.0,1
C_ID_25617174be,-82.43868935999998,140,1.1285714285714286,0.13481786,-0.5888477811428571,0.9785714285714285,0.0,1
C_ID_570f202c38,-15.682328870000003,22,0.0,-0.6490852,-0.7128331304545455,1.0,-0.09232109,1
C_ID_1352cb0e57,-12.424941739999998,25,1.0,-0.12030225,-0.4969976695999999,0.52,0.4466882,1
C_ID_19eff31b34,-30.099064839999986,47,1.127659574468085,0.23161865,-0.6404056348936167,0.9148936170212766,-0.66606744,1
C_ID_5167b3b1d3,-23.570796799999993,33,0.0,-0.44562623,-0.7142665696969694,0.8484848484848485,4.06506583,1
C_ID_80608927a9,-56.90090720999998,89,0.02247191011235955,0.07955035,-0.6393360360674155,0.9775280898876404,0.0,1
C_ID_85deb116a7,-40.71733905000001,144,1.1388888888888888,3.00972015,-0.2827592989583334,0.9166666666666666,0.0,1
C_ID_79a2f32bd4,-63.23728668,97,1.1958762886597938,0.48430448,-0.6519307905154639,0.979381443298969,0.39520977,1
C_ID_722bb3cd51,-16.240668959999997,26,1.5,-0.35657912,-0.6246411138461537,1.0,-0.49988613,1
C_ID_ef7b8e7ee7,-98.19219892000001,142,0.007042253521126761,0.00327578,-0.6914943585915494,0.9366197183098591,1.75344471,1
C_ID_3fcc15f8c6,-176.41257083999997,320,1.18125,3.9593957,-0.5512892838749999,0.9875,0.0,1
C_ID_fd363f8c4b,-6.98638131,31,2.2903225806451615,2.67012099,-0.22536713903225805,1.0,0.0,1
C_ID_9822d11802,-98.06962759000004,174,1.0459770114942528,3.445489,-0.5636185493678163,0.9942528735632183,0.0,1
C_ID_6c3f531405,-69.42041092000001,108,1.0185185185185186,0.30344538,-0.6427815825925927,0.9351851851851852,-0.70281108,1
C_ID_31c673764c,-117.63097539,175,0.0,-0.41557321,-0.6721770022285715,0.8685714285714285,0.0,1
C_ID_dd426ec543,-30.066622579999997,43,0.9069767441860465,-0.44637756,-0.6992237809302325,0.6046511627906976,0.0,1
C_ID_e2d3bed0e9,-14.57485994,28,1.1428571428571428,0.16512634,-0.5205307121428572,0.8214285714285714,0.0,1
C_ID_d00a576130,-9.703174640000002,14,0.0,-0.57930208,-0.693083902857143,0.8571428571428571,0.93671206,1
C_ID_fb29912e5f,-94.85105403,146,1.1164383561643836,0.72704275,-0.649664753630137,0.9726027397260274,0.05922777,1
C_ID_da3b28cb1a,-73.27175084000002,112,0.008928571428571428,-0.15127189,-0.6542120610714288,0.9553571428571429,0.0,1
C_ID_d4e633182f,-21.023938230000006,45,1.6888888888888889,1.92705998,-0.46719862733333345,0.9777777777777777,0.09452836,1
C_ID_a4852e7f14,-16.343705789999998,23,1.0,-0.66741755,-0.7105959039130434,0.43478260869565216,-0.09271037,1
C_ID_c37bc86f75,-93.19341932,150,1.1733333333333333,0.02740836,-0.6212894621333334,0.9866666666666667,-0.20935131,1
C_ID_73caf4ac2a,-124.50602528999997,191,0.0,1.82412837,-0.6518640067539265,0.9895287958115183,0.06475286,1
C_ID_29b2d7f672,-113.69332302999999,184,0.005434782608695652,0.33731514,-0.6178984947282607,0.8967391304347826,0.46735158,1
C_ID_2861e6f6f2,-14.24949087,20,0.0,-0.64187248,-0.7124745435000001,0.95,0.0,1
C_ID_f56f30aec1,-47.275705140000014,81,1.345679012345679,1.07130013,-0.5836506807407409,0.9629629629629629,1.14077695,1
C_ID_c9a840fa84,-41.88553015,60,0.0,-0.44637756,-0.6980921691666667,0.8833333333333333,0.0,1
C_ID_e96fabce12,-80.22257948000002,140,2.3857142857142857,1.80609656,-0.573018424857143,0.8285714285714286,1.11773701,1
C_ID_1bb8abbd19,-9.482059549999997,16,0.0,-0.41632454,-0.5926287218749998,0.9375,0.0,1
C_ID_3cd74136d6,-27.575422289999988,40,0.0,-0.52151012,-0.6893855572499997,0.95,0.49408837,1
C_ID_921ea06430,-7.358001969999999,16,1.0,-0.26759212,-0.45987512312499995,0.875,0.0,1
C_ID_b712a2810b,-4.31245861,6,0.0,-0.68290988,-0.7187431016666667,0.8333333333333334,-1.65095665,1
C_ID_1058bd4355,-14.93874194,21,0.0,-0.47943589,-0.7113686638095238,0.8571428571428571,1.032553,1
C_ID_b95f006966,-184.63793330999994,317,1.1861198738170347,2.40865968,-0.5824540482965298,0.9337539432176656,-1.47085716,1
C_ID_9881fa2036,1496.2095994899996,329,0.0060790273556231,1728.54456608,4.547749542522795,0.9665653495440729,0.0,1
C_ID_5895f9f35c,-71.25719155000004,133,1.112781954887218,5.98807998,-0.5357683575187974,1.0,1.61801767,1
C_ID_0f622601dc,-133.42089414000003,215,0.018604651162790697,1.22156525,-0.6205622983255815,0.9255813953488372,-0.1973213,1
C_ID_612072899a,-21.494748920000003,34,1.1764705882352942,0.0298126,-0.6321984976470589,0.9411764705882353,-0.78000084,1
C_ID_b4cdaed8dd,-62.489567480000005,91,1.1868131868131868,0.06452384,-0.6866985437362638,0.9010989010989011,0.0,1
C_ID_f37d1cac29,-23.176215619999997,44,0.1590909090909091,2.79763597,-0.5267321731818181,0.9318181818181818,-0.60188162,1
C_ID_2823d42b3f,-5.98932719,9,0.0,-0.6299264,-0.6654807988888889,1.0,-0.77042318,1
C_ID_3d4866a75e,-9.3596686,16,1.625,-0.29611244,-0.5849792875,0.9375,0.0,1
C_ID_0d0c9045c7,-24.007241840000002,42,1.7380952380952381,0.45521315,-0.5716009961904762,0.6666666666666666,0.0,1
C_ID_a5763aa690,-121.21556482999995,186,0.010752688172043012,0.27887703,-0.6516965851075266,0.9354838709677419,0.08997209,1
C_ID_8ac690db41,-18.48593035,29,0.034482758620689655,-0.31226594,-0.6374458741379311,0.9310344827586207,0.0,1
C_ID_332498e54a,-14.635927659999998,20,0.0,-0.71729054,-0.7317963829999999,0.75,-2.13935369,1
C_ID_b74212f339,-17.19312443,37,4.405405405405405,-0.15486323,-0.4646790386486487,0.32432432432432434,0.0,1
C_ID_d3f3932dc5,-13.76590768,22,0.9545454545454546,-0.33692445,-0.6257230763636363,0.9090909090909091,0.19790057,1
C_ID_e83f88a0ac,-140.27825781000004,221,0.0,1.45597883,-0.6347432480090499,0.9819004524886877,-1.02918164,1
C_ID_dd76adcd2d,-3.473288029999999,20,2.25,5.83608681,-0.17366440149999995,0.95,0.0,1
C_ID_6795264967,-11.88239455,30,2.6333333333333333,2.25839456,-0.39607981833333333,0.8333333333333334,-1.65186392,1
C_ID_889deb3e2b,-0.9969790000000006,19,3.8421052631578947,1.86286672,-0.05247257894736845,0.7368421052631579,2.18452688,1
C_ID_16f40a569c,-116.02902902999999,183,1.098360655737705,-0.07071476,-0.6340384099999999,0.9617486338797814,-0.23616108,1
C_ID_c1bbb38c34,-19.863561000000004,41,1.5853658536585367,1.04425241,-0.48447709756097573,0.9512195121951219,1.83535715,1
C_ID_8ad2c4910b,-45.900959720000024,67,0.0,-0.24551818,-0.6850889510447765,0.8208955223880597,3.19030114,1
C_ID_d564bd26ff,-17.16696326,31,2.935483870967742,0.1396564,-0.5537730083870968,0.8387096774193549,1.52219559,1
C_ID_192d08336e,-94.31125657999999,142,1.0704225352112675,-0.07023392,-0.6641637787323943,0.8661971830985915,-33.21928095,1
C_ID_83b088b2c7,0.9093594099999998,8,5.25,1.21375146,0.11366992624999997,1.0,1.44927407,1
C_ID_cb6b4292c1,-104.76834145999999,164,1.0,0.90450585,-0.6388313503658536,0.9878048780487805,0.0,1
C_ID_96d97c884a,-186.49271562,303,1.0132013201320131,0.93765434,-0.6154875102970297,0.9405940594059405,-1.72738987,1
C_ID_fca876cafa,-14.09344057,24,2.5833333333333335,-0.14569706,-0.5872266904166666,0.9583333333333334,0.0,1
C_ID_ef206e8839,-146.64738007999995,214,0.009345794392523364,-0.34224383,-0.685268131214953,0.9299065420560748,0.40869692,1
C_ID_57bc8b8597,-24.60750585,50,1.3,0.74071687,-0.492150117,0.62,-4.02438723,1
C_ID_9c64792fd7,-5.71865462,8,0.0,-0.694315,-0.7148318275,1.0,0.0,1
C_ID_daf5ea71b5,-18.480205289999997,28,0.0,-0.53653663,-0.6600073317857141,0.9642857142857143,-4.48600902,1
C_ID_a49f289648,-4.65255367,16,2.625,1.45447618,-0.290784604375,1.0,-0.09879545,1
C_ID_a7bd2afc2b,-0.6437658200000002,7,0.0,0.79180701,-0.09196654571428574,1.0,-2.45762938,1
C_ID_c2a16ecdd5,-2.84998832,4,1.0,-0.71249708,-0.71249708,1.0,0.1494809,1
C_ID_e2dbaf1abd,-17.47099468,34,1.3823529411764706,3.88125784,-0.5138527847058824,1.0,0.0,1
C_ID_16bcedbd26,-118.20680637999997,174,1.293103448275862,-0.07221742,-0.6793494619540228,0.9540229885057471,0.9016608,1
C_ID_bdb43bf82b,-276.11090707000017,443,1.090293453724605,1.68603473,-0.623275185259594,0.9774266365688488,0.0,1
C_ID_fed3a4686c,-33.433718219999996,48,0.0,-0.14584732,-0.69653579625,0.9375,2.11334837,1
C_ID_ec139f5170,-24.424723379999996,39,1.5897435897435896,0.60547827,-0.6262749584615384,0.8974358974358975,-0.03258855,1
C_ID_23ad82f66b,-82.48421977999998,117,0.008547008547008548,-0.42065217,-0.7049933314529913,0.9401709401709402,0.0,1
C_ID_4702c8f133,-46.062224130000004,94,2.5851063829787235,1.81359479,-0.49002366095744687,0.8085106382978723,1.31530208,1
C_ID_f690ffbe1e,-9.993952669999999,22,1.5909090909090908,0.68061083,-0.45427057590909087,0.9545454545454546,0.0,1
C_ID_44ba272fb8,-75.05721600999996,139,1.1942446043165467,1.31019162,-0.5399799712949638,0.9928057553956835,-1.47359711,1
C_ID_f9cd5b6622,-40.42965645,56,0.21428571428571427,-0.65674872,-0.7219581508928572,0.6964285714285714,1.45078924,1
C_ID_6cc22498eb,-11.998850019999999,31,0.03225806451612903,4.43723877,-0.3870596780645161,0.8709677419354839,0.22094428,1
C_ID_653684559e,-42.15457976000001,66,0.0,0.50496593,-0.6387057539393941,0.9545454545454546,1.25001604,1
C_ID_8fdd3910a8,-164.09380635000002,305,1.2327868852459016,7.10904273,-0.5380124798360656,0.980327868852459,-0.46430969,1
C_ID_72162cd40d,-8.39039847,12,0.0,-0.59344203,-0.6991998724999999,0.8333333333333334,0.0,1
C_ID_359e92598b,-42.395995660000004,62,1.4838709677419355,-0.32616547,-0.6838063816129033,0.967741935483871,0.1805986,1
C_ID_e1d4d1f15f,-12.59535742,20,0.05,-0.33166517,-0.629767871,0.8,0.78659636,1
C_ID_2e5caed522,-7.876386589999999,11,1.0,-0.70934152,-0.7160351445454545,0.9090909090909091,0.0,1
C_ID_1340982d4e,-10.923402519999996,21,0.0,0.53034571,-0.5201620247619045,0.8571428571428571,1.20196614,1
C_ID_d0b86f917f,-49.14398142,68,0.029411764705882353,-0.5573183,-0.7227056091176471,0.9705882352941176,0.88653213,1
C_ID_686adaa9c3,-67.98842933999998,108,1.3888888888888888,0.56320869,-0.6295224938888887,0.9351851851851852,0.0,1
C_ID_d7f86d99ff,-123.12926625000003,172,0.0,-0.61166919,-0.7158678270348839,0.9534883720930233,0.0,1
C_ID_22cd65599d,-130.08533920999992,225,1.16,2.9789158,-0.5781570631555552,0.9644444444444444,1.02567668,1
C_ID_0fa46f1cf6,-74.00193416000005,180,1.45,11.41980335,-0.4111218564444447,0.9555555555555556,0.0,1
C_ID_8deb8993ea,-115.17340439000006,171,1.2046783625730995,-0.24882401,-0.6735286806432752,0.9122807017543859,-0.16684407,1
C_ID_914ad1d9c4,-34.91232703,53,1.5660377358490567,-0.26607444,-0.658723151509434,0.8679245283018868,0.0,1
C_ID_98a48150ce,-12.9436269,20,1.35,-0.32766812,-0.647181345,0.75,-33.21928095,1
C_ID_73f0ce2018,-234.8401266599999,347,1.0,8.26899928,-0.676772699308357,0.9769452449567724,0.76130967,1
C_ID_ce5e5600cf,-37.72207438,52,0.0,-0.46891733,-0.7254245073076924,0.9423076923076923,0.0,1
C_ID_e86e41acdd,-7.881826179999999,12,0.8333333333333334,-0.45389082,-0.6568188483333333,1.0,0.0,1
C_ID_b6f719e7f2,-1.6507825299999999,12,0.25,1.76056623,-0.1375652108333333,0.9166666666666666,5.27451314,1
C_ID_0963ddc892,-108.55786241999994,242,1.5702479338842976,2.71520052,-0.44858620834710716,0.9793388429752066,0.74642864,1
C_ID_44c140917d,-43.73784813000001,65,1.2,0.24484198,-0.6728899712307694,0.8307692307692308,0.0,1
C_ID_2e0268285e,-11.255804020000001,36,1.7777777777777777,1.775743,-0.3126612227777778,0.9166666666666666,0.39911994,1
C_ID_6371902a9b,-10.132872769999999,15,0.06666666666666667,-0.55156314,-0.6755248513333333,0.8,0.0,1
C_ID_5283bae8a5,-15.738452879999995,23,0.0,-0.34008001,-0.6842805599999998,1.0,0.25775341,1
C_ID_16e798c380,-38.40276033000001,79,1.139240506329114,4.17352349,-0.4861108902531646,0.8227848101265823,-0.22970389,1
C_ID_8e65ca65f4,-11.415505790000003,44,0.0,3.76104574,-0.259443313409091,0.9318181818181818,-0.06987494,1
C_ID_efa1851d7f,-38.272360230000004,65,0.015384615384615385,0.30494803,-0.588805542,0.9076923076923077,-1.67199408,1
C_ID_c6bede4086,-10.8160832,35,2.742857142857143,1.95636168,-0.30903094857142854,0.8857142857142857,-0.02759156,1
C_ID_e69cd78597,-31.658215680000005,46,0.0,0.00453801,-0.6882220800000001,0.9565217391304348,0.0,1
C_ID_85cd6b604b,-48.74965570999999,84,1.369047619047619,0.11260868,-0.5803530441666666,0.6666666666666666,0.03105275,1
C_ID_164e53824a,-89.03029423,143,1.2307692307692308,0.47023966,-0.6225894701398601,0.951048951048951,-2.32022413,1
C_ID_c25d3a8b29,-85.75117882000002,123,0.008130081300813009,-0.53653663,-0.6971640554471547,0.975609756097561,0.0,1
C_ID_d2d413edd0,-4.63940547,8,0.0,-0.11729695,-0.57992568375,1.0,0.66902677,1
C_ID_f6543343db,-30.024999149999996,60,0.0,0.59168393,-0.5004166524999999,0.9,0.67448498,1
C_ID_dd67351456,63.07394857000001,97,2.1752577319587627,8.03308305,0.650246892474227,0.865979381443299,0.26404986,1
C_ID_8201c12a80,-128.90753106999995,193,0.0051813471502590676,-0.14601262,-0.6679146687564764,0.8911917098445595,-0.38649661,1
C_ID_3ba770e331,-4.945345239999999,41,1.6829268292682926,8.26404053,-0.12061817658536583,1.0,-0.34051332,1
C_ID_4750341116,-143.67851703,205,1.0,-0.29310714,-0.7008708147804877,0.9951219512195122,0.0,1
C_ID_b83780d38e,-37.14863266000001,57,1.1228070175438596,-0.20640417,-0.6517303975438599,0.5964912280701754,0.0,1
C_ID_abe674c729,-69.89063540000001,112,1.0,0.07622949,-0.624023530357143,0.9553571428571429,-1.66446183,1
C_ID_c34844f53c,-14.501996369999999,23,0.043478260869565216,-0.05568825,-0.6305215813043478,0.9565217391304348,-0.25781916,1
C_ID_804d56e1ef,-297.8169888999999,504,0.003968253968253968,2.40715703,-0.5909067240079363,0.9206349206349206,0.0,1
C_ID_4c4ce4a72f,-124.94206468999998,199,1.3919597989949748,1.4084049,-0.6278495713065325,0.7939698492462312,1.07943818,1
C_ID_3af72a9db9,-10.956505919999998,18,0.0,0.19124242,-0.6086947733333332,0.8333333333333334,0.0,1
C_ID_35a4508a24,-46.555409299999994,66,0.0,-0.34141737,-0.7053849893939393,0.8333333333333334,0.0,1
C_ID_a0bba0794a,-99.15074010000008,149,1.1946308724832215,4.39073172,-0.6654412087248327,0.9194630872483222,0.0,1
C_ID_91f1517f6e,-13.56943602,20,0.2,-0.49680653,-0.6784718009999999,0.8,4.91492227,1
C_ID_c608dcf733,-42.38510154000001,67,0.13432835820895522,-0.14584732,-0.6326134558208957,0.6716417910447762,-0.09893734,1
C_ID_b4412f4b0c,-16.78222444,29,0.0,-0.14584732,-0.5786973944827586,0.8620689655172413,0.0,1
C_ID_e56b855a46,-20.56510373,29,0.06896551724137931,-0.56920427,-0.7091415079310345,0.896551724137931,-0.3616415,1
C_ID_778d65d640,-318.4508536700002,450,0.0022222222222222222,0.46873701,-0.7076685637111115,0.98,-0.23752408,1
C_ID_4d4d7a0164,-190.42184788999992,373,1.2761394101876675,3.76104574,-0.5105143375067022,0.9946380697050938,0.19198749,1
C_ID_a95b7ef882,-70.98736044,100,0.05,-0.44788021,-0.7098736044,0.9,-2.39090793,1
C_ID_5791b8cebb,-14.15363677,25,1.24,-0.16613311,-0.5661454708,0.84,0.0,1
C_ID_8fd2416f95,-27.298138040000016,63,1.4285714285714286,0.1503102,-0.4333037784126987,0.746031746031746,0.63155958,1
C_ID_688cc64d85,-108.87513214000002,171,1.0818713450292399,2.82635163,-0.6366966791812867,0.9824561403508771,-0.93489461,1
C_ID_5a4e86c164,-7.742710719999999,17,0.0,0.45521315,-0.4554535717647058,0.8823529411764706,-2.13461023,1
C_ID_c70b3f394e,-6.1082469999999995,11,0.0,-0.17288002,-0.5552951818181818,0.9090909090909091,0.0,1
C_ID_0b91f6f154,-30.232966120000004,46,0.0,-0.20595337,-0.6572383939130436,0.8043478260869565,-2.36936702,1
C_ID_24561f7a36,-8.624466479999999,46,1.065217391304348,2.40865968,-0.18748840173913042,0.8695652173913043,0.72075893,1
C_ID_0e8753ad70,-50.94256473999999,81,1.345679012345679,0.53034571,-0.6289205523456789,0.9876543209876543,2.99324231,1
C_ID_448f5facf6,-6.82185605,121,1.3305785123966942,4.22235966,-0.05637897561983471,0.9256198347107438,0.0,1
C_ID_e17208778d,-6.52147605,13,0.0,0.53034571,-0.5016520038461538,1.0,-1.08933994,1
C_ID_104f7b0e20,12.137364390000004,38,4.052631578947368,1.71330785,0.3194043260526317,0.3684210526315789,0.64385709,1
C_ID_284026cfd4,-132.2690668899999,185,0.005405405405405406,-0.3068564,-0.7149679291351345,0.918918918918919,0.0,1
C_ID_0dbfa59917,5.2945764099999995,12,4.416666666666667,3.56254552,0.4412147008333333,1.0,0.0,1
C_ID_799647473d,-6.204341530000001,26,2.5384615384615383,1.05627362,-0.2386285203846154,0.6923076923076923,0.0,1
C_ID_d024162cb5,-22.38523506,32,0.09375,-0.37119992,-0.699538595625,0.75,0.74706431,1
C_ID_6719c0303a,-8.441894309999999,24,2.0416666666666665,0.63553129,-0.35174559624999996,0.9583333333333334,0.33314209,1
C_ID_a894b3adc0,46.49199740999999,34,1.0588235294117647,10.72252813,1.3674116885294114,0.7647058823529411,-0.48013722,1
C_ID_88dab58261,-14.270467880000004,21,1.3333333333333333,-0.44637756,-0.6795460895238097,1.0,0.0,1
C_ID_52a8b73694,-6.157083139999999,9,0.0,-0.60106047,-0.6841203488888888,0.7777777777777778,0.4317266,1
C_ID_0d036db6db,-8.969595369999999,21,1.5238095238095237,0.75922953,-0.427123589047619,1.0,-1.13368489,1
C_ID_bf011ce0ca,19.840780789999997,52,1.7692307692307692,11.62742467,0.38155347673076917,0.9807692307692307,-1.56179759,1
C_ID_fb9d5d69cc,-0.7652401299999998,11,4.363636363636363,1.06241946,-0.06956728454545452,0.6363636363636364,3.04390052,1
C_ID_2885fa3fbd,-55.16548037000001,87,1.0,-0.15390153,-0.634085981264368,0.9195402298850575,-1.15050392,1
C_ID_95be674870,-239.35333943000012,355,0.005633802816901409,0.00366647,-0.6742347589577468,0.9464788732394366,0.28206735,1
C_ID_93dfe0fc2e,-6.19941285,10,1.4,-0.1157943,-0.619941285,1.0,-0.28530127,1
C_ID_1d5dd6b5fa,-14.843624130000002,22,1.0909090909090908,-0.51927117,-0.6747101877272729,1.0,0.0,1
C_ID_93fb6b6155,-23.44821051,37,0.0,-0.25103291,-0.6337354191891892,0.918918918918919,0.6866219,1
C_ID_94fe2d5c25,-59.78592242000002,109,0.0,7.06687834,-0.5484947011009176,0.963302752293578,-1.641616,1
C_ID_0c6219e489,11.78270863,9,1.4444444444444444,15.7851553,1.3091898477777777,1.0,0.0,1
C_ID_ac13db16cc,-11.935362980000003,25,1.6,-0.1157943,-0.4774145192000001,0.88,0.00928953,1
C_ID_2f5cfd0e54,-30.80909752999999,51,0.09803921568627451,0.71930409,-0.6040999515686272,0.8627450980392157,-5.59511177,1
C_ID_2e3cdd4677,-55.68015353000002,90,0.0,-0.12961869,-0.6186683725555557,0.8666666666666667,-2.18892932,1
C_ID_4a3952579e,-17.635565049999997,31,4.193548387096774,0.14798109,-0.5688891951612902,0.8064516129032258,1.34092336,1
C_ID_324670eaf9,-8.863207670000003,14,0.0,-0.44924762,-0.6330862621428573,1.0,0.0,1
C_ID_d5779fdca0,-16.9234286,29,0.0,-0.29521085,-0.5835665034482759,0.9310344827586207,0.0,1
C_ID_92d60aa90a,-189.58234668000006,282,0.0035460992907801418,1.0356873,-0.6722778251063832,0.9468085106382979,0.0,1
C_ID_5530805673,-82.05868406000002,135,0.007407407407407408,0.4686168,-0.6078421041481483,0.8740740740740741,0.0,1
C_ID_63df46a520,-5.3890631,10,0.0,0.5153192,-0.53890631,0.9,3.88273328,1
C_ID_12b53ce642,42.01421707,52,1.0,6.73569402,0.8079657128846154,0.8269230769230769,0.0,1
C_ID_9ea82de36a,-3.78522341,9,2.5555555555555554,0.90340892,-0.4205803788888889,1.0,-0.31317948,1
C_ID_1152f6ae49,-145.83518219000007,204,0.024509803921568627,-0.3600803,-0.7148783440686278,0.8431372549019608,-7.08096215,1
C_ID_98aa26d5b1,-5.145919119999999,7,0.0,-0.72151299,-0.7351313028571428,1.0,-4.52659084,1
C_ID_63169b1845,-58.54100601000002,83,0.012048192771084338,-0.35624854,-0.705313325421687,0.963855421686747,-1.04705519,1
C_ID_92264d92de,-61.234162560000044,109,1.4770642201834863,2.8143755,-0.5617813078899087,1.0,-0.81504939,1
C_ID_7bf8855c3a,-15.0440928,25,0.0,-0.06692808,-0.601763712,0.84,0.0,1
C_ID_f919925494,19.940045929999997,19,2.6842105263157894,9.80769906,1.049476101578947,1.0,0.0,1
C_ID_8b42c53cc9,-113.09911478000002,172,0.005813953488372093,-0.28709653,-0.6575529929069769,0.9302325581395349,-0.64141699,1
C_ID_17b001e024,-23.151166440000008,37,0.0,0.15318026,-0.6257072010810812,0.7297297297297297,1.50434769,1
C_ID_2da2d781fa,-399.3530674099999,643,0.01088646967340591,4.48682626,-0.6210778653343699,0.9284603421461898,0.0,1
C_ID_5582a8daa8,-2.16236014,6,2.5,1.09819759,-0.36039335666666666,1.0,0.3827611,1
C_ID_e8b761f7c6,-47.392851849999964,181,1.3425414364640884,2.39244608,-0.26183896049723737,0.9668508287292817,0.0,1
C_ID_600c66fdf7,-55.967129740000004,87,1.1264367816091954,0.28992152,-0.6433003418390805,0.9080459770114943,-0.0068801,1
C_ID_8be4b508b9,-91.94295814,136,1.0220588235294117,-0.1157943,-0.6760511627941177,0.9558823529411765,-0.30317795,1
C_ID_f6c75c5560,-82.55899165000002,151,1.271523178807947,1.795578,-0.5467482890728479,0.8278145695364238,1.05843923,1
C_ID_93ecc202c0,-143.58234735000005,208,0.004807692307692308,-0.38663215,-0.6902997468750003,0.9711538461538461,0.00675506,1
C_ID_72673caa76,-170.01232867000002,263,1.0304182509505704,2.82131775,-0.6464347097718631,0.9961977186311787,0.25859143,1
C_ID_f7edcb5392,-2.91858437,9,0.0,1.00969143,-0.3242871522222222,0.8888888888888888,0.0,1
C_ID_89d8f3d7c6,-25.835502440000003,49,0.10204081632653061,0.4549577,-0.5272551518367348,0.8775510204081632,0.0,1
C_ID_0a0853801c,-15.695206610000001,26,1.7307692307692308,-0.22100994,-0.6036617926923078,0.8076923076923077,-3.9616129,1
C_ID_a21099a0e1,-5.18647566,16,2.5625,0.33053818,-0.32415472875,0.75,1.36241989,1
C_ID_f4474ce2b5,-44.24155190999999,63,0.0,-0.45823348,-0.7022468557142856,0.9206349206349206,0.0,1
C_ID_fab7bb2b9a,-179.00369736999997,267,0.003745318352059925,0.11861928,-0.6704258328464419,0.9625468164794008,0.45090068,1
C_ID_baeec413a3,-9.89014953,14,0.07142857142857142,-0.59664268,-0.7064392521428572,0.9285714285714286,-5.35350679,1
C_ID_03981f2f52,-35.805953699999996,56,0.0,-0.45842882,-0.6393920303571428,0.9642857142857143,-3.59832922,1
C_ID_6f5f3e3449,-171.57005198000022,463,1.060475161987041,13.37200269,-0.370561667343413,0.9438444924406048,-1.00029582,1
C_ID_d92b52ec71,-40.317904320000004,57,0.0,-0.59664268,-0.7073316547368421,0.8421052631578947,-2.80249126,1
C_ID_eede6d0f04,-7.71931446,16,2.5625,0.10960338,-0.48245715375,1.0,0.0,1
C_ID_56aa69eb67,-6.89380299,13,1.0,-0.1157943,-0.5302925376923077,1.0,-0.21696075,1
C_ID_6229a4e421,-142.49451792,236,1.1144067796610169,1.42442316,-0.6037903301694915,0.8050847457627118,-0.17960459,1
C_ID_fe2dda6b0c,-80.27889889,128,0.09375,0.44147892,-0.627178897578125,0.9296875,-1.13525617,1
C_ID_d172615043,-31.000820830000002,50,1.14,0.29893743,-0.6200164166000001,0.94,-0.6523879,1
C_ID_41d4aefa57,-20.016275419999996,29,0.0,-0.38627151,-0.6902163937931033,0.6896551724137931,0.0,1
C_ID_3d22f304fe,-10.21144642,17,1.2941176470588236,-0.16087384,-0.6006733188235294,1.0,2.77329716,1
C_ID_e7ec2c4925,-84.87317973000002,127,1.031496062992126,-0.371245,-0.6682927537795277,0.8346456692913385,0.0,1
C_ID_d6a45b256c,-2.6160555999999997,13,3.3846153846153846,1.95636168,-0.20123504615384613,0.6923076923076923,2.07195756,1
C_ID_6f0b2bbbb3,-21.59595249,37,0.02702702702702703,0.05839302,-0.5836743916216216,0.8648648648648649,0.0,1
C_ID_cb007d7d30,-3.3833694399999996,23,2.217391304347826,2.40610517,-0.14710301913043478,0.8695652173913043,0.0,1
C_ID_032123cdd1,-24.839800729999993,45,1.3777777777777778,2.8335343,-0.5519955717777776,0.9777777777777777,0.59227518,1
C_ID_e4b81b2db6,-76.24925413999995,110,1.0,0.13423183,-0.6931750376363631,0.990909090909091,0.0,1
C_ID_f2608a51f8,-124.28339245999996,177,0.0,-0.47643058,-0.702166059096045,0.9378531073446328,0.4536259,1
C_ID_c814ef27cf,-14.960274909999997,21,0.0,-0.65975403,-0.7123940433333332,0.9047619047619048,3.65618431,1
C_ID_e76b5cf57e,-27.771458179999993,40,0.025,-0.6266957,-0.6942864544999998,0.85,-3.12938092,1
C_ID_84a1f9cdb4,-35.632127000000004,63,1.3015873015873016,0.44319194,-0.5655893174603175,0.8412698412698413,-1.51310176,1
C_ID_22283f512a,-223.14131085999975,339,1.4542772861356932,-0.06172891,-0.6582339553392323,0.8141592920353983,-0.25944751,1
C_ID_900040fbdb,-16.828115430000004,30,0.0,-0.27343744,-0.5609371810000001,0.9666666666666667,1.31838069,1
C_ID_7928dcef27,-14.611344310000003,29,2.0344827586206895,1.5655221,-0.5038394589655174,0.896551724137931,0.0,1
C_ID_08337e7315,-79.30327249999998,121,1.1818181818181819,0.00291514,-0.6553989462809916,0.8760330578512396,-0.09169736,1
C_ID_c0f6e9771b,-64.56572053,98,0.02040816326530612,-0.09320945,-0.6588338829591835,0.8877551020408163,-1.394056,1
C_ID_3f4d9965cd,-64.01342110999998,89,0.011235955056179775,-0.46543118,-0.7192519225842695,0.9438202247191011,0.0,1
C_ID_b3086b8e71,-33.50676215,51,1.196078431372549,-0.16049817,-0.6569953362745098,0.9803921568627451,0.0,1
C_ID_b9f62f2ab7,-1.77999551,7,0.0,1.20503609,-0.25428507285714286,1.0,0.77287727,1
C_ID_ca7e1d5b64,-99.21584992999995,140,0.0,0.39130539,-0.7086846423571425,0.9714285714285714,0.0,1
C_ID_7a678a634f,-14.14415503,20,0.0,-0.47643058,-0.7072077515,0.9,-5.38776184,1
C_ID_29ffc923d6,-25.455647280000004,36,0.9444444444444444,-0.55007552,-0.7071013133333335,1.0,0.3145432,1
C_ID_629cf3d73b,-7.25576161,12,1.0,-0.28138646,-0.6046468008333333,0.9166666666666666,-1.07287117,1
C_ID_737a54029f,-99.69436925000001,152,1.125,0.41764687,-0.6558840082236843,0.9802631578947368,0.12161494,1
C_ID_3f3b73b171,-59.01195180999999,83,0.012048192771084338,-0.53653663,-0.7109873712048191,0.891566265060241,0.0,1
C_ID_33bba936b4,-0.7729787899999997,13,1.6153846153846154,0.95108804,-0.0594599069230769,1.0,0.0,1
C_ID_dd2db5265d,-1.6400235399999998,11,1.8181818181818181,0.47473259,-0.14909304909090906,1.0,0.0,1
C_ID_19f04ca15e,-26.263562699999998,36,0.0,-0.67395408,-0.7295434083333333,0.6388888888888888,0.82425371,1
C_ID_814ffe82e8,-185.17675372,269,0.0,1.05627362,-0.6883894190334572,0.9888475836431226,0.0,1
C_ID_dcd77ec172,-535.114025019999,759,0.00922266139657444,-0.29611244,-0.7050250659025019,0.9459815546772069,0.0,1
C_ID_7600b2a578,-62.41856728000001,141,1.0,1.89926093,-0.4426848743262412,0.9148936170212766,-0.76056841,1
C_ID_7b7fa87993,-17.678811350000004,27,0.0,-0.35621849,-0.6547707907407408,0.8888888888888888,-0.81806457,1
C_ID_b7ddefcd08,-121.70228866000006,197,0.005076142131979695,1.77535232,-0.617778115025381,0.9695431472081218,0.14337405,1
C_ID_81002c229f,-50.37313506000002,71,0.0,-0.44637756,-0.709480775492958,0.971830985915493,-1.88365018,1
C_ID_7526d386f1,-9.34872929,16,1.5625,-0.29761509,-0.584295580625,1.0,0.0,1
C_ID_05de7c7a72,-27.97424096,49,1.3265306122448979,1.84486496,-0.5709028767346939,0.7142857142857143,0.0,1
C_ID_de8f8078d0,-63.566728060000024,179,0.0,1.07731074,-0.355121385810056,0.8547486033519553,0.0,1
C_ID_46683ac674,-46.875729499999984,70,0.04285714285714286,-0.04495932,-0.6696532785714283,0.9428571428571428,-0.62693558,1
C_ID_f21a107099,-4.73414763,13,0.0,0.79989128,-0.3641652023076923,0.9230769230769231,1.9678079,1
C_ID_ca5f880ec2,-41.91761167999997,65,0.0,0.27038705,-0.6448863335384611,0.9230769230769231,0.0,1
C_ID_fdf035ef1c,-5.18897008,11,2.272727272727273,0.51351601,-0.4717245527272727,0.7272727272727273,1.2772995,1
C_ID_ab3ca900b2,-25.43530142,41,1.024390243902439,0.32899045,-0.6203732053658536,1.0,2.7180971,1
C_ID_302a978021,-70.00303378999999,99,1.1111111111111112,-0.18344366,-0.7071013514141413,0.9191919191919192,0.08649658,1
C_ID_caa04b2d0d,-25.558849390000006,47,1.0,0.57978293,-0.5438053061702129,0.9574468085106383,0.0,1
C_ID_ce78b8d633,-31.978851380000002,54,1.1851851851851851,0.37868312,-0.5922009514814816,1.0,0.0,1
C_ID_9d7e4540a6,-39.58083882000002,60,1.0,-0.34810417,-0.6596806470000003,0.8666666666666667,2.08949692,1
C_ID_4744276186,-186.05834422,281,0.014234875444839857,-0.00760341,-0.66212933886121,0.9395017793594306,0.33506197,1
C_ID_e4636ca824,-95.28249522999998,156,1.0384615384615385,0.44648274,-0.6107852258333332,0.9871794871794872,0.0,1
C_ID_bac25a9b29,-173.4935657400001,248,1.0846774193548387,-0.46290672,-0.6995708295967745,0.9314516129032258,1.72273421,1
C_ID_136277662c,-21.742866679999995,31,0.03225806451612903,-0.55757375,-0.7013827961290321,0.9032258064516129,-0.21544656,1
C_ID_603072d883,-100.45947413000005,158,0.0189873417721519,-0.0956738,-0.6358194565189876,0.930379746835443,-0.26704498,1
C_ID_f9acfce4f1,-2.91164211,7,2.857142857142857,-0.22097988,-0.4159488728571428,0.7142857142857143,-0.93225315,1
C_ID_37c961ab33,-117.60908162000003,202,1.698019801980198,0.41142589,-0.5822231763366338,0.7227722772277227,0.55474621,1
C_ID_48079b2379,-15.512844900000005,31,1.7096774193548387,1.95786433,-0.5004143516129034,0.9354838709677419,0.0,1
C_ID_1897ffbaea,-15.054866829999998,23,1.0,-0.01060872,-0.6545594273913042,1.0,1.12715447,1
C_ID_50924d6df6,-97.51327105000001,139,0.007194244604316547,-0.03767147,-0.7015343241007195,0.9568345323741008,0.0,1
C_ID_c32e8e9742,-19.689373659999998,27,1.0,-0.70070127,-0.7292360614814813,1.0,1.73440218,1
C_ID_ec41f4494c,-8.55318069,23,0.043478260869565216,0.48526617,-0.3718774213043478,0.9130434782608695,0.0,1
C_ID_da2bacc420,-44.96649089999998,63,0.031746031746031744,-0.55156314,-0.7137538238095236,0.9206349206349206,0.0,1
C_ID_f7dc36a819,-34.469721129999996,48,0.0,-0.61169924,-0.7181191902083333,0.9791666666666666,0.0,1
C_ID_fb7da6d86f,-15.614529250000007,32,1.3125,1.20653874,-0.48795403906250023,0.28125,0.0,1
C_ID_2e432ee114,-9.82006591,20,0.1,1.27566069,-0.4910032955,0.85,0.0,1
C_ID_527222b085,-46.817186259999986,72,1.0694444444444444,-0.07613934,-0.6502386980555553,0.9444444444444444,1.57757781,1
C_ID_966407c88e,-160.06360576,246,0.008130081300813009,0.15468291,-0.6506650640650407,0.975609756097561,-0.5349617,1
C_ID_f04951e9f1,-18.48880043,26,0.0,-0.64172221,-0.7111077088461539,0.7692307692307693,0.0,1
C_ID_7fd1613601,-2.5219295300000004,14,0.0,0.68125697,-0.1801378235714286,0.6428571428571429,0.0,1
C_ID_9a28d2c9f4,-0.12889745000000014,40,2.4,2.40865968,-0.0032224362500000033,0.825,0.0,1
C_ID_b060bc31b1,-10.01099271,26,2.0,1.2816713,-0.38503818115384614,1.0,0.0,1
C_ID_e4d41d9701,-89.91241075000002,182,1.1483516483516483,0.57626673,-0.49402423489011,0.7417582417582418,0.68909612,1
C_ID_f6c6b5b28b,-4.0572783999999995,9,2.3333333333333335,0.14446488,-0.45080871111111104,0.7777777777777778,-1.64085526,1
C_ID_4df9839fc8,-31.522330929999992,65,1.676923076923077,2.43699968,-0.48495893738461526,1.0,-4.09287239,1
C_ID_9429777e1e,-61.081327950000016,144,1.0208333333333333,2.39285179,-0.42417588854166677,0.9930555555555556,0.0,1
C_ID_6c25bf3a4f,-195.32487844999991,289,0.0,-0.01867795,-0.6758646313148786,0.8927335640138409,-1.34712438,1
C_ID_b6f6673f7e,-131.53168599,181,0.0,-0.61166919,-0.7266943977348066,0.9116022099447514,-0.26320473,1
C_ID_301703a69d,-86.00218166,128,0.0,-0.34860005,-0.67189204421875,0.9375,1.54487082,1
C_ID_d74a2c1aa9,-222.5684553199998,326,0.006134969325153374,0.54526703,-0.682725323067484,0.9877300613496932,-0.38523479,1
C_ID_d2d29c2dfc,-130.13190619000002,184,0.010869565217391304,-0.371245,-0.7072386205978262,0.9239130434782609,0.0,1
C_ID_c463796d44,-40.516299279999984,56,0.0,-0.61121839,-0.723505344285714,0.9464285714285714,-3.60090404,1
C_ID_2e86415be8,-38.02567002,53,0.0,-0.61132358,-0.7174654720754717,0.8867924528301887,0.0,1
C_ID_f96d46ff64,-19.92874596,29,1.1379310344827587,-0.64175227,-0.6871981365517241,0.896551724137931,-33.21928095,1
C_ID_0d48c769a0,-8.792583050000001,16,0.125,0.10960338,-0.5495364406250001,0.875,0.0,1
C_ID_25c9c5c053,-5.1572491099999995,20,7.1,0.93866111,-0.2578624555,0.8,-0.92792552,1
C_ID_f42df24943,-12.863295159999998,23,1.9565217391304348,1.09233725,-0.5592737026086956,0.6521739130434783,0.0,1
C_ID_a74112e615,-139.01397229000014,287,1.6445993031358885,5.12845832,-0.4843692414285719,0.9303135888501742,0.0,1
C_ID_c0beae5915,-25.316050979999993,40,1.175,-0.16087384,-0.6329012744999998,0.975,0.0,1
C_ID_23ce754eeb,-6.999229049999999,28,1.75,4.88079135,-0.24997246607142856,0.8928571428571429,4.77532579,1
C_ID_a2d2b5cd76,-48.30088889,70,1.1,-0.28859919,-0.6900126984285715,0.9714285714285714,-0.25718274,1
C_ID_6591d78672,-15.339243529999997,24,0.0,-0.27397839,-0.6391351470833332,1.0,0.0,1
C_ID_0d94f82c17,-53.68084596999999,93,1.3333333333333333,0.47023966,-0.5772133975268816,0.989247311827957,-0.94978496,1
C_ID_7a84388c2e,-397.5772945599999,669,0.014947683109118086,6.7663481,-0.5942859410463377,0.9267563527653214,0.0,1
C_ID_cc2b3df011,-39.4600558,58,0.0,-0.44271109,-0.6803457896551725,0.9655172413793104,0.0,1
C_ID_c0b4eaf546,-26.10976639,46,1.2608695652173914,0.57891139,-0.567603617173913,0.9565217391304348,1.47581306,1
C_ID_4247870e32,-7.1508014300000005,10,0.0,-0.68262438,-0.715080143,0.9,0.0,1
C_ID_9283026fbb,19.292012550000003,15,3.0,1.67743956,1.2861341700000002,0.3333333333333333,1.67893991,1
C_ID_6f8124d83b,-2.88373788,5,0.0,-0.44637756,-0.576747576,0.8,-0.23935047,1
C_ID_9e30827790,-45.38630163,66,0.0,-0.55306579,-0.6876712368181818,0.9393939393939394,0.0,1
C_ID_b5978a9016,-16.29362241,25,0.0,-0.43135105,-0.6517448964,0.88,-0.51614712,1
C_ID_c3814c3398,-8.115503449999999,15,0.06666666666666667,-0.09378046,-0.5410335633333332,0.7333333333333333,-0.762269,1
C_ID_f40ca12189,-3.2600468199999995,9,3.2222222222222223,0.49067572,-0.3622274244444444,1.0,0.0,1
C_ID_d46bd7c452,-5.42285772,8,0.0,-0.6098059,-0.677857215,1.0,2.91305939,1
C_ID_0e2ef21476,-22.48084873,33,0.0,-0.49145709,-0.6812378403030304,0.9696969696969697,0.0,1
C_ID_a92cbaa305,-18.846731939999998,28,0.0,-0.20895867,-0.6730975692857142,0.8928571428571429,0.0,1
C_ID_094f416d09,-74.51101726999998,117,0.07692307692307693,-0.21046132,-0.6368463014529913,0.8632478632478633,0.60927406,1
C_ID_316338d9b0,-57.808493440000014,89,0.02247191011235955,-0.08574128,-0.6495336341573035,0.8089887640449438,0.0,1
C_ID_fb12068835,-40.90770992999999,77,0.0,1.80759921,-0.53126896012987,0.8831168831168831,0.0,1
C_ID_6fe6df1004,-87.74244702999998,130,0.0,-0.35524177,-0.674941900230769,0.9538461538461539,0.0,1
C_ID_ff2a1a37c1,-16.534271959999995,67,1.1044776119402986,7.85426756,-0.24678017850746262,0.8805970149253731,0.0,1
C_ID_08ef00c1db,-4.00716499,11,0.0,-0.27501522,-0.3642877263636363,0.45454545454545453,-0.20597961,1
C_ID_2a78085c28,-9.133204019999999,13,0.0,-0.40419814,-0.7025541553846153,0.9230769230769231,-0.4150375,1
C_ID_dc14ca222f,-15.24884404,25,1.8,-0.03166086,-0.6099537616,0.92,0.0,1
C_ID_827911455e,-161.71462893000006,243,0.0,-0.43141115,-0.6654923001234571,0.9465020576131687,0.0,1
C_ID_4f3c2969eb,-16.924330199999996,26,1.0,-0.23971794,-0.6509357769230768,1.0,0.0,1
C_ID_e3e54bb49a,-115.31337640999999,193,1.0984455958549222,3.44918552,-0.5974786342487046,0.9844559585492227,0.27004902,1
C_ID_dd9073fbf6,-7.4660275700000005,12,3.0833333333333335,-0.48487548,-0.6221689641666667,0.6666666666666666,2.1611265,1
C_ID_ec690b79b4,-2.08395178,5,2.8,-0.07973067,-0.41679035600000003,1.0,0.30300289,1
C_ID_2b17e7dd4d,-18.228646440000002,26,0.0,-0.60082005,-0.7011017861538462,1.0,0.0,1
C_ID_992a91d49c,-51.587727970000024,72,1.0555555555555556,-0.37428036,-0.7164962218055559,1.0,-0.89297382,1
C_ID_7532c7d322,-88.50525292000002,147,1.2993197278911566,2.28404482,-0.6020765504761906,0.8231292517006803,1.41752423,1
C_ID_fb98e8d043,-54.38228352000001,97,0.0,0.83087594,-0.56064209814433,0.8969072164948454,0.90268651,1
C_ID_874177d1ae,-9.08343622,16,0.0,-0.13525363,-0.56771476375,0.875,-0.81595079,1
C_ID_c56936006c,-195.77574894999995,284,0.01056338028169014,0.06302119,-0.6893512286971829,0.9401408450704225,-0.68841,1
C_ID_7e9a46df7d,-44.76869696999999,65,1.0923076923076922,-0.44637756,-0.688749184153846,0.7538461538461538,-3.11270013,1
C_ID_b6ff84d381,-7.4785747,11,0.18181818181818182,-0.53653663,-0.6798704272727273,0.8181818181818182,0.0,1
C_ID_bba3091107,-67.11994201000003,100,1.2,-0.23035643,-0.6711994201000003,0.93,-33.21928095,1
C_ID_7244f45cc6,-227.09885835000006,423,1.2695035460992907,2.07119428,-0.5368767336879434,0.8817966903073287,0.0,1
C_ID_c914e367e6,-39.0114693,59,0.0,-0.25854616,-0.6612113440677967,0.8813559322033898,0.0,1
C_ID_e01a8db930,-213.86326638,345,0.02318840579710145,0.25235524,-0.6198935257391305,0.9130434782608695,0.82402276,1
C_ID_5d1201dbfa,-59.08926322999998,130,1.2769230769230768,1.08933195,-0.45453279407692293,1.0,-0.20983157,1
C_ID_6c3bcb8615,-64.79400333,91,0.0,-0.4432821,-0.7120220146153846,0.989010989010989,0.17301467,1
C_ID_859d7fb813,-111.46582303000004,160,0.0,-0.49148715,-0.6966613939375003,0.95625,-0.06492439,1
C_ID_d9d89a445d,-0.07941512000000006,5,0.8,2.55742215,-0.015883024000000013,1.0,0.14980084,1
C_ID_6d878a93d8,-13.929035480000001,24,1.5,-0.20700523,-0.5803764783333334,1.0,0.0,1
C_ID_09077e3649,9.67865138,17,3.1176470588235294,3.47253672,0.569332434117647,0.8823529411764706,-2.7656079,1
C_ID_f5b7354947,-76.70352061999999,108,0.05555555555555555,-0.46440937,-0.7102177835185185,0.8611111111111112,-1.389602,1
C_ID_1a3d88d08b,-159.4906448600001,235,1.025531914893617,5.62805978,-0.6786835951489365,0.9914893617021276,0.0,1
C_ID_311a68256f,-34.16675657,65,0.0,1.11637967,-0.5256424087692307,0.9692307692307692,0.0,1
C_ID_04aa230d73,-167.15218232000007,239,0.0041841004184100415,0.18473594,-0.6993815159832639,0.9790794979079498,-0.23465476,1
C_ID_5c93e7029c,-83.37174563000005,171,1.2748538011695907,1.9568876,-0.4875540680116962,1.0,1.31154681,1
C_ID_aa7ad09518,-14.257710379999999,27,2.037037037037037,0.12154945,-0.5280633474074073,0.9259259259259259,0.48450667,1
C_ID_b2d9f62391,-24.138498359999996,33,0.0,-0.68680175,-0.7314696472727271,0.696969696969697,2.57773093,1
C_ID_03bf132d7b,-174.70136676999994,282,0.014184397163120567,2.24336805,-0.6195083928014182,0.8191489361702128,0.0,1
C_ID_67fa49c045,4.67144193,79,2.3037974683544302,3.81360848,0.059132176329113925,0.43037974683544306,0.0,1
C_ID_3d819b675a,-9.328052790000001,13,1.0,-0.62233801,-0.7175425223076923,0.9230769230769231,0.59274275,1
C_ID_7cf89aa016,-56.967549819999974,84,1.0238095238095237,-0.46020195,-0.6781851169047616,0.9523809523809523,0.7397019,1
C_ID_083011cea3,-11.02071423,25,0.0,0.18451054,-0.44082856919999996,1.0,0.0,1
C_ID_913f0e3400,-51.17370249999998,97,2.865979381443299,0.79781762,-0.5275639432989689,0.9175257731958762,-33.21928095,1
C_ID_07ed9f6bf4,-14.795404049999998,49,3.0816326530612246,1.972981,-0.3019470214285714,0.9387755102040817,-2.65711886,1
C_ID_1cda58b660,407.1719475600001,42,1.0,71.45247608,9.694570180000003,0.9285714285714286,1.33728036,1
C_ID_7f23ce1c8d,-101.15168545000003,168,1.4761904761904763,2.70918992,-0.6020933657738097,0.9285714285714286,0.68174842,1
C_ID_35702d11eb,-65.95743098999998,94,0.010638297872340425,0.19330105,-0.7016747977659572,0.9574468085106383,-0.28816961,1
C_ID_9e535ab275,-246.46398987000003,346,0.02023121387283237,1.57769358,-0.7123236701445088,0.9595375722543352,-0.38734405,1
C_ID_9d3746b754,-10.34289835,22,0.045454545454545456,1.4250693,-0.4701317431818182,0.9090909090909091,-0.33628297,1
C_ID_2d3aeed8b2,0.6439761900000001,25,0.2,3.15998527,0.0257590476,0.64,1.82414857,1
C_ID_712a13032b,-9.92236637,14,1.0,-0.70498383,-0.708740455,1.0,0.0,1
C_ID_adcc715791,0.5459131800000002,8,0.0,1.7021131,0.06823914750000003,0.875,0.0,1
C_ID_ec2d01b6bd,-32.134390810000006,50,1.14,-0.26004881,-0.6426878162000002,0.86,0.0,1
C_ID_4b82d87a2b,-98.81225293000001,157,1.0573248407643312,0.36400222,-0.6293774071974523,0.9808917197452229,0.06069221,1
C_ID_63c12bad96,-15.355682580000002,23,1.0434782608695652,-0.31865221,-0.6676383730434783,0.9565217391304348,0.0,1
C_ID_d579ec0d4e,-18.511926329999998,45,1.4444444444444444,3.897787,-0.4113761406666666,0.9777777777777777,0.0,1
C_ID_af7f005998,-14.108932869999999,26,1.1923076923076923,0.56640934,-0.5426512642307691,1.0,1.68248907,1
C_ID_9a158a2e77,-10.03288634,16,1.0,0.12462989,-0.62705539625,0.6875,0.0,1
C_ID_16d9b62bce,-69.75802652000004,99,0.0,-0.42436372,-0.704626530505051,0.9696969696969697,1.11403949,1
C_ID_926f5f6915,-64.18588039000001,113,0.008849557522123894,-0.08644752,-0.5680166406194691,0.8584070796460177,1.63606503,1
C_ID_119e63c623,-127.41065008000002,223,1.3856502242152466,2.95382153,-0.5713482066367714,0.9820627802690582,0.01544313,1
C_ID_a2625119cd,-7.3372353299999995,14,1.0714285714285714,0.19976245,-0.5240882378571429,1.0,1.68557747,1
C_ID_7406a85346,-35.41619603000001,57,1.2105263157894737,0.1982598,-0.6213367724561405,0.9298245614035088,1.47426386,1
C_ID_b7b55bc870,-61.101568630000024,98,1.2040816326530612,-0.02262993,-0.6234853941836738,0.8061224489795918,-0.18704317,1
C_ID_1c2911ddda,-16.093018479999998,26,1.2692307692307692,-0.29618757,-0.6189622492307691,1.0,-0.1157213,1
C_ID_eaced19504,-27.548134149999992,64,1.15625,3.14147261,-0.4304395960937499,0.921875,0.0,1
C_ID_492199116c,-121.98696588,201,0.014925373134328358,1.13250311,-0.6069003277611941,0.9203980099502488,0.0,1
C_ID_d15b981178,-139.68413952,205,0.004878048780487805,0.06151854,-0.6813860464390245,0.9512195121951219,-1.24936256,1
C_ID_019d6fe1da,-60.83161740000001,117,1.2222222222222223,1.19579478,-0.519928353846154,0.9743589743589743,0.0,1
C_ID_2944e805ad,-58.456812420000006,102,0.0196078431372549,0.05099998,-0.5731060041176471,0.9803921568627451,0.13617014,1
C_ID_ac995d35d5,-26.93027410999999,113,2.9734513274336285,2.93458759,-0.23832100982300874,0.8495575221238938,-1.02201994,1
C_ID_7cfefcc97b,-23.66579443,39,0.0,-0.12422417,-0.6068152417948718,0.9230769230769231,0.0,1
C_ID_7103e50d88,-17.941880499999993,28,0.0,-0.13232346,-0.6407814464285712,0.8571428571428571,3.48417842,1
C_ID_fb7c55409e,-46.36476803000001,74,0.24324324324324326,0.82937329,-0.6265509193243244,0.7567567567567568,0.0,1
C_ID_1a9d9758c7,-90.26771244999995,176,1.3806818181818181,2.79856761,-0.5128847298295451,0.9602272727272727,0.0,1
C_ID_3232549018,-50.54935093999999,75,0.0,-0.38777416,-0.6739913458666665,0.9333333333333333,-0.79267648,1
C_ID_86cff4ee23,-35.27841794,52,0.9038461538461539,0.46573171,-0.6784311142307692,0.8653846153846154,1.39298382,1
C_ID_0b0288cd7d,-41.862359280000014,62,0.0,-0.371245,-0.6751993432258067,0.9516129032258065,3.29279153,1
C_ID_fd4273010c,-70.62504120999999,105,0.0380952380952381,0.25823061,-0.672619440095238,0.9047619047619048,-1.65362637,1
C_ID_cd59165943,0.6274470499999993,19,3.736842105263158,2.4357074,0.03302352894736839,0.8421052631578947,2.52716435,1
C_ID_19b5f68c21,-82.47224363999992,120,0.0,-0.29611244,-0.6872686969999993,0.825,6.76308094,1
C_ID_7c9d51f001,-19.345401750000004,27,0.9629629629629629,-0.64172221,-0.7164963611111113,0.8148148148148148,0.51867176,1
C_ID_6a56b057e7,-32.472051570000005,50,0.02,-0.41407056,-0.6494410314000001,0.88,-1.30006948,1
C_ID_502be11db2,-60.69373414000003,104,1.5769230769230769,1.38685688,-0.5835935975000003,0.9326923076923077,0.0,1
C_ID_daebdf549d,-106.55597044000007,179,1.1731843575418994,2.24336805,-0.5952847510614528,0.9832402234636871,-0.37917433,1
C_ID_257f8b0cb9,-9.127508970000001,14,0.0,0.31396394,-0.6519649264285715,0.9285714285714286,-0.70301091,1
C_ID_1152307820,-215.70105397000003,395,1.3544303797468353,0.7737752,-0.5460786176455698,0.9417721518987342,0.0,1
C_ID_754da6a232,-62.65591100000001,94,0.031914893617021274,-0.39378477,-0.6665522446808512,0.925531914893617,0.0,1
C_ID_5eb1abe97e,-16.004812859999998,26,1.3846153846153846,0.24153615,-0.6155697253846153,1.0,-0.76608349,1
C_ID_77f52548cf,-32.60841720999999,46,0.021739130434782608,-0.60908463,-0.7088786349999998,0.8043478260869565,-3.28109673,1
C_ID_a11266abb3,-48.731278249999995,147,1.1700680272108843,4.78284855,-0.33150529421768704,0.9727891156462585,0.0,1
C_ID_0e6fb8911b,-21.563390080000005,30,0.0,-0.6567938,-0.7187796693333335,0.6333333333333333,-0.47638568,1
C_ID_77f37205fe,-32.28947940999999,45,0.0,-0.56217186,-0.7175439868888887,1.0,0.0,1
C_ID_a6b5694ad8,-249.04495875999996,422,1.1232227488151658,12.77695282,-0.5901539307109004,0.9834123222748815,0.10179013,1
C_ID_1cb56d4d0f,-24.195103250000003,36,0.027777777777777776,-0.44637756,-0.672086201388889,0.8611111111111112,0.0,1
C_ID_fce90a0d84,-51.33274317000001,80,0.025,-0.36974235,-0.6416592896250001,0.9,0.0,1
C_ID_6b0496544c,-38.567375780000006,78,1.8717948717948718,1.43133535,-0.49445353564102573,0.5256410256410257,-1.15325695,1
C_ID_e23cbf084c,-24.229679279999996,38,0.0,1.73246665,-0.6376231389473683,0.9736842105263158,0.0,1
C_ID_cf4dd73920,-44.53790475,62,0.06451612903225806,-0.49897035,-0.7183533024193549,0.8225806451612904,-5.0081005,1
C_ID_364f4fed86,-62.24478559000001,88,0.0,-0.57380238,-0.7073271089772729,0.9318181818181818,-0.69876338,1
C_ID_8b71c320c4,-95.15969856999996,163,0.07975460122699386,2.73774029,-0.5838018317177912,0.9386503067484663,0.98729873,1
C_ID_2ba54f8a40,-0.9112377399999996,17,1.411764705882353,6.44778605,-0.05360221999999998,0.7647058823529411,2.11168804,1
C_ID_ceb2dbfa36,-50.09352175,72,0.0,-0.44643767,-0.695743357638889,0.9444444444444444,0.52495797,1
C_ID_9b84d3b248,-15.609810909999997,22,0.0,-0.46643795,-0.7095368595454544,0.8181818181818182,0.0,1
C_ID_d700829b1d,3.0002083700000006,9,3.5555555555555554,3.23678577,0.33335648555555564,1.0,-2.06333568,1
C_ID_2c7be08b99,-49.215898299999985,71,1.380281690140845,0.07955035,-0.6931816661971829,0.9859154929577465,-0.15624348,1
C_ID_4a359dbc2a,1.8565255400000003,8,2.625,1.68738712,0.23206569250000003,1.0,2.78032515,1
C_ID_5be8a4a99a,0.5190157200000001,14,1.5,0.50391407,0.03707255142857143,1.0,-1.14836871,1
C_ID_463882f0cf,-358.6155628899998,541,0.012939001848428836,0.41013361,-0.6628753473012935,0.8964879852125693,-1.45489852,1
C_ID_00f5466b40,32.75316757000001,38,2.026315789473684,14.279604,0.8619254623684213,1.0,0.0,1
C_ID_2298fb797b,-159.90046313,360,1.2277777777777779,7.81820393,-0.44416795313888885,0.7666666666666667,-0.88470485,1
C_ID_640be26500,-151.53194313000003,239,0.0041841004184100415,0.33500105,-0.6340248666527198,0.9497907949790795,-2.11171864,1
C_ID_340016468f,-15.236882950000002,32,2.25,1.03824181,-0.47615259218750006,0.96875,0.0,1
C_ID_8109fe260b,-5.6893679299999995,51,0.0,9.77165046,-0.11155623392156862,0.9607843137254902,0.0,1
C_ID_b97bb9f8db,-13.143013660000001,20,0.0,-0.44938286,-0.657150683,1.0,2.60288059,1
C_ID_a21f263be7,-41.96521569000002,83,2.0481927710843375,0.17623093,-0.5056050083132533,0.6024096385542169,0.47156449,1
C_ID_a40b7d68db,-23.87347582,35,0.0,-0.371245,-0.6820993091428571,0.8571428571428571,-0.4630547,1
C_ID_a1c1fd489b,-27.85306714,41,0.024390243902439025,-0.33217607,-0.6793431009756098,0.8780487804878049,0.0,1
C_ID_42b6c32d77,-25.94450479999999,44,0.0,0.01550736,-0.5896478363636362,0.9772727272727273,0.50396401,1
C_ID_be89ccbe32,-18.08951599,30,1.3333333333333333,-0.07071476,-0.6029838663333333,0.8666666666666667,0.0,1
C_ID_88bc635004,-21.866024019999994,33,0.0,-0.5111268,-0.6626067884848483,0.9696969696969697,1.1551773,1
C_ID_5447d2e05a,-114.33348258,164,0.012195121951219513,-0.21496928,-0.6971553815853658,0.926829268292683,0.0,1
C_ID_579d5346bb,-16.566699200000002,36,1.2222222222222223,0.9060085,-0.46018608888888896,0.8055555555555556,-0.29070891,1
C_ID_ee7053ae18,-118.38451002000009,514,0.0,2.0599244,-0.23032005840466943,0.9513618677042801,0.0,1
C_ID_f8fd1938a1,-15.572710459999996,27,0.0,0.26648016,-0.5767670540740739,0.9259259259259259,0.0,1
C_ID_6d38b96e9c,-11.259245069999999,29,0.0,2.25839456,-0.38824982999999996,1.0,0.0,1
C_ID_92347e656c,-36.76500582,59,0.0,-0.21264017,-0.6231356918644068,0.9152542372881356,-1.16912792,1
C_ID_80daf16d2a,-19.05576576,27,0.07407407407407407,-0.63474991,-0.7057691022222222,0.9259259259259259,0.0,1
C_ID_dd24dbdbe6,-6.010048739999999,21,0.0,2.70918992,-0.2861927971428571,0.9523809523809523,0.0,1
C_ID_f7139b9e5b,-1.0252438599999998,11,2.1818181818181817,2.15320898,-0.09320398727272726,0.9090909090909091,2.56685638,1
C_ID_b51b346d17,-21.30517445,30,0.0,-0.58163119,-0.7101724816666667,0.9666666666666667,0.78209791,1
C_ID_367c4f11f6,-2.17591403,14,1.8571428571428572,2.6277312,-0.15542243071428571,0.6428571428571429,0.0,1
C_ID_3d742a2a7e,-5.56893045,12,2.1666666666666665,-0.16515639,-0.46407753749999997,1.0,-1.79783082,1
C_ID_422cfb9a3b,-17.806461570000003,27,0.0,-0.30843418,-0.6594985766666668,1.0,-1.3193263,1
C_ID_4c6a910255,-89.95254641999998,184,1.3043478260869565,2.48379224,-0.4888725348913042,0.9619565217391305,1.34732578,1
C_ID_9b9be47ac6,-197.19452207000003,298,1.0838926174496644,0.70836479,-0.6617265841275168,0.8624161073825504,0.00917602,1
C_ID_a2ed42cd12,-378.9702954599998,528,0.0,0.27489501,-0.7177467717045452,0.9772727272727273,0.0,1
C_ID_41018f2dbb,-48.70341909000002,68,0.0,-0.48394384,-0.7162267513235296,0.8823529411764706,-0.71156573,1
C_ID_a637621014,-124.11487014,180,0.005555555555555556,-0.41931481,-0.6895270563333333,0.9333333333333333,-2.54706619,1
C_ID_23fe301ecb,-6.816206059999999,13,1.4615384615384615,0.03386976,-0.524323543076923,0.7692307692307693,0.0,1
C_ID_75d6b2033a,-28.087991639999995,50,1.04,2.5589248,-0.5617598327999999,1.0,0.0,1
C_ID_19e73d6352,-2.31058163,21,1.5714285714285714,2.76929596,-0.11002769666666667,1.0,0.0,1
C_ID_7651842be8,-11.5523372,19,0.0,0.45521315,-0.6080177473684211,0.8421052631578947,0.0,1
C_ID_49740852e5,-3.22850618,19,1.4736842105263157,1.45342433,-0.16992137789473685,0.7368421052631579,0.0,1
C_ID_beaf81bf9c,-2.1760342699999997,10,3.2,0.6495961,-0.21760342699999996,0.7,0.0,1
C_ID_1b1400ce72,-17.309670040000004,33,2.1818181818181817,1.12743918,-0.5245354557575759,0.9393939393939394,0.13751464,1
C_ID_eb40b8d361,-14.21545583,20,0.2,-0.21671235,-0.7107727915,0.65,0.0,1
C_ID_f37bc5317c,-5.619690010000001,13,1.9230769230769231,-0.03615379,-0.43228384692307703,0.6923076923076923,0.0,1
C_ID_f6d5b43ad2,-0.9813514199999993,32,1.9375,15.07655008,-0.03066723187499998,1.0,0.0,1
C_ID_37f092c95c,-58.69130115000001,90,0.05555555555555555,0.45521315,-0.6521255683333335,0.8777777777777778,-0.68771388,1
C_ID_ec256f7fc6,-45.71852284,75,0.0,-0.02563523,-0.6095803045333333,0.9466666666666667,0.02471192,1
C_ID_f63a0b6d91,-46.871627249999996,73,1.1232876712328768,0.12680873,-0.6420770856164383,0.9863013698630136,-5.13329991,1
C_ID_202708d7d5,0.4147166999999998,14,0.0,2.02760237,0.029622621428571416,0.8571428571428571,1.80424134,1
C_ID_9572c194dd,-31.027823440000006,95,0.0,1.20503609,-0.32660866778947373,0.8947368421052632,0.19092537,1
C_ID_eb9cf3b3c9,-73.19015695,106,0.0,-0.19092686,-0.6904731787735849,0.7735849056603774,0.68645245,1
C_ID_7aa0b3cd8a,-11.87373923,24,0.0,1.43193642,-0.49473913458333335,1.0,-0.01241367,1
C_ID_075a28f1c4,-73.11996812999996,111,0.009009009009009009,0.21478896,-0.6587384516216213,0.9279279279279279,-0.97578844,1
C_ID_26b3d70790,-41.19013318,64,1.265625,0.13214314,-0.6435958309375,0.8125,-0.25704767,1
C_ID_ae325662c9,7.389978359999995,176,1.5625,8.26899928,0.041988513409090884,0.8238636363636364,0.0,1
C_ID_11ad418c50,-19.31392122,31,1.2580645161290323,0.97903735,-0.6230297167741936,1.0,0.0535699,1
C_ID_c6408c8585,-59.09396654000001,87,0.034482758620689655,-0.47643058,-0.6792409947126438,0.7701149425287356,0.80652603,1
C_ID_87c2fbe08a,-59.573657820000015,94,1.2553191489361701,-0.3481793,-0.6337623172340427,0.9680851063829787,1.21667775,1
C_ID_80970bbbc7,-11.202580090000003,22,1.4545454545454546,2.14719838,-0.509208185909091,0.9090909090909091,3.15476598,1
C_ID_42e513a4ce,-68.76841049999996,95,0.0,-0.50475556,-0.7238780052631575,0.9473684210526315,0.0,1
C_ID_8f926ec5ce,-33.51621379,48,0.0,-0.05680021,-0.6982544539583334,0.875,-1.24401907,1
C_ID_bc4ac3d4b6,-68.03717535000001,112,1.1607142857142858,0.13836412,-0.6074747799107144,0.875,-0.37251438,1
C_ID_31f3f0ef69,-99.70162708999996,172,0.011627906976744186,0.69563734,-0.5796606226162788,0.9418604651162791,0.65186305,1
C_ID_d98f7eca72,-49.534144809999994,156,1.185897435897436,11.13261666,-0.3175265692948718,0.9935897435897436,0.27664456,1
C_ID_b9720a3fb2,-30.56715572,45,0.0,0.53034571,-0.6792701271111111,0.9333333333333333,0.0,1
C_ID_be40ba9c9a,-7.793214860000001,33,2.272727272727273,2.79694475,-0.2361580260606061,0.8787878787878788,2.63162164,1
C_ID_9d6f72e84d,-50.65331942999997,109,1.0,0.83087594,-0.464709352568807,1.0,0.0,1
C_ID_c55f28fd74,-58.03512332999998,83,0.012048192771084338,-0.14584732,-0.6992183533734938,0.8192771084337349,0.52228135,1
C_ID_e74b425649,-8.753108389999998,16,1.5,-0.13629046,-0.5470692743749999,0.6875,0.0,1
C_ID_28bb6c9b66,-7.28700169,20,1.2,0.25626213,-0.3643500845,0.7,-0.55198228,1
C_ID_046f7c0917,-46.07026341000001,64,0.0,-0.65434448,-0.7198478657812502,0.875,-4.61599528,1
C_ID_4325b6a58e,-37.03243262,56,0.017857142857142856,-0.13833407,-0.6612934396428571,0.9107142857142857,0.0,1
C_ID_ee01610d62,-4.00301769,10,2.5,0.75574338,-0.40030176900000003,0.8,2.30200843,1
C_ID_96c3c33d76,17.107443219999997,50,0.0,3.733983,0.3421488643999999,0.88,0.0,1
C_ID_2563b203fa,-5.663882989999999,9,1.4444444444444444,-0.5099397,-0.6293203322222222,1.0,-1.06412073,1
C_ID_0115eb729e,-6.15978793,17,3.764705882352941,0.30346041,-0.36234046647058826,0.35294117647058826,0.0,1
C_ID_92906efa76,-27.911940989999987,43,1.6046511627906976,-0.14584732,-0.6491149067441857,0.9302325581395349,-1.42379945,1
C_ID_32c264a1a6,-115.16608655000006,161,1.0186335403726707,-0.5966577,-0.7153173077639755,1.0,0.0,1
C_ID_70a8dfc4e3,-26.716762349999996,40,2.375,0.0780477,-0.6679190587499999,0.675,1.41773621,1
C_ID_fd0defbff0,-26.507187619999993,60,1.4833333333333334,0.9060085,-0.4417864603333332,0.9333333333333333,0.0,1
C_ID_a05757a18d,-2.3576897600000004,9,5.0,0.33274708,-0.2619655288888889,0.7777777777777778,2.3422243,1
C_ID_bfd7de6720,-66.71457184000003,94,0.0425531914893617,-0.45295917,-0.7097294876595748,0.723404255319149,0.0,1
C_ID_0748836428,-163.40816172999985,224,1.0089285714285714,-0.6266957,-0.7295007220089279,0.9598214285714286,-0.00441416,1
C_ID_f4831bf61f,-159.08942203000012,279,1.10752688172043,2.25839456,-0.5702129821863804,1.0,-0.50337298,1
C_ID_5b8816e1e8,-1.4898936700000007,31,1.2580645161290323,5.16301929,-0.04806108612903228,0.967741935483871,-0.5936692,1
C_ID_fce4137741,-134.41020943000015,200,1.135,0.09157156,-0.6720510471500007,0.615,0.09371443,1
C_ID_640ecdeb88,-20.0620161,43,2.13953488372093,2.8729789,-0.4665585139534884,0.8837209302325582,-4.12694254,1
C_ID_5235edfe15,43.53943818999998,217,1.0046082949308757,7.34036085,0.20064257230414737,0.9493087557603687,0.28307275,1
C_ID_5e3b8f992a,-161.16222407,225,0.08888888888888889,-0.50648361,-0.7162765514222222,0.8488888888888889,0.0,1
C_ID_b381f25859,-141.31559806,214,0.014018691588785047,0.4084807,-0.6603532619626169,0.9252336448598131,0.0,1
C_ID_3d69946e10,-230.27164632999998,401,1.1945137157107233,16.8569513,-0.5742435070573566,0.9476309226932669,0.0,1
C_ID_ce8fd4a635,-24.428690350000007,51,1.4705882352941178,0.60547827,-0.4789939284313727,1.0,0.55886123,1
C_ID_5c3eb28be7,-9.997273539999998,15,1.0,-0.58477173,-0.6664849026666666,1.0,0.33847089,1
C_ID_6bf85b2542,-61.62709082000001,96,1.1770833333333333,0.28726183,-0.6419488627083334,0.96875,-1.70492526,1
C_ID_ca7d0a0921,-52.30928614000002,97,1.3505154639175259,2.24643346,-0.5392709911340208,0.9072164948453608,0.14620333,1
C_ID_03ce4ae5ca,-5.35073046,17,3.1176470588235294,0.32282958,-0.3147488505882353,0.6470588235294118,0.0,1
C_ID_34cbfb4473,-9.666269540000002,14,0.0,-0.59007609,-0.6904478242857144,1.0,1.78009449,1
C_ID_e75f9887f5,-1.7391534400000002,15,3.7333333333333334,1.20503609,-0.11594356266666668,1.0,4.38804874,1
C_ID_321bc879b3,-36.18436633,53,1.0943396226415094,-0.56658965,-0.6827238930188679,0.9056603773584906,-0.08899527,1
C_ID_861ea2b01f,19.857264869999995,21,0.9047619047619048,25.95497827,0.9455840414285712,1.0,-0.45063897,1
C_ID_f760a14681,-33.827187480000006,52,1.1923076923076923,-0.24081488,-0.6505228361538463,0.8653846153846154,0.04685683,1
C_ID_7688ec3b4f,-155.97920459999997,235,1.0936170212765957,0.60547827,-0.6637412961702126,0.9829787234042553,0.3071314,1
C_ID_ff7d460702,-8.98992623,24,1.5833333333333333,2.89469221,-0.37458025958333335,0.875,0.74501917,1
C_ID_ff87e9cb10,-17.24406431,24,0.0,-0.61166919,-0.7185026795833332,0.9166666666666666,0.0,1
C_ID_7afe3399ce,-23.031540340000003,49,2.163265306122449,1.40188339,-0.47003143551020415,0.7755102040816326,0.0,1
C_ID_934036cdc4,-13.736095090000003,19,0.05263157894736842,-0.70032561,-0.7229523731578948,0.8947368421052632,0.0,1
C_ID_c278587bec,-0.7059906,7,2.0,1.0908346,-0.10085580000000001,0.8571428571428571,2.24963945,1
C_ID_52b3fd305a,-101.05999368,185,0.0,1.05627362,-0.5462702361081081,0.9297297297297298,-0.78904347,1
C_ID_b809f152e3,9.035531690000001,9,3.6666666666666665,5.78661953,1.0039479655555557,0.7777777777777778,1.27159642,1
C_ID_237fc3d305,-303.78696208999975,545,0.007339449541284404,2.01646772,-0.5574072698899077,0.9302752293577982,0.0,1
C_ID_9b47da175c,-79.83053777999997,110,0.0,-0.59664268,-0.7257321616363633,0.9363636363636364,0.0,1
C_ID_6bfb3a854b,-20.601227460000008,32,1.125,-0.02154802,-0.6437883581250002,0.9375,0.0,1
C_ID_7fca610388,-1.1609633499999998,13,2.4615384615384617,2.52954797,-0.08930487307692306,1.0,-0.88954024,1
C_ID_5449ec9e1f,23.69682415000001,19,8.368421052631579,10.77050778,1.2472012710526321,0.8421052631578947,1.86157265,1
C_ID_576e7fb93a,-66.0925043,99,0.050505050505050504,-0.25531546,-0.6676010535353536,0.9292929292929293,0.0,1
C_ID_6c39d79cd1,-31.598740780000004,60,1.6,3.10288453,-0.5266456796666668,0.9333333333333333,-0.21464067,1
C_ID_d7247ffa1a,0.10592189999999894,48,0.16666666666666666,3.21107541,0.002206706249999978,0.9375,-0.28236968,1
C_ID_e422fe7fa4,-655.5202921200004,1137,1.1802990325417766,10.03311177,-0.5765349974670188,0.9727352682497801,0.29713744,1
C_ID_0867702e30,-102.79061206000002,166,0.012048192771084338,0.45521315,-0.6192205545783134,0.8795180722891566,0.0,1
C_ID_cccd01ce4b,-135.76979335000004,210,0.014285714285714285,1.37031269,-0.6465228254761907,0.9476190476190476,0.31562598,1
C_ID_055a35b87a,-38.655806760000004,66,3.242424242424242,0.49879003,-0.5856940418181819,0.8181818181818182,-0.27810431,1
C_ID_37eddcfeda,-7.09500797,11,1.0,-0.54400481,-0.6450007245454545,1.0,2.06238721,1
C_ID_63cfcfc8be,-23.141459280000003,70,0.02857142857142857,3.10739248,-0.33059227542857145,0.6571428571428571,0.0,1
C_ID_55e44c4c43,-15.893857089999997,25,1.0,-0.25438382,-0.6357542835999999,1.0,-0.41317604,1
C_ID_86727a5454,-4.43600659,7,0.8571428571428571,-0.5620817,-0.6337152271428571,0.8571428571428571,0.0,1
C_ID_e1a69cc762,-4.5823949,20,2.45,1.50706897,-0.22911974499999999,0.7,-2.55744391,1
C_ID_1f15f199d4,-2.64286291,5,1.0,-0.47034485,-0.528572582,1.0,3.74345877,1
C_ID_2f6cbbbdd5,-95.03368626999996,176,1.3181818181818181,1.95786433,-0.5399641265340906,0.8579545454545454,0.0,1
C_ID_89e63dc585,-27.45692318,53,3.188679245283019,0.00441779,-0.5180551543396227,0.7358490566037735,-0.06933064,1
C_ID_aa37d2492f,-73.92786844,110,0.10909090909090909,-0.32706706,-0.6720715312727272,0.7454545454545455,-1.60982581,1
C_ID_7ca12a1fe6,-26.985361199999993,43,0.27906976744186046,1.20503609,-0.6275665395348835,0.9534883720930233,0.59373969,1
C_ID_8a5af4d0b6,-63.10687155,102,0.0196078431372549,1.00247871,-0.6186948191176471,0.9803921568627451,-1.44376222,1
C_ID_7f15e8a802,-6.65787174,44,2.5454545454545454,3.98644342,-0.15131526681818183,0.9318181818181818,-4.23576332,1
C_ID_5d7d84177b,-13.54727191,21,0.0,-0.44086283,-0.6451081861904762,1.0,-0.22239242,1
C_ID_f8edb2d21e,-177.35868508999997,254,0.003937007874015748,-0.44667809,-0.6982625397244093,0.968503937007874,0.0,1
C_ID_8d120b33c1,-2.8814838899999997,11,2.0,3.52798455,-0.26195308090909086,1.0,0.0,1
C_ID_4369a4fbfb,-71.73229979999998,104,1.0576923076923077,-0.14584732,-0.6897336519230767,0.7019230769230769,0.0,1
C_ID_f88fb6cffe,-35.33926027,74,0.9864864864864865,5.52951592,-0.47755757121621617,0.9864864864864865,0.0,1
C_ID_eaccd0a1ca,-90.99968390999996,135,0.014814814814814815,-0.27357267,-0.6740717326666663,0.8740740740740741,-0.61048268,1
C_ID_4c968b50c8,-7.542978310000001,24,2.0,2.87388049,-0.31429076291666674,0.8333333333333334,0.0,1
C_ID_93042a487d,-332.3144639899997,497,0.012072434607645875,0.30494803,-0.6686407726156935,0.9235412474849095,-0.06805053,1
C_ID_0e00eb9ad1,-39.91118167999999,65,1.6,-3.9069E-4,-0.6140181796923075,0.7846153846153846,0.0,1
C_ID_a6675dde82,-32.87943537999998,50,1.48,-0.20354913,-0.6575887075999997,0.76,0.0,1
C_ID_12397f149a,-16.010372670000002,24,1.3333333333333333,-0.57515477,-0.6670988612500001,0.7916666666666666,0.0,1
C_ID_57b372e3cb,-43.3582034,65,0.0,-0.2293196,-0.6670492830769231,1.0,1.33318302,1
C_ID_4d919fe6d4,-7.6233852099999995,17,2.8823529411764706,0.52708495,-0.448434424117647,0.9411764705882353,-0.85097098,1
C_ID_b4878a41a6,-34.5842532,67,1.4029850746268657,0.83087594,-0.5161828835820895,0.9850746268656716,-0.64895743,1
C_ID_7ae4f41c43,-32.11348893,58,1.3103448275862069,1.3553012,-0.5536808436206897,1.0,0.0,1
C_ID_16fb4b64f5,-4.2527883699999975,62,2.903225806451613,3.90980821,-0.06859336080645158,0.9193548387096774,0.0,1
C_ID_73a338c089,-9.18675854,16,0.0625,-0.19399227,-0.57417240875,0.6875,0.01137126,1
C_ID_327bdfd7a5,-12.519834210000004,21,0.0,-0.30063542,-0.5961825814285716,0.8095238095238095,2.13810641,1
C_ID_61ce539967,-26.261173490000004,40,0.0,-0.20294807,-0.6565293372500001,0.925,0.0,1
C_ID_bc5bb0e571,-73.21810632000002,107,0.0,-0.51099156,-0.6842813674766357,0.9345794392523364,-0.34120534,1
C_ID_202880867f,-31.458032519999996,48,0.0,-0.05568825,-0.6553756774999999,0.9166666666666666,0.0,1
C_ID_1172d04dce,-11.40561832,19,0.0,-0.37291294,-0.6002957010526316,0.9473684210526315,0.0,1
C_ID_4c8c91178c,-125.09583083999999,185,1.1243243243243244,0.55877587,-0.6761936802162162,0.9945945945945946,0.0,1
C_ID_423c439778,-161.49444530000008,248,0.020161290322580645,0.05277311,-0.6511872794354842,0.9314516129032258,0.0,1
C_ID_609b970c2c,-26.982566270000003,48,0.9375,0.06151854,-0.5621367972916668,1.0,0.0,1
C_ID_1bfa22992c,-19.3873558,41,0.0,1.61225456,-0.4728623365853659,0.9024390243902439,0.0,1
C_ID_5430a12d3d,-19.414042830000003,58,2.8448275862068964,2.23603511,-0.3347248763793104,0.896551724137931,0.0,1
C_ID_5d4f71b4e7,-99.19171751000005,160,0.00625,0.98865432,-0.6199482344375002,0.94375,0.0,1
C_ID_4b44d2119f,-42.08354948,59,0.0,-0.6247122,-0.713280499661017,0.9322033898305084,0.0,1
C_ID_2887629ac7,-18.511986359999998,29,0.034482758620689655,-0.44637756,-0.6383443572413793,0.9655172413793104,-0.13405361,1
C_ID_33d22b82c9,-250.40944110999993,386,0.03367875647668394,-0.02563523,-0.6487291220466319,0.927461139896373,0.78687034,1
C_ID_0bfffd3832,-72.01545937000002,149,1.1476510067114094,4.99442183,-0.483325230671141,0.9865771812080537,0.22714856,1
C_ID_521e930048,-46.23295535999999,179,1.547486033519553,7.76220012,-0.2582846668156424,0.9050279329608939,0.0,1
C_ID_fac3e462c5,-59.75702647000002,93,0.053763440860215055,0.32297984,-0.6425486717204303,0.9247311827956989,-0.24995288,1
C_ID_e36dc9c0a4,-35.79590099000001,50,0.04,-0.54855784,-0.7159180198000001,0.86,-1.30851435,1
C_ID_b661557351,-38.61227497,62,0.03225806451612903,-0.06015113,-0.6227786285483872,0.967741935483871,0.99376119,1
C_ID_f02a63f84f,-13.06215601,19,1.263157894736842,-0.54420015,-0.687481895263158,0.8947368421052632,-1.51827969,1
C_ID_98527f921a,-14.789513650000002,20,0.0,-0.73141546,-0.7394756825000001,0.9,2.42021289,1
C_ID_016dd379fb,-47.29496918000001,75,1.1733333333333333,1.59706275,-0.6305995890666668,0.8266666666666667,0.0,1
C_ID_5ada807a93,8.442360160000002,12,3.1666666666666665,5.18510827,0.7035300133333334,0.8333333333333334,0.0,1
C_ID_bcd8e27046,-44.91930765,64,0.015625,0.07955035,-0.70186418203125,0.78125,-1.55908387,1
C_ID_1b787cd64b,-18.451940399999998,31,0.0,0.92211692,-0.5952238838709677,0.8387096774193549,-1.50146403,1
C_ID_37531bdb19,-118.39118166999998,181,0.027624309392265192,-0.34131219,-0.654094926353591,0.9337016574585635,-0.44051903,1
C_ID_f2e6ddb31f,29.248684449999992,54,1.5740740740740742,3.32587796,0.5416423046296295,0.7407407407407407,0.0,1
C_ID_4c41391b7c,-7.610672779999999,11,1.0,-0.52466569,-0.6918793436363635,1.0,0.0,1
C_ID_e747c23c15,-27.176137810000004,92,0.0,6.6460759,-0.2953928022826087,0.8260869565217391,-2.04228167,1
C_ID_2930adfafe,-9.737525260000002,15,0.06666666666666667,-0.50648361,-0.6491683506666668,0.9333333333333333,0.0,1
C_ID_b92d519c58,-3.57041941,11,3.0,0.58687544,-0.3245835827272727,0.9090909090909091,-1.23396252,1
C_ID_398576a47b,-16.74465815,68,2.1176470588235294,4.47931301,-0.24624497279411764,0.8382352941176471,0.0,1
C_ID_a3fc75109e,-42.33280930000001,85,0.0,0.75712582,-0.4980330505882354,0.8235294117647058,0.0,1
C_ID_976fe229f6,-41.57551819999999,60,0.016666666666666666,-0.47643058,-0.6929253033333331,0.8666666666666667,2.1639791,1
C_ID_99ee5daafc,-33.57415611,71,1.8873239436619718,1.537122,-0.47287543816901406,0.7887323943661971,0.23602395,1
C_ID_2294621cf2,-5.477088419999999,9,1.0,-0.44738434,-0.6085653799999999,1.0,-0.59170008,1
C_ID_932e70da0c,-16.510139389999996,23,0.0,-0.61166919,-0.7178321473913042,0.9565217391304348,0.0,1
C_ID_abb7a18402,-33.27132678999999,87,1.7471264367816093,1.65583144,-0.3824290435632183,0.9540229885057471,0.0,1
C_ID_975eee3f49,-32.04412659,53,1.3962264150943395,0.75424073,-0.6046061620754717,0.9245283018867925,-0.76247952,1
C_ID_3b0dd4d2e5,-115.96360366999994,162,1.0432098765432098,-0.38860062,-0.7158247140123453,0.808641975308642,-0.43528357,1
C_ID_0b18c80f2a,-71.59624971000001,99,0.0,-0.56673992,-0.7231944415151516,0.9494949494949495,0.0,1
C_ID_35791043b5,-7.5723101,11,0.0,-0.50648361,-0.6883918272727273,0.9090909090909091,0.0,1
C_ID_19b0417c04,-77.94241150000002,137,0.0,0.74071687,-0.5689227116788322,0.9708029197080292,0.0,1
C_ID_0b4c20c6bd,-89.21450428999998,131,0.0,0.15468291,-0.6810267503053433,0.9541984732824428,1.19670269,1
C_ID_8caab116b3,-11.940381850000003,24,1.0,1.50887216,-0.4975159104166668,1.0,0.0,1
C_ID_ea5f7e159b,-9.46539508,29,3.2758620689655173,0.70761347,-0.32639293379310347,0.7586206896551724,0.0,1
C_ID_082fec9698,-15.558510440000001,33,1.0,1.85120615,-0.4714700133333334,1.0,-2.29340371,1
C_ID_83f2c60bac,-31.586659420000004,58,0.0,0.57542524,-0.5445975762068966,0.9310344827586207,6.53880973,1
C_ID_1b435ed775,-26.023033350000002,37,0.08108108108108109,-0.63484007,-0.7033252256756757,0.918918918918919,0.0,1
C_ID_ab7cf41aac,-22.313964289999994,32,1.03125,-0.61166919,-0.6973113840624998,0.90625,0.0,1
C_ID_cb3a955dc2,-9.610295769999997,63,2.4126984126984126,2.57796339,-0.15254437730158726,0.8095238095238095,-1.71763177,1
C_ID_b826a4f79a,-53.61621700000002,134,1.9701492537313432,3.76104574,-0.40012102238805985,0.8283582089552238,0.0,1
C_ID_bf91efc456,-7.024683909999999,13,2.5384615384615383,-0.20808714,-0.5403603007692307,0.9230769230769231,-1.1022672,1
C_ID_6b316a2e2c,-187.43588475999996,323,1.6687306501547987,2.66471144,-0.5802968568421052,0.8854489164086687,0.0,1
C_ID_d78accb78b,-94.00004255000002,144,1.0833333333333333,1.05627362,-0.652778073263889,0.9861111111111112,-1.29589105,1
C_ID_3e51eca967,-2.11930916,3,1.0,-0.68695201,-0.7064363866666666,1.0,0.0,1
C_ID_02fffaf684,-64.30260631,90,0.0,-0.58164622,-0.7144734034444444,0.9222222222222223,-0.4234734,1
C_ID_f126be5680,-21.145833329999995,29,0.0,-0.67177524,-0.729166666551724,0.9655172413793104,-33.21928095,1
C_ID_a270cffb2e,-69.47214718000001,131,0.015267175572519083,0.04649203,-0.5303217341984734,0.9770992366412213,-1.265617,1
C_ID_60e83ae9fe,-12.54482325,18,0.2222222222222222,-0.58417067,-0.696934625,0.7777777777777778,-2.01040081,1
C_ID_4066cc41dd,-183.26653852000007,333,0.006006006006006006,2.5589248,-0.5503499655255257,0.954954954954955,0.0,1
C_ID_413238d6ba,-12.17007711,17,0.11764705882352941,-0.6276574,-0.7158868888235294,0.8235294117647058,0.0,1
C_ID_d67f74f1bb,-26.67972193,58,1.206896551724138,2.2806338,-0.4599952056896552,0.9827586206896551,1.38509472,1
C_ID_51a654a597,-51.73749721000002,80,0.0,-0.05555301,-0.6467187151250002,0.9,-1.07135172,1
C_ID_1e0e965a7d,-4.38003284,8,2.0,-0.29701403,-0.547504105,1.0,1.52233609,1
C_ID_05acfe87f0,-22.99062316000001,38,1.236842105263158,-0.33734519,-0.6050163989473687,0.9473684210526315,1.35234259,1
C_ID_c403bfedd3,-76.80002086999995,108,0.2962962962962963,-0.14584732,-0.7111113043518514,0.6759259259259259,0.0,1
C_ID_dc9ec8c986,-11.0038545,16,0.0,-0.22028866,-0.68774090625,0.9375,6.68575331,1
C_ID_79b2ed767a,-7.945884219999999,36,1.5555555555555556,2.50002087,-0.2207190061111111,0.9722222222222222,0.80001845,1
C_ID_a9ed1c9ce0,-8.908572750000001,36,4.277777777777778,2.25839456,-0.2474603541666667,1.0,0.51288662,1
C_ID_8689b9233e,-25.334203040000002,40,0.0,-0.22251259,-0.6333550760000001,0.925,-0.32061686,1
C_ID_0bb4130c8e,16.755086600000002,87,2.9655172413793105,11.22011604,0.1925872022988506,0.9310344827586207,0.72484278,1
C_ID_0da557afeb,-75.23969795999999,154,1.155844155844156,4.97036439,-0.4885694672727272,0.9935064935064936,-0.17774504,1
C_ID_3bb9129497,-51.04707409,73,0.0,-0.51360617,-0.6992749875342467,0.9863013698630136,0.73815391,1
C_ID_fe2f747791,-10.66263245,15,0.0,-0.65674872,-0.7108421633333334,0.8666666666666667,-1.50037717,1
C_ID_7226157abe,-42.46831833,60,0.0,-0.59664268,-0.7078053055000001,0.9166666666666666,0.0,1
C_ID_86cbb377f3,-17.64996043,28,0.03571428571428571,-0.23418819,-0.6303557296428571,0.9285714285714286,0.0,1
C_ID_d60c47def0,-37.3613028,59,2.4237288135593222,0.33252168,-0.633242420338983,0.8983050847457628,0.0,1
C_ID_e56a9a03c1,-23.40533986,42,1.4285714285714286,0.9060085,-0.5572699966666667,0.9523809523809523,3.79213826,1
C_ID_de640339ca,-97.57273108000007,176,1.5227272727272727,2.28243698,-0.5543905175000003,0.9090909090909091,0.11753074,1
C_ID_67787a77c7,-132.35489854,253,1.2371541501976284,7.1420109,-0.5231418914624506,0.9960474308300395,-0.81838478,1
C_ID_929e5398a0,-70.83427031000002,147,1.0476190476190477,3.91732147,-0.48186578442176886,0.9183673469387755,0.90496172,1
C_ID_edfc32a804,-8.28479214,14,2.9285714285714284,-0.20595337,-0.5917708671428572,0.7857142857142857,0.0,1
C_ID_bf42381eda,-46.58271255999999,71,1.676056338028169,-0.46140407,-0.6560945430985914,0.8450704225352113,0.0,1
C_ID_577af2d17c,-24.9033779,41,0.0,0.3334984,-0.6073994609756097,1.0,-1.68182532,1
C_ID_5bcd900dcc,-23.70274454,35,0.0,-0.49942115,-0.6772212725714286,0.8285714285714286,0.43134183,1
C_ID_c3ad3a86e8,-4.908575340000001,16,0.0,0.59940756,-0.3067859587500001,1.0,0.0,1
C_ID_6fc8702ab1,-5.85102316,8,0.0,-0.694315,-0.731377895,0.875,8.64024494,1
C_ID_749b7ab5bd,-27.250053219999995,48,2.8333333333333335,-0.25115312,-0.5677094420833332,0.9375,-0.86717283,1
C_ID_9d31c3671f,-58.978082090000015,83,0.0,-0.48770047,-0.7105793022891568,0.891566265060241,0.0,1
C_ID_759624c356,-113.36078639000004,210,1.2904761904761906,1.50706897,-0.5398132685238097,0.8047619047619048,1.65688467,1
C_ID_06f6635c3a,-14.431807529999999,21,1.2857142857142858,-0.3126416,-0.68722893,0.9047619047619048,-0.8640406,1
C_ID_408c56cb1b,-21.86636961999999,58,2.0172413793103448,1.80774948,-0.37700637275862053,0.8620689655172413,0.44604068,1
C_ID_d11afb21ee,-40.707631889999995,72,1.8333333333333333,1.23767367,-0.5653837762499999,0.8055555555555556,1.62904112,1
C_ID_fbaa030fd0,-68.58420041999999,105,0.009523809523809525,-0.43330449,-0.6531828611428571,0.7904761904761904,-1.78155145,1
C_ID_e0ef8276a7,-46.714525110000025,133,1.4887218045112782,6.323066,-0.35123703090225583,0.9924812030075187,0.0,1
C_ID_312b579375,-94.04866839999995,161,1.1304347826086956,6.7663481,-0.5841532198757761,0.9813664596273292,0.0,1
C_ID_8c6b1c527b,-38.08619677000001,61,1.0655737704918034,0.68061083,-0.62436388147541,0.9836065573770492,0.86978549,1
C_ID_03c558e73e,-43.01737205999998,63,0.9365079365079365,-0.16523152,-0.6828154295238091,0.7142857142857143,0.0,1
C_ID_20e2f637fd,-9.84840588,23,1.6956521739130435,1.20653874,-0.42819155999999997,1.0,2.39485443,1
C_ID_d593f74e14,-20.811959240000004,31,1.0,-0.57506461,-0.6713535238709679,0.7096774193548387,0.2510857,1
C_ID_da463a4c74,5116.841771210004,212,0.0,5259.18123071,24.136046090613224,0.9386792452830188,0.0,1
C_ID_9d2e1e2c4e,-37.42291153000001,61,0.01639344262295082,-0.34320553,-0.6134903529508198,0.9836065573770492,0.0,1
C_ID_c4f7926a32,-1.5662283700000008,28,1.6428571428571428,1.4809529,-0.055936727500000026,0.5,-1.58052765,1
C_ID_c179440021,11.34145512,4,5.75,3.68090936,2.83536378,0.75,0.0,1
C_ID_df22e8b183,-168.04583911,241,0.004149377593360996,-0.17669675,-0.697285639460581,0.975103734439834,0.0,1
C_ID_e6ff0f1f3d,-9.33688843,38,2.789473684210526,4.20452319,-0.2457075902631579,1.0,-2.16272921,1
C_ID_b0e56c09a6,-32.54027191999999,52,1.0769230769230769,-0.05568825,-0.6257744599999998,0.9615384615384616,-1.80119597,1
C_ID_8c60bda474,-48.73425353,90,1.211111111111111,0.93852587,-0.5414917058888888,0.9555555555555556,1.14514911,1
C_ID_f9aa2272f1,-19.42980571000001,71,1.5070422535211268,1.73246665,-0.27365923535211284,0.704225352112676,-1.17599266,1
C_ID_93b52871e6,-15.592425250000002,46,1.565217391304348,3.15998527,-0.3389657663043479,0.9782608695652174,-7.87218236,1
C_ID_47de6be639,-93.49139514999996,133,0.0,-0.52151012,-0.7029428206766914,0.9398496240601504,-0.25228758,1
C_ID_66cd141e46,-37.323796679999994,52,0.038461538461538464,-0.57410291,-0.7177653207692306,0.9230769230769231,0.0,1
C_ID_1b437aa510,-39.58854748999998,59,0.0,-0.44595682,-0.6709923303389828,0.8813559322033898,0.0,1
C_ID_da72cff52e,-104.12188584000003,155,1.2258064516129032,-0.29632281,-0.6717541021935486,0.9483870967741935,1.01236038,1
C_ID_2a50d71aae,-5.716265400000001,10,0.0,0.46651309,-0.5716265400000001,1.0,-0.52396605,1
C_ID_b4768461f9,7.221801689999998,47,2.404255319148936,6.7663481,0.15365535510638292,0.9361702127659575,2.20472112,1
C_ID_5e75bcc962,-25.358771379999997,39,0.02564102564102564,0.30344538,-0.6502249071794871,0.8974358974358975,1.5856099,1
C_ID_2e5e3615d5,-2.43447523,7,1.2857142857142858,0.67009227,-0.3477821757142857,1.0,0.0,1
C_ID_11b85c08cb,-10.807668360000001,24,1.8333333333333333,0.4701495,-0.45031951500000006,0.9583333333333334,0.84779827,1
C_ID_be54c53f49,-28.736535879999995,42,1.1666666666666667,-0.51226881,-0.6842032352380951,0.8809523809523809,0.72653482,1
C_ID_fc917bb020,-39.71170474000001,59,0.0,1.65733409,-0.6730797413559324,0.9661016949152542,-1.39051331,1
C_ID_8da4f0d552,-13.43876549,21,0.14285714285714285,-0.46077296,-0.6399412138095238,0.8571428571428571,0.0,1
C_ID_587cbcbbe0,-94.57990053000002,150,1.0,0.06596639,-0.6305326702000001,0.86,-0.409099,1
C_ID_40dfb32a42,-1.66370533,13,2.769230769230769,0.83125161,-0.12797733307692308,0.7692307692307693,-2.00572947,1
C_ID_234f81c5b1,-28.136151629999997,44,1.1136363636363635,0.89068146,-0.639457991590909,0.6363636363636364,0.0,1
C_ID_ee017f1c4b,-12.71435236,19,0.10526315789473684,-0.53100687,-0.66917644,0.8421052631578947,-2.48250686,1
C_ID_eb38ebedc9,-13.296539549999999,19,0.05263157894736842,-0.6236904,-0.6998178710526315,0.7894736842105263,1.35965856,1
C_ID_800a4c5c12,-52.84444026999999,83,0.0,1.01422944,-0.636680003253012,0.9759036144578314,-0.90862093,1
C_ID_c80aa38627,-7.60953077,13,1.6153846153846154,-0.24318907,-0.5853485207692308,0.9230769230769231,0.81399293,1
C_ID_0df77cbc45,-152.08846472999997,274,0.0072992700729927005,1.44317625,-0.5550673895255474,0.9781021897810219,0.55603796,1
C_ID_210d3918f0,-109.46752245000008,166,0.024096385542168676,0.76926724,-0.6594429063253017,0.9518072289156626,0.19133114,1
C_ID_6ac7e91538,-144.26428049999996,203,0.009852216748768473,-0.37274765,-0.7106614802955663,0.9458128078817734,0.0,1
C_ID_425535f30a,-17.7351157,33,1.0,1.9278113,-0.5374277484848485,0.7575757575757576,0.0,1
C_ID_5c3774c77b,-92.55165211999994,146,0.00684931506849315,0.96025421,-0.6339154254794517,0.9246575342465754,-33.21928095,1
C_ID_651610af91,-28.248189269999997,42,1.0476190476190477,-0.32331043,-0.6725759349999999,1.0,-0.7508628,1
C_ID_348ba48b28,3.3241799700000003,25,1.0,7.20211694,0.13296719880000002,0.92,0.0,1
C_ID_f72b201ef9,-13.42223632,20,1.5,-0.46143412,-0.671111816,0.7,0.0,1
C_ID_22ee731e90,-274.8286497100001,387,0.0,-0.4122223,-0.7101515496382431,0.9715762273901809,0.34177489,1
C_ID_9d081c1623,-38.37019789000001,59,1.0847457627118644,0.19750847,-0.6503423371186442,1.0,0.0,1
C_ID_f00b3d1a2b,-20.350795610000002,39,0.0,1.19272937,-0.5218152720512821,0.9743589743589743,0.0,1
C_ID_b520a6c10b,2.594943380000002,33,0.6060606060606061,3.61084073,0.07863464787878793,0.8787878787878788,0.67272494,1
C_ID_fdb18ddcb3,3.4493508200000003,11,5.090909090909091,2.99980266,0.3135773472727273,0.9090909090909091,0.06254416,1
C_ID_1dc1970eaf,-97.28710708000007,174,1.5747126436781609,1.14709386,-0.5591213050574717,0.8793103448275862,-0.69513467,1
C_ID_f10b868ad3,-25.971447339999994,38,0.02631578947368421,-0.5590764,-0.6834591405263156,0.9473684210526315,-33.21928095,1
C_ID_7d515b81f8,-9.1146463,14,0.0,-0.32932103,-0.6510461642857143,0.9285714285714286,-1.10470062,1
C_ID_721f30a8c1,-83.85671128,116,0.06896551724137931,-0.58172135,-0.7229026834482759,0.7931034482758621,-1.16339234,1
C_ID_8edcdb6abb,-5.62876602,13,0.0,0.15468291,-0.4329820015384615,1.0,0.3300764,1
C_ID_30d54389a0,-18.544533769999994,40,2.275,1.813715,-0.46361334424999984,0.9,-0.56909979,1
C_ID_2d9c5cf254,-23.279357609999995,32,0.0625,-0.67177524,-0.7274799253124998,0.75,0.0,1
C_ID_49dc1dd1a3,-16.818137809999996,25,0.0,-0.371245,-0.6727255123999999,0.96,2.93536545,1
C_ID_ccdb22804e,-74.62230372000002,111,1.117117117117117,-0.02864053,-0.6722730064864867,0.9099099099099099,0.0,1
C_ID_99cb1216ce,-132.83030719000004,265,1.049056603773585,2.0480234,-0.5012464422264152,0.8867924528301887,0.0,1
C_ID_aeb87c61a3,-14.78865713,22,1.0909090909090908,-0.52902337,-0.6722116877272728,1.0,0.0,1
C_ID_994e3517c5,-36.06616783000001,51,0.0196078431372549,-0.30203289,-0.7071797613725492,0.7058823529411765,1.0484635,1
C_ID_904a7f6f16,-26.06689573,37,0.0,-0.63420896,-0.7045106954054053,1.0,0.0,1
C_ID_eed8d5f528,-164.31459094000013,226,0.01327433628318584,-0.45999158,-0.7270557121238944,0.9734513274336283,-0.48745261,1
C_ID_532a8ed589,-188.77189184000017,263,0.0,-0.177403,-0.7177638473003809,0.8517110266159695,-1.5982323,1
C_ID_2fb91c0b76,-31.455252570000006,47,0.0,-0.20751613,-0.6692606929787235,0.9574468085106383,-2.95681077,1
C_ID_3384c9086c,-16.44699802,26,0.9615384615384616,-0.46609234,-0.6325768469230769,1.0,0.34262783,1
C_ID_972c58902b,-17.31045143,26,0.0,-0.50648361,-0.6657865934615385,0.9615384615384616,1.2067398,1
C_ID_0426e52631,-213.4616826799999,313,1.0830670926517572,0.15468291,-0.6819862066453671,0.9137380191693291,0.21387493,1
C_ID_8ae47f6015,-31.41628878,45,0.0,-0.50648361,-0.6981397506666667,0.8888888888888888,0.0,1
C_ID_183ddb2869,-30.831772559999994,65,0.015384615384615385,1.2478917,-0.4743349624615384,0.8307692307692308,-0.65861553,1
C_ID_e3c735753b,-4.26497485,9,1.6666666666666667,0.15468291,-0.4738860944444444,1.0,0.0,1
C_ID_34145ea566,-108.52270033999999,167,1.0598802395209581,2.64908387,-0.6498365289820358,0.9940119760479041,0.65300004,1
C_ID_c4cc204c02,-41.97501293999999,59,0.0,-0.52166038,-0.7114408972881354,1.0,0.0,1
C_ID_ea20871825,-24.430433489999995,69,1.3478260869565217,2.09911354,-0.3540642534782608,0.9420289855072463,0.54965633,1
C_ID_a5ad09e72c,-1.5800226599999996,42,3.4761904761904763,2.72722173,-0.03761958714285713,0.9285714285714286,-0.18367588,1
C_ID_a4ed7b96e4,-70.43657875000001,102,0.0,-0.49145709,-0.690554693627451,0.8921568627450981,1.28848621,1
C_ID_619ada3be2,-59.905338130000004,138,1.2028985507246377,2.28694494,-0.43409665311594203,0.9782608695652174,0.0,1
C_ID_671aa3d74d,57.87769057999999,142,1.091549295774648,17.31180382,0.40758937028169007,0.971830985915493,0.0,1
C_ID_60818ad54c,-36.04138904999999,53,1.0754716981132075,-0.53004518,-0.6800262084905659,0.9622641509433962,-0.05821688,1
C_ID_4ab79b104e,-8.33517604,15,1.2,0.12461486,-0.5556784026666667,0.8,0.38444918,1
C_ID_8aea588fa8,-9.139965940000002,13,0.0,-0.63009169,-0.7030743030769232,0.6923076923076923,-1.04346084,1
C_ID_36b8a69099,-6.46347374,10,0.0,-0.44788021,-0.6463473740000001,1.0,2.54150476,1
C_ID_b4255503b8,-8.879120729999999,17,1.8823529411764706,0.35122969,-0.5223012194117647,1.0,0.37962781,1
C_ID_aa68dde477,-19.377257980000003,30,0.9,-0.371245,-0.6459085993333334,0.7,-2.04375822,1
C_ID_0675841205,-27.382076159999997,41,1.1219512195121952,-0.44639259,-0.6678555160975609,0.9512195121951219,0.0,1
C_ID_c0f2eee7c0,-71.73604139999996,99,0.0,-0.35035815,-0.7246064787878784,0.9696969696969697,-0.88234604,1
C_ID_ce54352319,-26.669443809999997,42,1.5,-0.04066174,-0.6349867573809523,0.9047619047619048,-0.22932425,1
C_ID_1c0d609a41,-75.77307906000001,121,1.7107438016528926,0.87595548,-0.6262237938842976,0.9256198347107438,-1.421539,1
C_ID_2122e3cffd,-24.607310560000005,40,1.375,1.09173619,-0.6151827640000002,0.8,0.0,1
C_ID_8dcb718c3b,6.0707558399999995,19,0.10526315789473684,5.2204957,0.3195134652631579,0.8947368421052632,0.51445604,1
C_ID_68f5dc8e49,-98.41956504000002,150,1.1933333333333334,2.20730442,-0.6561304336000001,1.0,3.52955692,1
C_ID_2aa415e15b,-40.970821180000016,61,0.0,-0.3354819,-0.6716528062295084,0.9344262295081968,2.63301146,1
C_ID_db8f3418b4,-32.289148880000006,47,0.0,-0.56658965,-0.6870031676595746,0.9787234042553191,0.65141095,1
C_ID_79d7a8ee55,-11.323618660000001,20,1.45,-0.03615379,-0.566180933,0.85,1.13613589,1
C_ID_0d1c0a1d14,-76.19186795,120,0.008333333333333333,0.24484198,-0.6349322329166667,0.95,0.0,1
C_ID_0283375f1a,-76.18701442,115,0.008695652173913044,-0.34119198,-0.6624957775652174,0.9304347826086956,0.0,1
C_ID_22b7e64012,-7.016058669999999,15,2.1333333333333333,0.17869528,-0.4677372446666666,0.8666666666666667,0.0,1
C_ID_87d0d2fd99,-236.89310864,336,0.03273809523809524,-0.39575324,-0.7050390138095238,0.8065476190476191,0.02140495,1
C_ID_c78a2b6fc3,-22.025079619999996,31,0.03225806451612903,-0.64621514,-0.7104864393548386,0.8709677419354839,-2.28909775,1
C_ID_52de53062f,38.617098459999994,49,1.9387755102040816,8.26899928,0.7881040502040815,0.7755102040816326,-33.21928095,1
C_ID_388766676a,-2.6071749299999993,7,2.142857142857143,0.54356904,-0.37245356142857133,1.0,-1.12042402,1
C_ID_7490a76f22,-50.864501989999994,80,1.7,-0.14481049,-0.635806274875,0.9375,0.0,1
C_ID_7315058519,-25.782999869999998,48,0.020833333333333332,0.02846021,-0.537145830625,0.9583333333333334,0.0,1
C_ID_04e5966129,-0.08222506999999984,10,2.7,2.20129382,-0.008222506999999985,1.0,-0.40285276,1
C_ID_23a5e54277,-7.24090037,58,1.4655172413793103,10.71884663,-0.12484310982758622,0.9482758620689655,2.33299487,1
C_ID_760b84a299,-3.2344717000000003,8,0.0,1.58731055,-0.40430896250000004,1.0,2.83008056,1
C_ID_fb2b0a2eb6,-28.85326178999999,42,0.047619047619047616,-0.24351965,-0.6869824235714284,0.9047619047619048,1.12624911,1
C_ID_080e8d1866,-8.84445458,17,3.0,0.60397562,-0.5202620341176472,1.0,0.0,1
C_ID_a63d37c77d,-193.49434889999995,285,0.014035087719298246,0.0467024,-0.6789275399999998,0.9298245614035088,0.0,1
C_ID_12afe2095e,-13.119256739999999,19,0.0,-0.36072644,-0.6904871968421052,0.5263157894736842,0.0,1
C_ID_a39c3a8e27,-66.05145188,99,0.0,0.15468291,-0.6671863826262626,0.8888888888888888,0.0,1
C_ID_02255e85c8,-16.807168470000004,24,0.0,-0.47124644,-0.7002986862500001,0.9583333333333334,-0.61327539,1
C_ID_791f13b0ad,-29.060853089999995,41,0.0,-0.5953504,-0.7088012948780487,0.926829268292683,-1.12346452,1
C_ID_2bd518d064,-106.68041989999999,206,1.6504854368932038,3.6388201,-0.5178661160194175,0.9077669902912622,1.30363181,1
C_ID_c816cc02ed,-6.09062089,12,1.75,0.18108449,-0.5075517408333333,0.8333333333333334,0.0,1
C_ID_4905033daf,0.2905075400000001,8,1.75,0.6607608,0.036313442500000015,0.625,-0.20309218,1
C_ID_99b5c3fd72,-59.422145520000036,83,0.03614457831325301,-0.56118011,-0.715929464096386,0.8795180722891566,-1.1352916,1
C_ID_1d236d6662,-21.73291915,32,0.03125,-0.3553169,-0.6791537234375,0.84375,-0.82257806,1
C_ID_3106acd863,-30.99846170000001,46,1.065217391304348,-0.47643058,-0.6738796021739133,0.9565217391304348,0.0,1
C_ID_fe9e10ba5f,-85.57649556,122,0.02459016393442623,-0.22097988,-0.7014466849180327,0.9426229508196722,0.14997692,1
C_ID_d7ee696909,-95.39254937000004,134,1.007462686567164,-0.49147212,-0.711884696791045,0.9552238805970149,0.0,1
C_ID_56bcfc68f5,-28.927823370000006,43,0.023255813953488372,-0.33244655,-0.6727400783720932,0.9767441860465116,-0.40533961,1
C_ID_534ceab90b,1.2818215699999995,18,1.8888888888888888,2.35231026,0.07121230944444441,0.8888888888888888,0.83736141,1
C_ID_5bcfe8c1be,-95.65111048000003,138,0.007246376811594203,-0.13516347,-0.6931239889855074,0.9782608695652174,-0.54169042,1
C_ID_3e87d0fe8d,-30.895515029999995,53,1.528301886792453,0.75424073,-0.5829342458490565,0.8113207547169812,0.70604721,1
C_ID_745283520a,-39.192568820000005,55,0.07272727272727272,-0.43803785,-0.7125921603636365,0.7272727272727273,0.0,1
C_ID_144a1da76c,-5.139142140000001,91,1.098901098901099,11.4398337,-0.05647408945054946,0.967032967032967,0.0,1
C_ID_91582cdf06,-9.013683159999998,21,0.7142857142857143,1.04124711,-0.4292230076190475,1.0,0.0,1
C_ID_85f83137e5,-4.162599220000001,7,0.0,-0.06252532,-0.5946570314285715,1.0,0.0,1
C_ID_2a1fbab217,-9.396453490000003,13,0.0,-0.70633621,-0.7228041146153849,0.8461538461538461,0.0,1
C_ID_7e2ac3d13c,-25.07089346,36,0.0,-0.47295946,-0.6964137072222223,0.9444444444444444,-0.68391273,1
C_ID_af4c54078b,-65.58217386999998,101,0.0,0.47023966,-0.6493284541584157,0.9504950495049505,0.0,1
C_ID_0798f3a585,-22.93090784,33,0.0,-0.48368839,-0.6948759951515151,0.7575757575757576,-2.18042457,1
C_ID_60c612b5fb,-1.53166737,5,0.0,0.41764687,-0.306333474,1.0,0.0,1
C_ID_d9b204c452,7.87937684,35,4.828571428571428,2.26287246,0.22512505257142856,0.6285714285714286,0.70712517,1
C_ID_0b71955d7c,-7.949475539999998,13,1.0,-0.49897035,-0.6114981184615383,0.5384615384615384,-0.17897445,1
C_ID_2acbde78e2,-113.24219713000004,179,1.2067039106145252,0.16069352,-0.6326379727932963,0.9050279329608939,-0.04642477,1
C_ID_aa30536cbb,-9.863537580000001,17,2.9411764705882355,-0.26416608,-0.5802080929411765,1.0,0.0,1
C_ID_bfc6f6a80b,-30.502706970000002,52,1.2115384615384615,4.51708966,-0.5865905186538461,0.9615384615384616,0.0,1
C_ID_892f3f929a,-31.276452139999996,62,0.016129032258064516,0.38008059,-0.504458905483871,0.8870967741935484,-1.65523797,1
C_ID_342ae1ec74,-24.06704733,37,0.0,-0.14584732,-0.6504607386486487,0.972972972972973,0.68209903,1
C_ID_f982c1ef8f,-95.21987972999999,146,0.02054794520547945,1.12239027,-0.6521909570547945,0.863013698630137,-0.87862704,1
C_ID_8a3a34ef2d,-24.770558579999996,40,0.0,0.75635947,-0.6192639644999999,0.9,1.91078131,1
C_ID_f205835e11,-27.21669434999998,66,0.030303030303030304,1.43446087,-0.4123741568181815,0.8939393939393939,0.0,1
C_ID_9f54a92fcc,-23.998541440000004,33,0.030303030303030304,-0.65674872,-0.7272285284848486,0.8484848484848485,0.0,1
C_ID_1a55d5d08f,-11.461156330000001,19,1.5789473684210527,-0.41527268,-0.6032187542105264,1.0,-0.37679003,1
C_ID_9074769bcc,-14.57794036,23,0.0,0.04049645,-0.6338234939130435,0.8260869565217391,2.24684999,1
C_ID_6c3725049e,-92.69106810999997,135,1.2074074074074075,0.16066346,-0.6866005045185183,0.9703703703703703,-0.52528008,1
C_ID_2fd9caddc1,-64.85401918999996,114,1.0701754385964912,0.12312724,-0.5688949051754383,0.5350877192982456,0.23983322,1
C_ID_18fcb1b98a,-12.432049289999998,24,3.25,-0.00664172,-0.51800205375,0.8333333333333334,0.0,1
C_ID_596e489e23,-18.18165853,26,0.0,-0.52148007,-0.6992945588461539,1.0,-0.08008061,1
C_ID_e5dd061bbd,-41.838271739999996,68,1.1029411764705883,2.2582443,-0.6152687020588234,0.8970588235294118,-0.02072266,1
C_ID_c913838878,-39.34045967000001,88,2.0113636363636362,0.22395513,-0.44705067806818194,0.4772727272727273,0.0,1
C_ID_965a9cdb46,-9.09771141,14,1.1428571428571428,-0.10087297,-0.6498365292857143,1.0,0.0,1
C_ID_4e59295629,-25.5198405,40,1.225,-0.36024559,-0.6379960125,0.975,0.0,1
C_ID_e7fa28712a,-8.946078920000005,171,1.8538011695906433,7.57026648,-0.052316250994152075,0.9064327485380117,-2.13119195,1
C_ID_1afb54c97b,-33.752190219999996,61,1.0163934426229508,0.30421173,-0.5533145937704917,0.8852459016393442,-0.50205019,1
C_ID_88a933d5b5,-235.98253211000008,337,0.04747774480712166,2.25839456,-0.7002449024035611,0.9258160237388724,-1.18418793,1
C_ID_3bd7682969,-8.89733287,14,0.0,-0.38015572,-0.6355237764285714,0.7857142857142857,0.47139406,1
C_ID_4a3cae0f22,-93.32475114000002,155,0.04516129032258064,0.75378994,-0.6020951686451614,0.864516129032258,-0.98216237,1
C_ID_2de9962b69,-40.131725819999986,60,0.0,-0.14734997,-0.6688620969999998,0.9833333333333333,0.0,1
C_ID_057668100f,-20.713069760000003,30,0.06666666666666667,-0.29611244,-0.6904356586666668,0.9333333333333333,0.0,1
C_ID_fb37905e67,-16.26209676,29,1.793103448275862,1.59377195,-0.5607619572413792,1.0,0.0,1
C_ID_daca1c9f76,-91.59886607999998,186,1.2795698924731183,3.42769761,-0.49246702193548375,0.9946236559139785,1.25972339,1
C_ID_64e4ebb2d4,-3.9761502600000003,32,3.96875,1.66728164,-0.12425469562500001,0.875,0.0,1
C_ID_861213c021,-302.94684469,461,0.006507592190889371,0.9187059,-0.6571515069197397,0.9370932754880694,-6.8842164,1
C_ID_99dc29fb73,-21.446919549999997,31,0.0967741935483871,-0.53814447,-0.6918361145161289,0.8064516129032258,-0.74824843,1
C_ID_d2fe7ebc5a,-209.97066355999985,332,0.012048192771084338,0.30344538,-0.6324417577108429,0.9668674698795181,0.0,1
C_ID_56d0a2fd18,-27.224553209999993,62,1.5483870967741935,1.27866599,-0.43910569693548374,0.8548387096774194,0.0,1
C_ID_36c9b73325,-10.99918124,18,1.2777777777777777,1.00307977,-0.6110656244444445,1.0,-2.75620412,1
C_ID_2c10fdf814,-36.251069050000005,70,1.1571428571428573,0.68256427,-0.517872415,1.0,0.0,1
C_ID_404881cece,-4.793742770000001,7,0.0,-0.65771042,-0.6848203957142858,0.8571428571428571,1.07996481,1
C_ID_516f274bb0,-156.26849495000008,223,0.0,-0.48394384,-0.7007555827354264,0.9551569506726457,0.0,1
C_ID_b2663d25bb,-30.658847489999996,45,1.3777777777777778,-0.34705232,-0.6813077219999999,0.9333333333333333,0.0,1
C_ID_9a0ac58d06,-181.8293127500001,288,1.1875,2.23199298,-0.6313517803819448,0.9791666666666666,-6.5906179,1
C_ID_8b64c4f585,-15.947892439999997,27,0.0,-0.11997167,-0.5906626829629629,1.0,1.66252319,1
C_ID_a8dda93dd9,-25.12109704,42,0.0,0.75574338,-0.598121358095238,0.9285714285714286,0.0,1
C_ID_f73a01508d,-29.540799830000005,46,1.4565217391304348,-0.3533334,-0.642191300652174,0.5869565217391305,0.0,1
C_ID_f0580eebad,-109.90655198999993,163,0.006134969325153374,1.58220153,-0.6742733250920241,0.9079754601226994,0.65214014,1
C_ID_0849a46e0e,-9.792402070000001,15,0.0,-0.47032982,-0.6528268046666668,0.9333333333333333,-1.06749262,1
C_ID_3a18e8d331,-7.813410510000001,20,1.85,0.15468291,-0.39067052550000003,0.7,-0.13180756,1
C_ID_b73f351d51,-90.38329641999998,142,1.204225352112676,-0.08574128,-0.6365020874647885,0.971830985915493,0.25699523,1
C_ID_71d5d85123,-23.403807199999992,45,1.4,0.35002757,-0.5200846044444443,0.8,-0.03451949,1
C_ID_94f8dcc582,-24.14377269000001,46,1.5434782608695652,1.3553012,-0.5248646236956523,0.9347826086956522,0.0,1
C_ID_4f34c947e4,-19.223837300000003,33,1.8484848484848484,0.38482897,-0.5825405242424243,0.696969696969697,0.43563475,1
C_ID_b9d8d1e4df,-10.9862584,35,2.5714285714285716,1.22061858,-0.3138930971428572,0.9428571428571428,-0.25389642,1
C_ID_adfaf2333b,-62.778662550000014,96,1.3229166666666667,0.06587623,-0.6539444015625001,0.9791666666666666,0.0,1
C_ID_cbd1dadf7f,7.187436039999999,11,5.545454545454546,3.31025039,0.6534032763636363,0.6363636363636364,0.0,1
C_ID_30af1ba093,-273.4357371999998,435,1.0229885057471264,2.02548363,-0.6285879016091949,0.9816091954022989,0.0,1
C_ID_ace701130c,-84.18203526999999,133,1.2481203007518797,1.59416264,-0.6329476336090224,0.7744360902255639,0.0,1
C_ID_38d623825e,-103.04855716,153,1.2222222222222223,-0.35624854,-0.6735199814379085,0.8496732026143791,-0.17464559,1
C_ID_fce8bcf40e,-20.42332858,42,0.30952380952380953,0.13962635,-0.4862697280952381,0.7380952380952381,0.30392469,1
C_ID_67841a1522,-102.86793853000002,147,0.0,-0.46891733,-0.6997818947619049,0.8571428571428571,0.50673864,1
C_ID_4777c57529,-16.442745480000003,30,1.2,0.01540217,-0.5480915160000001,0.8666666666666667,-0.83697073,1
C_ID_ed198e9609,-3.46876509,18,0.05555555555555555,0.37256733,-0.19270917166666668,0.5,1.59179249,1
C_ID_33deae0b40,-69.25711770999999,102,0.00980392156862745,1.20653874,-0.6789913500980391,0.8921568627450981,0.0,1
C_ID_4f81a4c49f,-129.80371220999996,193,0.010362694300518135,-0.10333732,-0.6725580943523314,0.9067357512953368,0.82413628,1
C_ID_9d1ae97e39,-18.26528107,29,1.0344827586206897,-0.26257327,-0.6298372782758621,0.7931034482758621,0.0,1
C_ID_1f4d04d4eb,-148.43811950000003,210,0.014285714285714285,-0.4110352,-0.7068481880952382,0.9619047619047619,-1.35931146,1
C_ID_976538d16a,-52.35547758000002,81,1.0987654320987654,-0.35491118,-0.646363920740741,0.7530864197530864,0.76133625,1
C_ID_82926b25e6,-25.439223310000003,35,0.0,-0.6398439,-0.7268349517142858,1.0,-1.06617758,1
C_ID_15d4d79be9,-22.06745439,33,0.12121212121212122,-0.49897035,-0.6687107390909092,0.7878787878787878,-1.35366874,1
C_ID_78d11a31c3,-26.448103339999996,42,1.6904761904761905,0.0367849,-0.6297167461904761,0.9523809523809523,0.0,1
C_ID_a8558b5c7e,-7.238270750000001,19,1.7894736842105263,0.53034571,-0.3809616184210527,0.8421052631578947,-0.12289477,1
C_ID_f5f5d7138e,-27.958598340000005,39,0.02564102564102564,-0.65001685,-0.716887136923077,0.8717948717948718,-1.12689988,1
C_ID_2dc8478a53,-9.758547319999998,17,1.411764705882353,-0.09776249,-0.5740321952941175,0.8823529411764706,0.0,1
C_ID_beeb263b31,-50.55802127999999,76,1.1842105263157894,-0.38627151,-0.6652371221052631,0.9210526315789473,0.0,1
C_ID_10facfadea,-7.928453480000001,20,2.1,1.4315307,-0.39642267400000003,0.9,0.0,1
C_ID_c6539962f7,7445.296770059999,100,1.05,7512.72389914,74.4529677006,0.87,0.0,1
C_ID_4398846bc3,-22.709777690000003,33,0.0,-0.46891733,-0.6881750815151516,1.0,-1.97894778,1
C_ID_54accf390e,3.13484593,11,2.5454545454545454,2.49701557,0.2849859936363636,0.8181818181818182,0.0,1
C_ID_7705aa2259,-4.25295364,12,2.1666666666666665,1.9804041,-0.35441280333333336,0.9166666666666666,0.30772281,1
C_ID_0d16b826e6,1.36053042,5,6.0,1.45653481,0.27210608399999997,1.0,5.19612378,1
C_ID_fa78d35237,-1.1636680899999998,14,4.071428571428571,3.24263109,-0.08311914928571427,0.9285714285714286,-0.77392513,1
C_ID_64fa063867,-20.36286191,34,1.3529411764705883,-0.43334957,-0.5989077032352941,0.7941176470588235,0.0,1
C_ID_fe871fa99c,-81.19139896000003,128,1.2421875,0.60397562,-0.6343078043750002,0.59375,0.0,1
C_ID_2a5f9e0d33,-16.408710470000003,30,0.0,0.9060085,-0.5469570156666668,0.8333333333333334,-0.55937458,1
C_ID_d5fa4b86d6,3.6844556100000005,42,2.119047619047619,8.26899928,0.08772513357142858,0.9047619047619048,-0.17627185,1
C_ID_0b63be9c21,-87.43389262999999,140,0.007142857142857143,-0.1565462,-0.6245278044999999,0.9428571428571428,0.0,1
C_ID_2ecd02c358,-128.30161705,183,0.01092896174863388,0.00441779,-0.7011017325136613,0.8743169398907104,5.57694197,1
C_ID_81663c11c0,-29.238947330000013,64,1.140625,14.12933888,-0.4568585520312502,0.953125,-0.69702569,1
C_ID_bcc185d755,-18.255874459999994,29,0.0,-0.31794596,-0.6295129124137929,0.9655172413793104,0.0,1
C_ID_b31ae00a50,-36.1448917,76,1.9342105263157894,0.57758906,-0.47559068026315793,0.7236842105263158,-2.33957955,1
C_ID_7ef46ce401,-15.69063855,27,1.3333333333333333,-0.18093423,-0.5811347611111111,0.7037037037037037,-33.21928095,1
C_ID_03f74d19e3,-122.94048827999995,220,1.490909090909091,1.32374553,-0.558820401272727,0.5590909090909091,-33.21928095,1
C_ID_c889bd970f,-17.65687268,26,1.0,-0.67725991,-0.6791104876923076,0.5384615384615384,0.0,1
C_ID_185ca8639d,-28.375012999999992,69,0.0,0.70239927,-0.41123207246376803,0.8695652173913043,-3.38926183,1
C_ID_e2f977da70,-2.64819731,5,0.0,-0.39979537,-0.529639462,1.0,0.88245288,1
C_ID_1e7590529a,-244.5808223600001,402,1.0870646766169154,2.70918992,-0.608410005870647,0.9850746268656716,-33.21928095,1
C_ID_a724449bb7,-28.46563788,58,1.2758620689655173,3.06871424,-0.49078686,0.9482758620689655,1.89650418,1
C_ID_2e74a226a4,-102.31889983999993,158,0.0,0.15318026,-0.6475879736708856,0.9936708860759493,-2.57724914,1
C_ID_c8fb63a431,-139.03403262999996,228,0.11842105263157894,0.66558431,-0.60979838872807,0.9210526315789473,0.19526201,1
C_ID_500967699a,-19.13731464,38,1.631578947368421,1.88122912,-0.5036135431578947,0.9473684210526315,0.0,1
C_ID_6645559120,-110.28304125999998,163,0.006134969325153374,1.35077822,-0.6765830752147238,0.9570552147239264,0.0,1
C_ID_8cbf7517a5,-32.08487846,53,1.2830188679245282,0.45521315,-0.6053750652830189,0.9811320754716981,-0.15810529,1
C_ID_74d30cbd69,-17.369385399999995,25,0.08,-0.62517802,-0.6947754159999998,0.88,0.0,1
C_ID_43677feed9,-67.34206406000004,113,0.008849557522123894,2.1006763,-0.5959474695575225,0.8407079646017699,-0.92022794,1
C_ID_8ac0a30de1,-126.71190227000007,174,0.0,-0.47237342,-0.7282293233908049,0.9482758620689655,0.58249227,1
C_ID_f1ad37f961,-118.57977956000002,190,1.0105263157894737,0.30494803,-0.6241041029473685,0.9578947368421052,0.91593352,1
C_ID_2d6a3ab734,-9.565065969999996,38,2.0526315789473686,1.67160928,-0.2517122623684209,0.7105263157894737,-0.3967275,1
C_ID_eb6afab98f,5.846860830000001,32,3.625,4.66263645,0.18271440093750002,0.9375,-1.65167154,1
C_ID_0fa688844f,-13.443543910000002,22,1.2272727272727273,0.01328344,-0.6110701777272728,0.6818181818181818,0.0,1
C_ID_1f83955422,-25.70396039,44,0.0,-0.19844011,-0.5841809179545454,0.9318181818181818,0.51204752,1
C_ID_7e4d0a372b,-30.06496964999999,58,0.017241379310344827,0.56039873,-0.518361545689655,0.9137931034482759,-1.72240108,1
C_ID_858f4998f3,-397.3080341599999,634,0.00946372239747634,0.22843303,-0.6266688235962143,0.8501577287066246,-0.22410917,1
C_ID_90d38773ea,-38.257769520000004,54,0.0,-0.58912942,-0.7084772133333334,0.9814814814814815,0.76554061,1
C_ID_a434dbe265,-27.007810799999994,41,0.0,-0.30971143,-0.6587270926829267,1.0,0.0,1
C_ID_36e2f444d4,-12.34790083,26,0.9230769230769231,0.49649098,-0.4749192626923077,0.8461538461538461,0.67286441,1
C_ID_9349741979,-154.04401521999995,226,0.0,0.87927634,-0.681610686814159,0.8982300884955752,-1.19323148,1
C_ID_53af7b1879,-4.98639767,7,1.0,-0.65789074,-0.7123425242857142,1.0,-0.85059521,1
C_ID_197739aa9c,-18.317768649999998,38,1.4210526315789473,0.65656841,-0.4820465434210526,0.6842105263157895,1.45164812,1
C_ID_76cc23c0cf,-14.2519853,21,0.0,-0.53653663,-0.6786659666666667,0.9523809523809523,2.10720508,1
C_ID_f53421fc23,-120.13514364,203,1.1822660098522169,1.50541606,-0.5917987371428571,0.9261083743842364,0.0,1
C_ID_3f095e544f,-38.85879993999998,124,2.0806451612903225,3.35082197,-0.3133774188709676,1.0,-33.21928095,1
C_ID_537c907ba1,-31.572805029999984,62,0.0,1.18632808,-0.5092387908064514,0.967741935483871,-0.48226546,1
C_ID_9a47c3344e,-29.989085779999996,56,1.1785714285714286,0.25402318,-0.5355193889285713,0.9642857142857143,0.29905184,1
C_ID_62d04cff0a,-24.82716343,52,0.019230769230769232,0.87760839,-0.47744545057692306,0.9230769230769231,0.67555742,1
C_ID_9ab44afed2,-19.86112669,30,0.0,-0.25929749,-0.6620375563333333,0.8,0.0,1
C_ID_5c552b0e24,-9.930255290000002,15,0.0,-0.2800491,-0.6620170193333335,1.0,0.0,1
C_ID_7c8fef3f5e,-92.59446259000002,141,0.0,-0.29641297,-0.656698316241135,0.9929078014184397,-0.6648883,1
C_ID_d75173d8df,-47.65363698000002,70,0.0,-0.54003781,-0.6807662425714289,0.9,0.58407271,1
C_ID_248a4ba378,-130.6901261200001,185,1.1405405405405404,0.21178366,-0.7064331141621626,0.972972972972973,-0.21011183,1
C_ID_9257e80f3d,-76.98897932000003,130,1.0076923076923077,0.98557388,-0.5922229178461541,0.9615384615384616,0.7292397,1
C_ID_487e30ab81,-3.3490488400000005,9,4.888888888888889,0.50331301,-0.3721165377777778,1.0,0.0,1
C_ID_4390008508,-56.30947879000001,77,0.0,-0.65348797,-0.7312919323376624,0.948051948051948,0.11642308,1
C_ID_35825c508e,-26.808784669999987,73,1.5068493150684932,3.0052122,-0.3672436256164382,0.821917808219178,0.0,1
C_ID_74b354e6a0,-352.9271866999997,502,0.00597609561752988,0.00214879,-0.7030422045816728,0.9760956175298805,0.0,1
C_ID_28ec3fd46f,-45.778733979999984,69,1.5217391304347827,0.14087355,-0.6634599127536229,0.8840579710144928,0.0,1
C_ID_3cd3b29cc2,-55.51973038999998,77,0.05194805194805195,-0.33854731,-0.7210354596103893,0.8051948051948052,0.0,1
C_ID_1a7fcc17a8,3.74353981,51,1.4705882352941178,7.55200927,0.07340274137254903,0.8823529411764706,0.0,1
C_ID_2f2ed9d840,-70.21654555999994,111,1.1261261261261262,0.6639314,-0.632581491531531,0.5945945945945946,0.03564151,1
C_ID_2c917c5d56,-13.734171709999998,20,0.0,-0.45250838,-0.6867085854999999,0.8,0.0,1
C_ID_df8956f28e,-48.37651735,92,0.021739130434782608,1.88122912,-0.525831710326087,0.8586956521739131,-0.88981145,1
C_ID_7e5671384c,-31.525396319999995,65,1.3076923076923077,0.75724604,-0.48500609723076915,0.9538461538461539,0.0,1
C_ID_c8df47286f,-4.994707340000001,34,0.9411764705882353,3.67401219,-0.14690315705882354,0.8235294117647058,-0.15186044,1
C_ID_92346842c9,-5.42592314,44,2.0454545454545454,2.6911581,-0.123316435,0.9090909090909091,0.0,1
C_ID_2aa676019b,-25.871626200000005,43,1.6511627906976745,-0.32616547,-0.6016657255813954,0.9302325581395349,0.0,1
C_ID_fee1230bfe,-99.21132709000003,177,1.384180790960452,1.75246694,-0.5605159722598871,0.943502824858757,0.0,1
C_ID_7d1896a175,-45.798238430000005,68,0.0,-0.59506489,-0.6735035063235295,0.8676470588235294,-2.56751519,1
C_ID_5a76cf6ff3,0.86103414,6,5.5,1.3553012,0.14350569,0.8333333333333334,0.0,1
C_ID_3fc363d9a8,-103.39805878,146,0.0,-0.41587374,-0.7082058820547945,0.958904109589041,0.1136166,1
C_ID_8f8b655004,-30.445681360000005,48,1.1875,0.51351601,-0.6342850283333334,0.7916666666666666,0.17578379,1
C_ID_c734a4a348,-13.675673450000003,41,2.2195121951219514,1.51997675,-0.33355301097560985,0.9512195121951219,0.0,1
C_ID_0668c9f56a,-3.12186302,53,2.7547169811320753,2.26524665,-0.05890307584905661,0.9811320754716981,0.73882552,1
C_ID_57fbf38ada,-6.622138619999998,56,0.17857142857142858,4.47931301,-0.11825247535714281,0.7857142857142857,-1.91412234,1
C_ID_6d26ade31a,-6.389498210000001,21,0.9047619047619048,1.7925727,-0.3042618195238096,0.8571428571428571,0.0,1
C_ID_f77ec7f473,-11.578889039999998,20,0.0,0.00441779,-0.5789444519999999,1.0,1.8433648,1
C_ID_93b2e1234d,-17.03812597,24,0.125,-0.61019659,-0.7099219154166666,0.7916666666666666,4.31884431,1
C_ID_6049178b56,-42.79827046999999,59,0.0,-0.59664268,-0.7253944147457626,0.9491525423728814,0.0,1
C_ID_79963c62ef,-122.81407014000001,183,0.33879781420765026,-0.17980724,-0.6711151373770492,0.7923497267759563,2.65242186,1
C_ID_b4ebe697b1,-7.280675560000001,10,0.0,-0.70257959,-0.7280675560000001,0.6,0.0,1
C_ID_be18c21425,-13.91170989,97,0.010309278350515464,8.19762335,-0.14341968958762885,0.9587628865979382,-0.7480959,1
C_ID_7c5d8b8665,-30.436635410000004,45,0.0,0.04604123,-0.6763696757777778,0.9777777777777777,0.0,1
C_ID_5e30ace4d6,-19.59846326,28,0.07142857142857142,-0.43435635,-0.6999451164285714,0.8571428571428571,0.0,1
C_ID_620de2bc20,0.13898020000000022,16,0.0,5.26369692,0.008686262500000014,1.0,2.98739762,1
C_ID_8abd30afbd,-24.035476609999996,41,0.07317073170731707,-0.22012337,-0.5862311368292682,0.8536585365853658,1.46210384,1
C_ID_d01315d3d3,-1.6678376200000005,20,1.0,2.67312629,-0.08339188100000003,0.95,-0.28547625,1
C_ID_2d2dd1e7ef,-23.563058129999998,67,1.8059701492537314,2.53522799,-0.35168743477611936,0.9104477611940298,1.83686327,1
C_ID_9c0fbe9f53,-26.20925692,39,0.0,-0.54404989,-0.6720322287179488,0.9230769230769231,-1.3780911,1
C_ID_9bd3a826c8,-62.424112040000004,95,0.021052631578947368,-0.28207768,-0.6570959162105263,0.8,0.0,1
C_ID_bc21641d6f,-20.318668880000008,44,0.0,0.44319194,-0.46178792909090927,0.8636363636363636,-0.32512204,1
C_ID_28c5cc54eb,-59.51876606000001,87,0.0,-0.33067342,-0.6841237478160921,0.8850574712643678,0.0,1
C_ID_035b18ed65,-10.114675689999999,17,0.0,0.02468856,-0.5949809229411764,1.0,-2.57896633,1
C_ID_50254a7587,-22.971915139999997,32,0.09375,-0.62293907,-0.7178723481249999,0.90625,0.0,1
C_ID_abbf18976a,-46.596566969999984,66,0.030303030303030304,-0.62558374,-0.7060085904545452,0.9090909090909091,-0.82428016,1
C_ID_16c8b2ee58,-96.76232115999998,168,1.1488095238095237,0.74495435,-0.5759661973809523,0.9761904761904762,0.0,1
C_ID_f14c153150,-83.18392933999995,128,0.0390625,0.24986084,-0.6498744479687496,0.8828125,2.1468678,1
C_ID_57dbba4841,-24.928336970000004,66,1.8636363636363635,1.20653874,-0.37770207530303035,0.8787878787878788,0.89211735,1
C_ID_2729b2c13a,-8.22250725,19,2.5789473684210527,0.99583699,-0.4327635394736842,0.7894736842105263,-0.03448557,1
C_ID_7acb8863ff,-56.139679140000034,89,1.3258426966292134,0.07316409,-0.6307829116853937,0.9550561797752809,0.0,1
C_ID_818520c82a,-85.78240375999998,133,1.2481203007518797,0.10359277,-0.6449804793984961,0.5939849624060151,0.0,1
C_ID_ac1bc00a68,-28.90493796000001,41,0.0,-0.48244119,-0.7049984868292685,0.8536585365853658,-0.87026607,1
C_ID_a4eaa85bb3,-9.278675619999998,101,1.2673267326732673,3.45751021,-0.09186807544554454,0.8712871287128713,5.46728645,1
C_ID_45f0062f1c,-0.5776792199999999,4,2.75,0.15468291,-0.14441980499999998,1.0,0.58026198,1
C_ID_7a8d5930ff,-10.041181009999999,19,0.21052631578947367,-0.20730576,-0.5284832110526315,0.8947368421052632,-4.37529132,1
C_ID_c041d55a01,-11.589557870000002,36,2.1666666666666665,3.76104574,-0.3219321630555556,0.9444444444444444,-0.61018411,1
C_ID_40882d5416,-7.46569699,13,0.0,-0.10076779,-0.5742843838461538,0.8461538461538461,0.0,1
C_ID_721100c309,-5.43022073,11,2.4545454545454546,0.31246129,-0.49365643000000003,1.0,-0.51460726,1
C_ID_cecd8c0006,-157.99528155000016,224,0.013392857142857142,-0.44712888,-0.705336078348215,0.9464285714285714,0.41353749,1
C_ID_899e4cc1ce,1.1096778399999998,6,4.5,2.55742215,0.18494630666666664,1.0,0.0,1
C_ID_9f84c72422,-126.62282497000001,186,0.010752688172043012,0.016439,-0.6807678761827958,0.9623655913978495,-0.25805352,1
C_ID_1406989a13,-10.468294520000002,80,2.2375,6.26964676,-0.13085368150000004,0.85,0.0,1
C_ID_c27f0ce3d3,-101.8902234,198,1.5252525252525253,8.37719017,-0.5145970878787879,0.9696969696969697,0.05757447,1
C_ID_678bb9027f,-15.137858270000002,22,1.3636363636363635,-0.31130424,-0.6880844668181819,0.9090909090909091,0.0,1
C_ID_1e9f8a248b,-107.88656798000004,173,0.0,0.9900067,-0.6236217802312141,0.9190751445086706,0.0,1
C_ID_4e270a0e26,-62.75445482,113,1.2743362831858407,3.48455793,-0.5553491576991151,0.9646017699115044,0.0,1
C_ID_7e47ef629f,-11.466490779999999,34,3.411764705882353,0.51351601,-0.3372497288235294,0.8823529411764706,0.0,1
C_ID_db5da829eb,-6.64624121,11,1.9090909090909092,-0.36526445,-0.6042037463636364,1.0,0.0,1
C_ID_4a1325a03c,-157.58636514999992,228,0.0,-0.01038332,-0.691168268201754,0.956140350877193,0.0,1
C_ID_2ba5b5af50,-12.942049110000001,19,0.05263157894736842,-0.43758705,-0.6811604794736843,0.9473684210526315,0.0,1
C_ID_8a2e4f980c,-8.63977846,23,1.7391304347826086,1.74968703,-0.3756425417391305,0.9130434782608695,0.0,1
C_ID_a93b487f24,-7.4631725399999995,13,1.6923076923076923,0.25836584,-0.5740901953846154,0.8461538461538461,-0.12120769,1
C_ID_a079714a85,-9.483652339999999,26,1.3846153846153846,2.10662679,-0.3647558592307692,0.8846153846153846,-1.5849625,1
C_ID_73053f6f9b,-13.68565104,33,1.5757575757575757,3.04261319,-0.41471669818181817,0.9393939393939394,0.59736839,1
C_ID_70c598019b,-123.33968244000006,182,0.038461538461538464,-0.04231466,-0.6776905628571432,0.8901098901098901,0.0,1
C_ID_d1a2f0b46b,-29.04878677,42,0.07142857142857142,-0.46053253,-0.6916377802380952,0.8809523809523809,0.18517401,1
C_ID_ff895af2b1,-2.53315433,5,1.0,0.25235524,-0.506630866,1.0,-2.07328684,1
C_ID_1d06835abc,-91.54466546999997,137,0.15328467153284672,-0.40661741,-0.6682092370072991,0.8613138686131386,3.48271292,1
C_ID_344da9b506,-26.930980249999998,39,0.0,-0.57538016,-0.690537955128205,0.9230769230769231,1.51499818,1
C_ID_b36c58a751,-9.82421319,14,0.0,-0.63979882,-0.7017295135714285,1.0,-1.33302645,1
C_ID_330ceea5a3,-216.81160329999992,382,1.1099476439790577,4.39215924,-0.5675696421465967,0.9790575916230366,0.0,1
C_ID_43e4051a1a,-14.555070019999997,69,1.8840579710144927,3.27321004,-0.2109430437681159,0.782608695652174,-0.8711937,1
C_ID_fc12d0d3f1,-6.56051496,30,0.8333333333333334,1.47701595,-0.218683832,0.7666666666666667,-1.37218617,1
C_ID_eb13f25139,-2.2824519999999993,16,2.0625,1.75951437,-0.14265324999999995,0.875,0.0,1
C_ID_ddca911a9a,-37.11707688999999,52,0.0,-0.62480236,-0.7137899401923076,0.6730769230769231,-3.8338009,1
C_ID_8c048b75f9,-49.126129899999995,78,0.10256410256410256,0.45521315,-0.6298221782051281,0.7564102564102564,0.0,1
C_ID_190683404b,-19.967859979999997,28,1.0,-0.66726728,-0.7131378564285713,1.0,0.0,1
C_ID_311f8d737a,-14.327733919999998,30,0.0,2.40865968,-0.4775911306666666,0.9666666666666667,0.0,1
C_ID_9644784247,-93.91464686,133,1.1578947368421053,-0.47658085,-0.7061251643609023,0.9323308270676691,0.0,1
C_ID_c15e032056,-91.32285906000001,139,1.1726618705035972,0.09457687,-0.6569989860431655,0.935251798561151,0.35842801,1
C_ID_5ca456f607,-16.77206654,28,0.0,0.30494803,-0.5990023764285715,0.9642857142857143,0.14618182,1
C_ID_4fc9067a8a,-21.092849879999992,43,1.627906976744186,1.72599022,-0.4905313925581394,0.7674418604651163,0.31319011,1
C_ID_505008966e,-5.531334129999999,11,1.0909090909090908,0.21865077,-0.5028485572727273,1.0,2.0842858,1
C_ID_a98b78bba4,-8.327948260000001,45,1.0,6.65086936,-0.18506551688888892,0.9777777777777777,4.97293175,1
C_ID_62eceee621,-33.30943397000001,47,0.0,-0.61344232,-0.7087113610638299,0.7021276595744681,0.0,1
C_ID_0451d684fc,-64.97555361,124,1.5564516129032258,3.38505237,-0.5239964000806452,0.967741935483871,0.14443121,1
C_ID_9d2fdce4bd,-56.056837990000005,83,0.024096385542168676,-0.40129802,-0.675383590240964,0.8795180722891566,0.0,1
C_ID_593666cb2c,-143.81682092000003,255,1.192156862745098,2.96464062,-0.5639875330196079,0.984313725490196,0.0,1
C_ID_f365a82b86,-32.01462954,49,0.02040816326530612,-0.20595337,-0.6533597865306122,0.7346938775510204,1.2629586,1
C_ID_d25e38b09c,23.33097363,16,6.9375,5.41546469,1.458185851875,0.375,-0.22348437,1
C_ID_a9980398ea,-31.969144249999996,72,2.4305555555555554,1.8010176,-0.44401589236111105,0.9722222222222222,0.0,1
C_ID_c1efd92f2a,-43.80456591000001,65,0.015384615384615385,-0.44637756,-0.6739163986153848,0.9230769230769231,-1.34120416,1
C_ID_4e34b57d8e,-70.66343395,117,0.0,2.01797038,-0.603960973931624,0.9658119658119658,0.2645287,1
C_ID_8d05f837de,-2.86035663,4,1.0,-0.70498383,-0.7150891575,1.0,0.0,1
C_ID_6dabd74f97,-42.36054821,64,0.0,-0.4515016,-0.66188356578125,0.953125,0.19432058,1
C_ID_97d7ef7175,-2.06602516,4,1.0,-0.39022348,-0.51650629,1.0,-0.24300521,1
C_ID_108149a20d,-19.514119410000003,56,1.3214285714285714,2.04960118,-0.3484664180357143,0.6071428571428571,0.0,1
C_ID_d49e08bb71,-21.284918740000002,31,1.0,-0.07071476,-0.6866102819354839,0.7419354838709677,-0.38499693,1
C_ID_63397d3391,-26.723719609999996,90,1.3666666666666667,7.51224912,-0.29693021788888885,0.9555555555555556,-0.72804646,1
C_ID_3333bd5f0f,-77.16146860000002,110,0.0,-0.18992008,-0.7014678963636366,0.8636363636363636,-2.45066141,1
C_ID_20a59ae505,-1.1281304099999996,23,3.391304347826087,1.46499474,-0.04904914826086955,0.8695652173913043,1.04753997,1
C_ID_a465aa79a7,-6.10037312,21,2.9047619047619047,1.25011562,-0.2904939580952381,0.5714285714285714,0.0,1
C_ID_c6cc875468,-543.8314157299993,860,0.00813953488372093,2.21331503,-0.6323621113139527,0.9569767441860465,-0.08786717,1
C_ID_ea742fe5db,-534.24012848,814,0.0085995085995086,1.07580809,-0.6563146541523341,0.9668304668304668,-0.21787104,1
C_ID_d937fad4df,-27.632868619999996,43,1.2790697674418605,-0.33578243,-0.642624851627907,0.9302325581395349,-3.2488384,1
C_ID_ead1cf1767,-43.21361831999998,71,1.0140845070422535,-0.19801937,-0.6086425115492955,0.9436619718309859,0.0,1
C_ID_3a24e65ef2,-9.87918019,15,1.2666666666666666,-0.4515016,-0.6586120126666667,0.9333333333333333,-2.33067312,1
C_ID_0c68618423,-45.36179334999999,69,1.2318840579710144,0.1396564,-0.6574172949275361,0.7101449275362319,-0.44052431,1
C_ID_bbb35a82d3,-36.684313370000005,67,2.1492537313432836,0.07654505,-0.5475270652238807,0.6865671641791045,0.16833624,1
C_ID_ed7938ade5,-19.09560101,34,0.0,0.65840164,-0.5616353238235294,0.9705882352941176,-0.10517737,1
C_ID_7cd4617aa1,-14.520148430000004,30,2.8,1.00533375,-0.4840049476666668,1.0,0.0,1
C_ID_6d99e4b318,-4.760368860000001,14,1.7142857142857142,2.47778164,-0.3400263471428572,0.9285714285714286,0.0,1
C_ID_26a5a5bbc7,-12.038384720000002,37,1.4864864864864864,2.24336805,-0.32536174918918925,0.9459459459459459,0.0,1
C_ID_a6644f93fd,-14.639834560000002,44,2.659090909090909,1.71593749,-0.3327235127272728,0.8409090909090909,0.0,1
C_ID_c1be51e854,-0.18493126999999998,16,4.0,1.68738712,-0.011558204374999999,0.8125,0.0,1
C_ID_f1a05f953d,-14.595025519999997,31,4.870967741935484,0.68962673,-0.47080727483870954,0.8709677419354839,3.24105131,1
C_ID_0b7f79697c,-29.7356336,45,0.0,-0.29611244,-0.6607918577777778,0.8888888888888888,0.0,1
C_ID_567d82ef36,-27.5095611,40,1.2,-0.46906759,-0.6877390274999999,0.625,0.61517843,1
C_ID_a4153ed009,-4.90971738,9,3.111111111111111,-0.12030225,-0.5455241533333334,1.0,-1.68230706,1
C_ID_98405e2d4e,-144.15493261999998,221,0.01809954751131222,0.09457687,-0.6522847629864252,0.9366515837104072,-0.21175859,1
C_ID_fd04009820,-36.5784817,50,0.0,-0.66426198,-0.731569634,1.0,0.0,1
C_ID_aa6cf78ffd,-23.564515670000002,49,1.9795918367346939,0.63853659,-0.4809084830612245,0.8775510204081632,1.83951172,1
C_ID_9eddf3128b,-20.518371260000006,36,0.0,0.09310427,-0.5699547572222223,1.0,-0.71065509,1
C_ID_c1c2781910,-147.54264475999992,239,1.1422594142259415,2.34855363,-0.6173332416736398,0.9288702928870293,0.46508237,1
C_ID_d555fcbfb5,-32.057034339999994,55,0.0,0.00441779,-0.5828551698181818,0.8727272727272727,0.0,1
C_ID_a6cf031bda,-5.83360744,9,1.2222222222222223,-0.55156314,-0.6481786044444444,0.7777777777777778,1.1563416,1
C_ID_12d7a41b27,-47.272639719999994,89,1.3932584269662922,0.81847907,-0.5311532552808989,0.9325842696629213,1.60997621,1
C_ID_7b9b1e020f,-9.29938221,24,0.0,1.01135938,-0.38747425874999997,0.875,1.82474874,1
C_ID_10f3ad931b,-51.47599089000001,80,0.0,-0.33687937,-0.6434498861250002,0.9375,0.0,1
C_ID_22f60d7bd8,-61.685829500000004,95,1.4210526315789473,0.0780477,-0.6493245210526316,0.9789473684210527,-0.87870482,1
C_ID_4801fe1d4c,-13.634350579999998,20,0.1,-0.37139527,-0.6817175289999999,0.65,0.0,1
C_ID_38d0f9f88b,-90.52770125000004,156,0.01282051282051282,1.53868475,-0.58030577724359,0.9038461538461539,0.0,1
C_ID_270624cbcb,-73.55683389000005,129,1.1162790697674418,0.47814361,-0.5702080146511632,0.9147286821705426,0.0,1
C_ID_6c8ca56e30,-6.67262775,18,2.611111111111111,0.45060001,-0.3707015416666667,1.0,0.0,1
C_ID_8001737cac,-122.91952611999997,173,0.12716763005780346,-0.47643058,-0.7105174920231212,0.7745664739884393,1.17106913,1
C_ID_7445479264,-20.36502574,39,0.10256410256410256,0.64400624,-0.5221801471794871,0.8205128205128205,0.0,1
C_ID_d61491021c,-78.15240703000002,123,0.008130081300813009,-0.173436,-0.6353854230081303,0.967479674796748,-1.43487454,1
C_ID_96eb4420df,-6.824455629999999,13,0.0,0.00441779,-0.5249581253846153,1.0,0.0,1
C_ID_8193b57d5f,-266.90993376999967,366,0.0,-0.66406664,-0.7292621141256822,0.9754098360655737,-0.07360561,1
C_ID_a524c3e0a6,-61.95856059999999,91,1.2967032967032968,-0.29235581,-0.6808633032967032,0.945054945054945,-0.76066221,1
C_ID_5fe95b88e9,-15.253321969999998,33,1.0909090909090908,1.65733409,-0.4622218778787878,0.9393939393939394,-3.34804143,1
C_ID_bcb1d049ac,-20.496703009999997,34,0.9117647058823529,0.01944431,-0.6028442061764705,0.9705882352941176,-0.6358619,1
C_ID_eadd6241ba,-31.95297573000001,46,0.043478260869565216,0.0546965,-0.6946299071739133,0.8913043478260869,1.87313602,1
C_ID_d8f099241f,-46.98276329999999,65,0.0,-0.62218775,-0.7228117430769229,1.0,0.0,1
C_ID_c55a57cdfe,-128.5214999300001,216,0.004629629629629629,2.40865968,-0.5950069441203708,0.9675925925925926,-2.33297724,1
C_ID_46bbf4142b,-4.25630455,7,1.0,-0.39516721,-0.6080435071428572,0.8571428571428571,-0.46272746,1
C_ID_42fcb47214,-51.92794327,91,0.054945054945054944,0.85717234,-0.5706367392307692,0.8681318681318682,0.03022524,1
C_ID_55f3844e0e,-29.457327599999985,46,0.10869565217391304,0.30760772,-0.6403766869565214,0.8695652173913043,0.0,1
C_ID_f1cc3651f8,-206.91518762000004,341,1.8533724340175952,0.9285633,-0.606789406510264,0.844574780058651,-0.55386417,1
C_ID_a60f2a82de,-10.38274866,22,1.2272727272727273,-0.14734997,-0.47194312090909096,0.5454545454545454,-0.16335776,1
C_ID_9e79fef52a,-41.497966300000016,96,0.020833333333333332,1.13140618,-0.4322704822916668,0.8333333333333334,0.0,1
C_ID_f6472119ed,-28.356154739999997,42,0.0,-0.3083891,-0.6751465414285713,0.8571428571428571,0.0,1
C_ID_26b7d02e3f,-19.282741199999993,28,0.0,-0.55133774,-0.6886693285714284,0.9285714285714286,0.0,1
C_ID_7d032745ed,-47.72786796000003,94,0.010638297872340425,1.11633459,-0.5077432761702131,0.8723404255319149,-1.44913457,1
C_ID_0b36eed336,-41.353215899999995,59,0.0847457627118644,-0.326466,-0.7009019644067795,0.864406779661017,0.0,1
C_ID_68778460d2,-33.703278899999994,51,0.0,-0.44637756,-0.6608486058823528,0.9019607843137255,-33.21928095,1
C_ID_04e8c68b02,-82.72906173000005,173,0.017341040462427744,1.09353937,-0.4782026689595379,0.884393063583815,-0.92816146,1
C_ID_7b237aca27,-25.725929209999997,42,0.9523809523809523,-0.10076779,-0.612522124047619,0.9523809523809523,0.0,1
C_ID_f8b7f46dec,-53.37731050999999,81,0.0,-0.37905879,-0.6589791420987653,0.9135802469135802,0.0,1
C_ID_3a4bc6964e,-15.291759800000003,25,2.64,-0.29626271,-0.6116703920000002,0.6,0.0,1
C_ID_332a7b4207,-71.82439726,132,1.1515151515151516,2.70801785,-0.5441242216666666,0.9242424242424242,0.0,1
C_ID_a8b4eedb2c,-29.961827750000005,45,0.06666666666666667,0.88947934,-0.6658183944444446,0.8666666666666667,1.02111767,1
C_ID_27347d931e,-37.50083903,53,0.0,-0.59822046,-0.7075630005660377,1.0,0.0,1
C_ID_affcd844a7,-39.48122814,60,1.05,-0.14584732,-0.658020469,0.8166666666666667,-2.10594041,1
C_ID_fa4440fc26,-16.12658768,41,1.0,0.12462989,-0.3933314068292683,1.0,0.0,1
C_ID_9aab32c42e,-137.84889152000002,201,0.004975124378109453,-0.06278077,-0.6858153806965175,0.900497512437811,0.90072813,1
C_ID_359e72958a,-32.67342183,46,1.173913043478261,-0.50308761,-0.7102917789130435,0.782608695652174,0.78802166,1
C_ID_bcb86df2dc,-37.94913998000001,54,1.037037037037037,-0.47647566,-0.7027618514814817,0.7962962962962963,0.115372,1
C_ID_48e1dfb4f4,-16.450078440000002,25,1.0,-0.3642727,-0.6580031376000001,1.0,0.23484017,1
C_ID_7ca704cda5,-21.477693879999993,34,1.0,-0.44508528,-0.6316968788235292,0.9117647058823529,0.0,1
C_ID_ba0ddfaa02,-2.4709596,5,1.0,-0.38897628,-0.49419192,1.0,1.04691852,1
C_ID_65caee3dac,-35.71837918,52,0.0,-0.40580598,-0.6868919073076923,0.6538461538461539,0.0,1
C_ID_74b8da4ada,-20.171889959999998,37,0.5405405405405406,0.90450585,-0.5451862151351351,0.9459459459459459,-3.10463137,1
C_ID_16299e8dcd,-32.36785776,50,1.2,0.9060085,-0.6473571552,0.96,0.0,1
C_ID_74fe4d95a6,-23.908397440000005,37,1.4594594594594594,-0.32661626,-0.6461729037837839,0.9459459459459459,0.69575217,1
C_ID_d280007ff4,-97.68063634000004,191,1.3141361256544504,5.50660049,-0.5114169441884818,0.8272251308900523,-0.27280194,1
C_ID_baac0f02e1,-22.646531069999988,36,1.4722222222222223,0.00824955,-0.6290703074999997,1.0,1.59818211,1
C_ID_0c3aaa563e,-26.861422549999997,44,0.0,-0.14584732,-0.6104868761363635,1.0,0.0,1
C_ID_821d9a51bf,-5.575106379999999,8,1.0,-0.68995732,-0.6968882974999999,1.0,0.0,1
C_ID_09bed3b49a,4184.649106489999,93,1.043010752688172,4161.74584743,44.99622695150537,0.956989247311828,-0.94232736,1
C_ID_5983352da6,-66.72759975,95,0.021052631578947368,-0.371245,-0.7023957868421052,0.9368421052631579,0.0,1
C_ID_486b6208ca,-153.15928428000026,406,1.0443349753694582,7.01939456,-0.37723961645320264,0.9679802955665024,0.0,1
C_ID_074cda2e99,-25.078421750000004,42,0.047619047619047616,3.00972015,-0.5971052797619049,0.7380952380952381,2.50239204,1
C_ID_dc4d888c6c,-27.103379419999996,49,1.1020408163265305,1.51142666,-0.5531301922448979,1.0,-0.5047005,1
C_ID_7531355aa6,-106.27416319999999,149,0.04697986577181208,-0.21856061,-0.7132494174496644,0.9194630872483222,-2.23770548,1
C_ID_5b80baa581,-70.25337546,100,0.0,-0.3802008,-0.7025337546,0.93,0.0,1
C_ID_c32cb4bddb,-101.67043064999993,148,0.0,1.50843639,-0.6869623692567562,0.9459459459459459,-0.51657413,1
C_ID_14e49b75fd,-83.10135861000002,140,1.3214285714285714,2.19758227,-0.5935811329285716,0.9857142857142858,0.45324164,1
C_ID_13f7c8d2e9,-14.69719076,29,0.0,0.45521315,-0.5067996813793103,0.7931034482758621,0.17965439,1
C_ID_acf00fe18d,-39.10858559,74,1.3918918918918919,2.69629717,-0.5284943998648648,0.7432432432432432,-1.41829234,1
C_ID_10f65f43ce,-91.98372513000001,137,0.014598540145985401,-0.2480276,-0.6714140520437957,0.9416058394160584,-0.2340985,1
C_ID_8d201402cf,-25.72722142,37,0.0,-0.31124414,-0.6953303086486486,0.9459459459459459,0.0,1
C_ID_8dc082167a,-6.639869939999998,18,1.8888888888888888,1.50706897,-0.3688816633333332,0.8333333333333334,-0.21246668,1
C_ID_89572066cf,-641.4866273999987,1009,0.009910802775024777,1.50706897,-0.6357647446977193,0.9464816650148662,-0.40276161,1
C_ID_ce0c25d0de,-81.16812274,115,0.0,-0.44652782,-0.7058097629565218,0.9652173913043478,0.0,1
C_ID_0faa931b8a,-73.34040703,154,0.006493506493506494,2.10812945,-0.47623640928571426,0.9675324675324676,-0.45758038,1
C_ID_ace8804193,-6.768331610000001,18,1.3333333333333333,0.47201279,-0.3760184227777778,0.8888888888888888,-0.63709258,1
C_ID_f5a85198d7,-5.19540141,12,2.6666666666666665,0.9146788,-0.43295011749999995,1.0,0.0,1
C_ID_71a99760a2,-35.486024209999975,52,0.0,-0.26207739,-0.6824235424999995,0.9038461538461539,0.29770084,1
C_ID_7c3e1b3ff7,-65.31689595000002,166,1.0542168674698795,12.02562723,-0.393475276807229,0.9518072289156626,0.0,1
C_ID_faa1e02b2a,-139.29863458000017,260,2.0961538461538463,5.36583212,-0.5357639791538468,0.3769230769230769,-33.21928095,1
C_ID_d193667361,-27.688586919999988,43,0.023255813953488372,-0.40280068,-0.6439206260465113,0.9534883720930233,0.0,1
C_ID_e31ca3fb14,-199.74089974999993,337,0.008902077151335312,3.43530102,-0.5927029666172104,0.9258160237388724,1.9432094,1
C_ID_19836c0171,-9.18216041,13,0.0,-0.61166919,-0.7063200315384616,0.7692307692307693,1.52030329,1
C_ID_5500718e0e,-160.27435276000003,231,0.012987012987012988,-0.32640589,-0.693828366926407,0.974025974025974,0.0,1
C_ID_151dccb275,-19.592497719999997,69,0.057971014492753624,0.86693957,-0.28394924231884056,0.8260869565217391,4.10261507,1
C_ID_5a7e9ef402,-27.169961929999992,40,0.0,-0.44637756,-0.6792490482499998,0.95,2.29939121,1
C_ID_d5e24ad7f1,-101.83237154000004,149,0.040268456375838924,-0.4169256,-0.6834387351677855,0.8926174496644296,0.1410825,1
C_ID_29ba240ee2,-14.633012550000004,26,1.7692307692307692,0.20577305,-0.5628081750000001,0.9615384615384616,0.0,1
C_ID_ce0cfc4d56,-192.62090275999995,289,1.0795847750865053,0.84702944,-0.6665083140484427,0.9446366782006921,0.0,1
C_ID_ff069b5309,-77.73100352000002,128,1.1484375,1.73724508,-0.6072734650000001,0.921875,-0.18342877,1
C_ID_ad4b6aec17,-108.86859556000002,151,0.0,-0.41638464,-0.7209840765562915,0.8940397350993378,-0.06207023,1
C_ID_c0f8141f24,-147.48300432999994,207,0.0,-0.33086876,-0.7124782817874393,0.9227053140096618,0.0,1
C_ID_9119618513,-68.67210553999998,100,1.03,-0.24261806,-0.6867210553999997,0.91,0.0,1
C_ID_309297deac,-51.02869665999999,80,1.1375,-0.39201164,-0.6378587082499998,0.9,0.21851094,1
C_ID_3b1d7c32f8,-105.52968969999999,162,0.0,0.33678921,-0.6514178376543209,0.9753086419753086,-0.70504168,1
C_ID_98d87692a6,-22.4580836,43,0.0,2.42819415,-0.5222810139534884,0.9069767441860465,0.0,1
C_ID_6117aec949,-151.56094425999999,253,1.0158102766798418,2.9751742,-0.5990551156521738,1.0,0.0,1
C_ID_14c58a2bf0,-33.0272511,64,0.25,1.01119408,-0.5160507984375,0.875,-0.58171487,1
C_ID_f4ef10a225,-26.806019799999994,43,0.0,0.48597242,-0.6233958093023254,0.9534883720930233,0.0,1
C_ID_907de9eb5c,-3.8979973800000005,23,2.347826086956522,0.69864264,-0.16947814695652177,0.8695652173913043,1.08339543,1
C_ID_aa4c0cdb74,11.97830871,19,2.3157894736842106,5.547698,0.6304373005263159,0.7368421052631579,2.6087545,1
C_ID_0d1f83f087,-28.870211699999995,52,1.2884615384615385,0.41013361,-0.5551963788461538,0.9615384615384616,0.0,1
C_ID_c44cdfb549,-19.68399419999999,42,1.0,-0.39276297,-0.4686665285714283,0.9523809523809523,0.15367931,1
C_ID_b0c6513d33,-38.67069801,62,1.1935483870967742,0.50780594,-0.6237209356451613,0.8064516129032258,0.06948035,1
C_ID_4188cca4ed,-254.2990386100002,456,1.0087719298245614,4.74107484,-0.5576733302850881,0.9758771929824561,-0.85490956,1
C_ID_379576a213,-25.025648619999995,36,0.0,-0.39979537,-0.6951569061111109,1.0,0.0,1
C_ID_e4a0e3a0e0,-11.50345597,16,0.0,-0.63751479,-0.718965998125,0.6875,1.43865126,1
C_ID_48b6540229,-26.911055129999994,52,0.019230769230769232,2.26981471,-0.5175202909615384,0.9615384615384616,1.63620889,1
C_ID_819cbd5584,-66.01343484000002,94,0.010638297872340425,-0.55159319,-0.7022705834042555,0.9468085106382979,-0.29863576,1
C_ID_63326e74ce,-13.395654429999999,31,1.8387096774193548,0.75574338,-0.4321178848387096,0.7096774193548387,-1.23440201,1
C_ID_13d94982c9,-5.1292547100000005,38,0.9473684210526315,2.25839456,-0.13498038710526317,0.868421052631579,0.03176674,1
C_ID_3584d0167e,-28.013099459999996,61,1.2131147540983607,2.63255471,-0.4592311386885245,0.8688524590163934,0.0,1
C_ID_64ce0ea5b7,-9.187104139999999,19,2.473684210526316,0.40277062,-0.4835317968421052,0.8947368421052632,1.50210189,1
C_ID_f86f225aee,-28.66335675000001,47,1.2127659574468086,0.42666278,-0.6098586542553194,0.9574468085106383,-33.21928095,1
C_ID_6a58040162,-11.045297589999999,25,1.24,2.88950806,-0.44181190359999994,1.0,0.0,1
C_ID_9b8b3c13fc,-197.42653149000014,291,1.1890034364261168,0.05501206,-0.6784416889690726,0.9621993127147767,0.0,1
C_ID_144511087d,-31.75563255000001,64,1.0,3.31025039,-0.49618175859375013,1.0,0.0,1
C_ID_9d9b243b1f,-204.86193520000003,368,0.9972826086956522,1.53561935,-0.556690041304348,0.8777173913043478,-2.38483329,1
C_ID_e1844ae6bb,-46.06622128000002,72,1.0416666666666667,-0.26906472,-0.6398086288888892,1.0,-4.47115483,1
C_ID_b5d24e76b9,-18.468078890000005,27,1.0740740740740742,-0.38948719,-0.6840029218518521,0.9629629629629629,-0.05288481,1
C_ID_16f87abb01,-83.26408074000004,146,0.00684931506849315,2.10662679,-0.5703019228767126,0.952054794520548,-0.22559095,1
C_ID_915666740f,-30.110004139999994,41,0.04878048780487805,-0.71685477,-0.7343903448780487,0.6097560975609756,0.0,1
C_ID_9b9006bfb8,-30.846047740000003,46,0.15217391304347827,-0.38146303,-0.6705662552173913,0.7391304347826086,0.86756843,1
C_ID_90ec553b29,-67.31007256999999,100,0.01,0.45521315,-0.6731007256999999,0.89,2.1839523,1
C_ID_d4df21c380,-108.64467059999997,169,0.005917159763313609,0.15468291,-0.6428678733727808,0.9763313609467456,-1.08225235,1
C_ID_05ebc3874f,-50.949837609999975,79,0.0,-0.35020788,-0.644934653291139,0.9620253164556962,0.03407725,1
C_ID_6f523fd263,-57.112405389999985,93,0.010752688172043012,-0.23805,-0.6141118859139784,0.8924731182795699,0.0,1
C_ID_bd97f263c7,-12.872626600000002,19,0.21052631578947367,-0.38634664,-0.6775066631578949,0.7894736842105263,0.0,1
C_ID_a747678c77,-44.59311221999999,73,1.3972602739726028,0.53034571,-0.6108645509589039,0.7534246575342466,0.56319099,1
C_ID_2923e7b4a2,103.47311620000005,62,2.306451612903226,15.71133004,1.6689212290322588,0.9032258064516129,0.0,1
C_ID_8bb9c384ac,-37.133981780000006,54,0.0,-0.31723972,-0.6876663292592594,0.8518518518518519,0.61225176,1
C_ID_e7422ef7e2,-133.37051019999998,202,1.0396039603960396,0.38939703,-0.6602500504950495,0.8514851485148515,0.0,1
C_ID_6849ab58bc,82.30478815999997,89,1.4382022471910112,17.28490636,0.924772900674157,0.9438202247191011,0.22570483,1
C_ID_38fb7bf5c6,-42.19240147,67,0.0,2.93458759,-0.6297373353731344,1.0,0.0,1
C_ID_e819dd01d2,-71.57820293,111,1.2612612612612613,1.38340078,-0.6448486750450451,0.9009009009009009,0.04509527,1
C_ID_f067e0dc19,-8.348264149999999,13,0.0,-0.50948891,-0.6421741653846152,0.8461538461538461,-2.12597274,1
C_ID_c6c2d952f7,-44.770590390000024,65,1.4923076923076923,-0.371245,-0.688778313692308,0.8307692307692308,1.35147612,1
C_ID_672897c99d,-209.58451229000022,314,0.006369426751592357,-0.01293783,-0.6674665996496822,0.9267515923566879,-0.15569594,1
C_ID_857d5464af,1.6418267399999997,6,5.666666666666667,3.0382555,0.27363778999999994,1.0,1.05956088,1
C_ID_d0bd4dcb1b,-15.916952860000002,34,2.0294117647058822,0.0780477,-0.46814567235294124,0.5294117647058824,0.0,1
C_ID_32a6d7b10e,-18.885229880000004,36,1.7777777777777777,0.75574338,-0.5245897188888891,0.8888888888888888,-0.4504395,1
C_ID_1b205c30d3,-39.46200920000001,64,1.0,0.06452384,-0.6165938937500002,0.984375,0.0,1
C_ID_94b2ad46d8,-147.71663655999996,213,0.03286384976525822,-0.28889972,-0.6935053359624411,0.8497652582159625,-0.2261562,1
C_ID_8af4a77c1e,-0.9081122199999999,10,3.3,2.70133105,-0.090811222,1.0,0.0,1
C_ID_7fd590d836,-31.42094704,46,0.0,-0.59027144,-0.6830640660869566,0.8695652173913043,-1.55617168,1
C_ID_57041f9f6e,-151.17240385999983,238,1.0924369747899159,3.78809346,-0.6351781674789909,0.9747899159663865,0.0,1
C_ID_eb0ab2e242,-39.88300697000002,60,1.3833333333333333,-0.38628654,-0.6647167828333337,0.7333333333333333,-1.02459747,1
C_ID_db5e24b6b0,5.851098310000001,47,1.7446808510638299,5.86397602,0.12449145340425534,0.9787234042553191,0.0,1
C_ID_e94921f3af,-33.38005857999999,55,0.03636363636363636,0.04876103,-0.6069101559999998,0.8545454545454545,5.73411616,1
C_ID_3a94e9105d,-42.29513773,65,2.9384615384615387,-0.43355994,-0.6506944266153846,0.6153846153846154,1.02735326,1
C_ID_e932f0cfc3,-49.50326528000001,82,1.0731707317073171,0.40863096,-0.6036983570731709,0.975609756097561,-3.41913381,1
C_ID_6722f5b2c9,-106.82807043,168,1.0714285714285714,-0.17890565,-0.6358813716071429,0.9940476190476191,0.0,1
C_ID_f3c631e73c,-23.612795910000003,39,1.7435897435897436,0.1982598,-0.6054563053846155,0.8205128205128205,0.95089391,1
C_ID_6cadfaf976,-24.212323639999997,38,1.131578947368421,-0.28138646,-0.6371664115789473,0.9736842105263158,0.0,1
C_ID_aeac0559ba,-226.9772940300002,361,0.002770083102493075,5.24416246,-0.6287459668421058,0.9529085872576177,0.0,1
C_ID_c49f07263b,-54.23610556999999,79,1.1139240506329113,0.07955035,-0.6865329818987341,0.43037974683544306,0.0,1
C_ID_e5f983a24f,-31.54650861,47,0.02127659574468085,-0.07672537,-0.6712023108510639,0.9574468085106383,-1.23944824,1
C_ID_2d1cd2edd5,-92.50128326999999,148,0.013513513513513514,1.82593155,-0.6250086707432432,0.9594594594594594,-2.98971145,1
C_ID_de75453d36,-14.755087920000003,24,0.0,-0.44637756,-0.6147953300000001,0.875,0.55940264,1
C_ID_ddc6158540,-24.350251960000005,62,1.6290322580645162,0.30479777,-0.3927459993548388,0.967741935483871,0.0,1
C_ID_9a27ad76e4,-12.896263339999999,26,3.1923076923076925,0.75425576,-0.4960101284615384,0.9230769230769231,0.0,1
C_ID_1401421799,-12.97201196,20,0.0,-0.35839733,-0.648600598,1.0,-2.36836926,1
C_ID_60e64fec80,-14.458434490000002,23,0.0,-0.40129802,-0.6286275865217392,0.6956521739130435,0.0,1
C_ID_25db32eb76,-194.55352245000012,274,1.0145985401459854,-0.10076779,-0.7100493520072997,0.8795620437956204,-0.03271022,1
C_ID_31c79a6a0e,-13.26581029,18,1.0,-0.73338393,-0.7369894605555555,1.0,0.0,1
C_ID_3366a1053a,-12.703863859999998,18,0.0,-0.67177524,-0.7057702144444443,1.0,1.25926108,1
C_ID_12150cdbf5,-168.32969003000014,296,1.0675675675675675,3.15998527,-0.5686813852364869,0.9695945945945946,0.0,1
C_ID_a07e554437,-40.17826286000001,59,0.0,-0.371245,-0.6809875061016951,0.9491525423728814,0.0,1
C_ID_146d0f53e3,-25.977713379999997,39,0.0,-0.14584732,-0.6660952148717948,0.9487179487179487,-0.81399219,1
C_ID_1b79c861a5,-74.95034745000001,108,0.0,-0.371245,-0.6939846986111112,0.7037037037037037,-4.87852918,1
C_ID_08f2f2e6d5,-4.443309480000001,9,1.5555555555555556,-0.31113895,-0.4937010533333334,0.7777777777777778,0.0,1
C_ID_9e229fa64a,-12.75650172,18,0.0,-0.60415593,-0.70869454,0.9444444444444444,0.0,1
C_ID_bea80471c8,-8.72466323,21,1.0476190476190477,2.59964665,-0.41546015380952384,0.7619047619047619,0.0,1
C_ID_f7588244d4,-51.94372109,76,1.1973684210526316,0.21567552,-0.6834700143421052,0.881578947368421,0.0,1
C_ID_9fcf8aca4c,-117.67186255999995,168,0.005952380952380952,-0.44637756,-0.7004277533333331,0.9523809523809523,0.0,1
C_ID_91a14d05f8,-38.663019569999996,65,1.6307692307692307,0.83087594,-0.5948156856923076,1.0,0.0,1
C_ID_7562851616,-23.172504069999995,34,0.0,-0.41407056,-0.681544237352941,0.8823529411764706,-0.6133235,1
C_ID_e10822327d,1.6134416300000003,12,1.75,5.26655196,0.1344534691666667,1.0,0.0,1
C_ID_7224d0d55f,-0.44887197,17,3.9411764705882355,2.16049684,-0.026404233529411764,1.0,3.91090236,1
C_ID_e5e40fc244,-36.40315239000002,78,0.0,3.00972015,-0.46670708192307714,0.8205128205128205,0.79914992,1
C_ID_c0c56c1baa,-112.22622466000001,169,0.0,-0.31113895,-0.6640605009467456,0.9230769230769231,-0.75139089,1
C_ID_f2ef3a6947,-46.88297232,92,1.2717391304347827,1.63691306,-0.5095975252173913,0.9891304347826086,1.91895093,1
C_ID_ff41b8b4c9,-25.011598860000003,55,1.490909090909091,1.76687736,-0.45475634290909095,0.9272727272727272,0.0,1
C_ID_f893099582,-18.887093139999998,26,1.0,-0.69614824,-0.7264266592307691,1.0,-0.53420519,1
C_ID_d812fbc2a5,-60.930461649999984,96,1.40625,0.60547827,-0.6346923088541665,0.9166666666666666,0.0,1
C_ID_c65814ef32,-7.752958819999999,30,2.033333333333333,1.08632664,-0.2584319606666666,0.9333333333333333,-33.21928095,1
C_ID_e2033319ae,-19.707600770000003,31,1.5483870967741935,-0.29286671,-0.6357290570967743,0.967741935483871,-1.66584799,1
C_ID_ec3a01e084,-243.0821383000001,390,0.020512820512820513,0.75574338,-0.6232875341025644,0.9128205128205128,-0.18510452,1
C_ID_bcb94d8ac7,-52.129944660000014,76,1.0,0.15468291,-0.6859203244736843,0.8421052631578947,0.1507261,1
C_ID_6650ada4db,-7.55498447,11,1.0,-0.68681677,-0.68681677,0.6363636363636364,1.0,1
C_ID_0020f8197d,129.61733839000001,102,0.00980392156862745,14.279604,1.2707582195098042,0.9607843137254902,0.0,1
C_ID_5d59b46461,-57.61595883,99,0.030303030303030304,0.94456653,-0.5819793821212121,0.8484848484848485,4.72036668,1
C_ID_23c95a5520,-3.236815839999999,27,2.2962962962962963,2.10662679,-0.11988206814814811,0.9259259259259259,0.0,1
C_ID_8111e950a9,-9.052421509999999,25,0.0,0.45521315,-0.36209686039999994,0.6,3.61265123,1
C_ID_5380323091,-8.05986029,13,2.3076923076923075,-0.34134224,-0.6199892530769231,0.9230769230769231,-0.04810176,1
C_ID_1958437022,-16.88195541,24,0.0,-0.51459792,-0.70341480875,0.9166666666666666,5.93258092,1
C_ID_362b7ba859,-36.85355697999999,57,0.0,0.15468291,-0.6465536312280701,0.9649122807017544,0.0,1
C_ID_7a77f8993d,-64.70967454000002,100,1.19,-0.13082081,-0.6470967454000003,0.99,0.0,1
C_ID_8a275252a8,-161.84735796000007,253,0.0,2.25839456,-0.6397128773122532,0.9525691699604744,-0.29573795,1
C_ID_b85e01d10f,-23.46487489,36,0.05555555555555555,0.44400337,-0.6518020802777778,0.8333333333333334,1.62104934,1
C_ID_de51ec1443,-39.26511679,56,0.0,-0.48250129,-0.7011627998214286,0.9107142857142857,0.0,1
C_ID_face94daee,-10.2492381,34,1.3235294117647058,0.37276268,-0.3014481794117647,0.8235294117647058,0.13404783,1
C_ID_bf63c8e9b0,-36.27541197,52,1.0192307692307692,-0.37126003,-0.6976040763461538,0.9423076923076923,0.79865721,1
C_ID_25678cf425,-197.2333206600001,285,0.007017543859649123,-0.43736165,-0.692046739157895,0.9719298245614035,-1.7236814,1
C_ID_33d5a77276,-10.803956789999999,24,1.0,0.70765855,-0.45016486624999996,1.0,0.0,1
C_ID_15f1230cb1,7.567201090000001,29,1.1724137931034482,1.87303967,0.2609379686206897,0.896551724137931,-0.36092478,1
C_ID_c0c72c11db,-1.6880332500000002,10,1.3,0.45521315,-0.168803325,0.8,-2.08300988,1
C_ID_73ddb796b0,-131.11130421999997,188,0.0,-0.49897035,-0.6974005543617019,0.9521276595744681,0.24727626,1
C_ID_27208a8d44,-53.05613375999999,83,0.10843373493975904,0.80382822,-0.6392305272289155,0.8795180722891566,1.40031977,1
C_ID_dff95bae1e,-17.22971397,25,0.0,-0.46652811,-0.6891885588,0.88,2.03923601,1
C_ID_47f1368f67,-116.94029686999993,185,1.1027027027027028,0.44236548,-0.6321097128108104,0.9513513513513514,-33.21928095,1
C_ID_e87615f7e7,-8.291944760000002,14,1.5714285714285714,0.00441779,-0.5922817685714287,0.8571428571428571,-0.56215217,1
C_ID_e732b7fba1,-78.34691022999996,113,1.079646017699115,-0.50948891,-0.6933354887610617,0.8495575221238938,-0.05008409,1
C_ID_ac9c3fedf2,-246.08990507999997,421,0.009501187648456057,1.94734577,-0.5845365916389548,0.9548693586698337,0.0,1
C_ID_bc81f572a8,-21.500609300000015,67,1.8805970149253732,1.38610555,-0.3209046164179107,0.9701492537313433,-0.19992573,1
C_ID_2df6f61cff,-31.266925309999994,46,0.0,0.00441779,-0.6797157676086956,0.8260869565217391,0.0,1
C_ID_06ec2175bc,-77.72520329000002,110,0.0,-0.54855784,-0.7065927571818184,1.0,-3.05393225,1
C_ID_d111fd0472,-95.93182077000003,136,0.014705882352941176,-0.36589556,-0.7053810350735297,0.9191176470588235,1.02470617,1
C_ID_305ece6956,-16.048089219999998,22,0.0,-0.6964638,-0.7294586009090908,0.7727272727272727,1.35147237,1
C_ID_cf1f328cb4,-61.75251706999999,98,0.0,0.79180701,-0.6301277252040816,0.9795918367346939,0.40103156,1
C_ID_9a97c1ccf8,-27.80645488,60,0.0,0.17722268,-0.46344091466666665,0.9333333333333333,0.0,1
C_ID_234613082d,-69.62175115000004,112,0.0,0.45401103,-0.6216227781250003,0.9553571428571429,0.77413024,1
C_ID_082cdb1d89,-35.838380900000004,54,1.0,0.11711663,-0.6636737203703704,1.0,0.0,1
C_ID_60d9585b8b,-57.41808968000001,90,1.6333333333333333,-0.01060872,-0.6379787742222223,0.9888888888888889,0.0,1
C_ID_9d84494666,-68.94208692,100,0.0,0.12569677,-0.6894208691999999,0.96,0.0,1
C_ID_7194067319,5.828783900000001,116,1.646551724137931,10.97226875,0.050248137068965526,0.9913793103448276,0.75518222,1
C_ID_828b32fabb,11.5114651,33,4.757575757575758,3.56500987,0.34883227575757575,0.9090909090909091,2.43154547,1
C_ID_eb238f575f,-4.69733269,8,0.125,-0.45238816,-0.58716658625,0.75,0.0,1
C_ID_4d361d6433,-30.965313180000017,68,1.1323529411764706,0.25312159,-0.45537225264705905,0.8676470588235294,0.0,1
C_ID_3260a68822,-40.15342407,61,1.2622950819672132,-0.14768056,-0.6582528536065574,0.9836065573770492,0.77360893,1
C_ID_0c4ebcbdac,-97.67648901,142,0.0,-0.22849314,-0.6878625986619719,0.9436619718309859,-0.92358082,1
C_ID_b06329d10b,-68.03152553999998,113,1.6194690265486726,0.33500105,-0.6020488985840706,0.8407079646017699,0.91964572,1
C_ID_1bf00b62ac,-63.58662306000002,91,1.032967032967033,-0.52166038,-0.6987540995604398,1.0,-4.08756327,1
C_ID_05580e2168,-199.15086874000005,284,0.02112676056338028,-0.40129802,-0.7012354533098594,0.9683098591549296,-0.44545081,1
C_ID_f93b0c47fe,-82.09866957000004,121,1.140495867768595,-0.46717425,-0.6785014014049591,0.9586776859504132,-0.3227864,1
C_ID_10c3d9b364,19.276294859999997,54,4.2592592592592595,2.33352712,0.3569684233333333,0.5925925925925926,-0.29945399,1
C_ID_14bd75af0f,-14.436616000000003,20,0.05,-0.61933271,-0.7218308000000001,0.65,0.0,1
C_ID_ff05f4b77f,-24.375030740000007,39,1.205128205128205,-0.33686434,-0.6250007882051284,0.8717948717948718,0.0,1
C_ID_1df1a5cb7e,21.42436474,36,1.4444444444444444,14.279604,0.5951212427777778,0.9444444444444444,0.0,1
C_ID_9d8181fc53,33.56758948,55,3.7818181818181817,3.97276929,0.6103198087272728,0.5454545454545454,-0.20080411,1
C_ID_1da629424f,-73.10896875,104,0.009615384615384616,-0.44559618,-0.7029708533653847,0.9807692307692307,0.0,1
C_ID_2dc094f5b3,-51.36396825,85,1.0470588235294118,0.81434678,-0.6042819794117646,0.9764705882352941,-1.35209559,1
C_ID_9e1adb515b,9.775301899999999,6,3.8333333333333335,3.06486745,1.6292169833333332,0.8333333333333334,-0.2933283,1
C_ID_a0cf6f0bd4,-15.943940470000001,25,1.92,-0.35925384,-0.6377576188,1.0,0.0,1
C_ID_269669e208,-11.68133981,17,1.3529411764705883,-0.4614191,-0.687137635882353,0.8823529411764706,-1.2498371,1
C_ID_b2b58c2325,-4.735034199999999,23,1.565217391304348,2.85323406,-0.20587105217391302,0.9565217391304348,0.0,1
C_ID_f1ec622f03,-62.71502534000002,205,0.0,4.23438086,-0.3059269528780489,0.8878048780487805,-1.44025229,1
C_ID_0890e4575b,-7.740486830000001,12,0.0,-0.50648361,-0.6450405691666667,0.75,1.20833893,1
C_ID_38054a9ee0,14.118805330000006,73,1.0,3.20700323,0.1934082921917809,0.9041095890410958,-0.95822008,1
C_ID_45cf04258e,-35.058399879999996,169,3.9881656804733727,10.52297605,-0.20744615313609466,0.9467455621301775,0.0,1
C_ID_41758fe2ea,-37.20965527000001,62,0.0,0.21893628,-0.6001557301612905,0.7903225806451613,-2.84802649,1
C_ID_48c676171c,-26.397193469999987,49,4.408163265306122,0.06452384,-0.5387182340816324,0.8367346938775511,-0.02414156,1
C_ID_f064bf01b2,-19.413817469999998,36,1.5833333333333333,-0.22999579,-0.5392727074999999,0.8888888888888888,0.11635961,1
C_ID_8b47ddd534,-18.278429270000004,30,1.0,-0.04504948,-0.6092809756666668,0.8333333333333334,2.35521828,1
C_ID_a3217f5189,-32.39057781,60,1.8,1.33521076,-0.5398429635,0.8333333333333334,0.0,1
C_ID_d74d89ec5e,-30.83482294,44,0.0,-0.56658965,-0.7007914304545454,0.9090909090909091,-4.91348784,1
C_ID_f93afab0bb,-71.89419539,106,1.2924528301886793,0.08255566,-0.6782471263207547,0.6698113207547169,0.0,1
C_ID_dcec0c3608,-64.99420148,93,0.0,-0.45111091,-0.6988623815053764,0.9139784946236559,0.0,1
C_ID_4c8945a490,-150.09135136999993,233,1.1587982832618027,3.32831226,-0.6441688899999997,0.9828326180257511,0.0,1
C_ID_7d7afea711,-18.58214513,30,1.2666666666666666,-0.33050813,-0.6194048376666667,0.6666666666666666,0.0,1
C_ID_e3e7cba0df,-57.72732033000002,87,0.034482758620689655,-0.10076779,-0.6635324175862071,0.896551724137931,-0.80685343,1
C_ID_022e44ebc2,-5.83184933,9,0.3333333333333333,-0.47492793,-0.6479832588888889,0.5555555555555556,0.0,1
C_ID_2ca86a1e59,-5.46871865,8,0.0,-0.53052603,-0.68358983125,0.875,-0.88399778,1
C_ID_f787e5df74,-46.032471689999994,67,1.1194029850746268,-0.33367872,-0.6870518162686566,0.9850746268656716,0.91933862,1
C_ID_c30dbe37a9,1.6484984599999957,143,2.2797202797202796,11.87536211,0.011527961258741228,0.916083916083916,0.00769508,1
C_ID_9dc31443d3,-9.28757139,23,1.6956521739130435,1.01119408,-0.40380745173913046,0.9565217391304348,0.0,1
C_ID_edd907aeeb,-94.60963814000003,283,0.0035335689045936395,0.92094485,-0.33430967540636053,0.9151943462897526,0.51447479,1
C_ID_5cb71dca36,-16.25452343,28,0.0,0.30494803,-0.5805186939285714,0.7857142857142857,0.77235333,1
C_ID_5292c07069,-27.65378555000001,47,1.2765957446808511,-0.36771377,-0.588378415957447,1.0,0.28315341,1
C_ID_ceca6acc6d,-36.654500819999996,85,1.2470588235294118,5.11192915,-0.4312294214117647,0.9647058823529412,0.7424767,1
C_ID_372c220843,-17.80571023,26,0.0,-0.55712295,-0.6848350088461538,0.9615384615384616,0.0,1
C_ID_e9f399122e,-93.74211251999992,146,1.1027397260273972,0.00441779,-0.6420692638356159,0.815068493150685,-1.16662004,1
C_ID_08e5395f2a,-6.88523786,10,0.0,-0.44697862,-0.688523786,0.7,0.0,1
C_ID_d0cb5da571,-6.17787984,15,2.8666666666666667,1.01374859,-0.411858656,0.7333333333333333,-0.53874558,1
C_ID_cf68fb37eb,-8.175564439999999,16,1.0,-0.38530982,-0.5109727774999999,0.75,0.0,1
C_ID_39e7ef34b9,-2.6776041299999997,29,1.4827586206896552,2.8506495,-0.09233117689655171,0.9310344827586207,0.0,1
C_ID_31b740b3dc,-14.38454916,20,0.0,-0.6236904,-0.719227458,1.0,0.0,1
C_ID_736861a088,-10.70018371,18,2.1666666666666665,-0.17902586,-0.5944546505555555,0.8333333333333334,0.0,1
C_ID_9c830ce3f8,-35.18483284,53,1.5660377358490567,0.07955035,-0.6638647705660377,0.8867924528301887,-1.82363896,1
C_ID_6d02ef977a,-107.16822558999999,154,0.006493506493506494,-0.35020788,-0.6958975687662338,0.961038961038961,1.60983588,1
C_ID_9736edac22,2.36174691,7,3.142857142857143,1.95786433,0.3373924157142857,1.0,0.0,1
C_ID_a92ca3711b,-6.20677583,13,1.3076923076923077,0.04949733,-0.4774442946153846,0.46153846153846156,0.0,1
C_ID_3233a4e175,-35.043793969999996,65,1.2461538461538462,1.29564595,-0.5391352918461538,0.9692307692307692,1.26285018,1
C_ID_81b641e568,-41.73699307000001,82,1.3170731707317074,2.79377415,-0.5089877203658538,0.9390243902439024,-0.99236383,1
C_ID_58fa09c71c,-4.37608087,6,0.0,-0.68905572,-0.7293468116666667,1.0,-2.19542537,1
C_ID_9a4ae48771,-7.5045856099999995,21,2.5714285714285716,1.17119638,-0.3573612195238095,1.0,0.22278168,1
C_ID_ba4d8691c4,-86.55533754999996,127,1.4645669291338583,-0.29611244,-0.6815380909448816,0.4881889763779528,0.2615764,1
C_ID_8de28cbf11,-22.34484379,33,0.0,-0.23417316,-0.6771164784848485,0.6666666666666666,0.64566736,1
C_ID_e646df7135,-11.866691809999999,16,0.0,-0.73790691,-0.7416682381249999,0.9375,0.0,1
C_ID_6c25b7db18,-8.34144212,34,1.911764705882353,2.74672614,-0.24533653294117647,0.8823529411764706,-2.75822706,1
C_ID_ce43d83594,-20.674316429999998,36,1.4722222222222223,-0.24342949,-0.5742865675,1.0,-0.5505509,1
C_ID_b251fce139,-30.26784256,52,1.2307692307692308,-0.0188733,-0.5820738953846154,0.9615384615384616,-1.03833909,1
C_ID_4e1ab71b1f,-146.94012662999992,249,1.4016064257028114,1.20653874,-0.5901209904819275,0.9236947791164659,0.44002552,1
C_ID_a6151b6671,-37.220414240000004,53,0.0,-0.53653663,-0.7022719667924529,0.8679245283018868,-2.08447237,1
C_ID_fbea772a0f,-43.89287671,70,1.1142857142857143,-0.25854616,-0.6270410958571428,0.9571428571428572,-1.64818939,1
C_ID_633be0bf99,-125.16890487999997,256,1.3984375,5.65162135,-0.4889410346874999,0.98828125,3.15311225,1
C_ID_f8233e43cd,-163.00555640999994,281,1.2491103202846976,2.59701701,-0.5800909480782916,0.9537366548042705,0.2372385,1
C_ID_3b13eae132,-14.20580879,23,1.434782608695652,-0.3488555,-0.6176438604347826,0.8260869565217391,-2.80282191,1
C_ID_0a43937955,-20.560160009999997,33,0.0,-0.34768343,-0.6230351518181817,0.9090909090909091,0.0,1
C_ID_76729dd8a1,-45.36843510000001,66,1.1666666666666667,-0.40144829,-0.6874005318181821,0.7424242424242424,0.0,1
C_ID_559b5ec1b6,-12.194194629999998,17,0.0,-0.66290959,-0.7173055664705882,1.0,2.01518829,1
C_ID_950a338a7f,-67.27729963,131,1.0,5.15000633,-0.5135671727480916,0.9694656488549618,-0.47678937,1
C_ID_099616ca2e,-113.69795126000002,188,1.3191489361702127,1.45582857,-0.6047763364893618,1.0,0.0,1
C_ID_564d2f8fb1,-134.41916543000005,398,1.2839195979899498,5.1134318,-0.3377365965577891,0.9472361809045227,0.0,1
C_ID_75a8653e5f,-71.72962507999998,108,0.046296296296296294,-0.03316351,-0.664163195185185,0.7407407407407407,0.98128347,1
C_ID_87780f8763,-13.33735157,24,0.0,-0.25427863,-0.5557229820833333,1.0,-0.66338156,1
C_ID_3bb60fa23c,-176.16872054999996,275,0.0036363636363636364,0.40558058,-0.6406135292727271,0.9454545454545454,0.0,1
C_ID_1fed944bea,-7.404929749999999,14,1.1428571428571428,-0.04946728,-0.5289235535714285,1.0,0.0,1
C_ID_3c53372871,-159.36581985999993,388,1.7010309278350515,18.4870273,-0.41073664912371116,0.9201030927835051,0.0,1
C_ID_53279afee6,-2.23027996,8,1.0,0.54526703,-0.278784995,1.0,-0.15140835,1
C_ID_08359688d1,-56.18133267000001,78,0.05128205128205128,-0.65674872,-0.7202734957692309,0.8974358974358975,0.0,1
C_ID_8b25be3c18,-17.219526000000002,32,1.75,-0.06820534,-0.5381101875000001,0.8125,0.0,1
C_ID_0a9d57c471,-69.65775465000002,112,1.0089285714285714,-0.33818667,-0.6219442379464287,0.9375,-0.3730114,1
C_ID_1de0d5309d,-41.32597285999999,63,1.1746031746031746,-0.3518608,-0.6559678231746031,0.9047619047619048,0.0,1
C_ID_4ba587963d,-169.96660301000003,238,0.037815126050420166,-0.48275674,-0.7141453907983194,0.907563025210084,1.11445872,1
C_ID_92721a0990,-20.14031926,31,0.0,-0.36769874,-0.6496877180645161,0.7741935483870968,0.0,1
C_ID_dde26406eb,-16.588893350000003,24,0.0,-0.60565858,-0.6912038895833335,0.875,0.0,1
C_ID_aa6eb5cd0d,-63.36658985,88,0.011363636363636364,-0.60842346,-0.7200748846590909,0.8181818181818182,-0.18226227,1
C_ID_5d8755e6df,-134.68233973000005,185,0.05945945945945946,-0.58912942,-0.7280126471891895,0.9135135135135135,0.21903154,1
C_ID_1775e4e7da,-9.32106552,13,1.0,-0.71700504,-0.71700504,1.0,0.0,1
C_ID_8345a5ea21,-127.5890297299999,227,0.013215859030837005,0.97344749,-0.5620662102643167,0.9559471365638766,0.23689325,1
C_ID_1fdc2f6b64,-106.02131215999995,161,1.0186335403726707,0.39991558,-0.6585174668322978,0.9937888198757764,0.0,1
C_ID_278fc0b89e,-145.03419381,206,1.0194174757281553,-0.37126003,-0.7040494845145632,0.912621359223301,1.15640417,1
C_ID_8110c578b0,-11.25651028,28,1.6428571428571428,2.71520052,-0.4020182242857143,0.8928571428571429,0.0,1
C_ID_3571a0612f,-56.41216993,91,1.1868131868131868,0.51351601,-0.6199139552747253,0.978021978021978,0.0,1
C_ID_cbe0b180e0,-82.67679953000001,118,0.00847457627118644,-0.371245,-0.7006508434745764,0.9152542372881356,0.0,1
C_ID_a795d253a2,-127.15372671000003,189,0.0,-0.26756207,-0.6727710407936509,0.9365079365079365,6.93318164,1
C_ID_4dafd9e994,-11.871365049999998,18,0.05555555555555555,-0.01238185,-0.6595202805555554,0.8333333333333334,5.64293617,1
C_ID_66302fe578,-9.699748580000001,17,1.1764705882352942,1.50706897,-0.570573445882353,0.35294117647058826,0.0,1
C_ID_5a9f44626c,-20.258322470000003,28,0.0,-0.65269157,-0.7235115167857143,0.7142857142857143,0.0,1
C_ID_31bb1ea83d,-24.878223519999995,48,0.041666666666666664,-0.03314849,-0.5182963233333332,0.7916666666666666,3.82085068,1
C_ID_7eb60a5851,99007.49479917996,295,0.013559322033898305,99176.67320162,335.6186264378982,0.823728813559322,0.0,1
C_ID_60434ccb90,-128.14078834,181,0.0055248618784530384,-0.49598007,-0.7079601565745857,0.9558011049723757,0.0,1
C_ID_a6467b6ef5,-17.02388085,26,1.0,-0.47417661,-0.6547646480769231,0.7307692307692307,1.90554885,1
C_ID_6a576fe99b,-4.7952303899999995,10,0.0,0.37962979,-0.47952303899999993,1.0,0.0,1
C_ID_c864fbb76a,-60.057511640000016,129,0.13178294573643412,0.73028847,-0.46556210573643425,0.8372093023255814,0.05956449,1
C_ID_63665c0393,-106.35022733999998,168,0.017857142857142856,0.63733447,-0.6330370674999999,0.8869047619047619,0.0,1
C_ID_c8a9c6aaf2,-44.23701391000001,97,0.030927835051546393,0.77004862,-0.4560516897938145,0.6804123711340206,0.0,1
C_ID_0a78182645,-18.1357976,29,1.1379310344827587,-0.17101673,-0.6253723310344828,0.9655172413793104,0.0,1
C_ID_ed37bcb006,-7.876296420000001,12,0.0,-0.52152514,-0.6563580350000001,1.0,0.12763631,1
C_ID_435aa038d5,-68.20375925000002,153,1.2222222222222223,3.57321435,-0.4457762042483661,0.9477124183006536,0.0,1
C_ID_0c25748450,-31.2271201,50,0.02,-0.23976302,-0.624542402,0.86,0.0,1
C_ID_1bda0a29a5,-96.89616229,150,1.2866666666666666,0.38008059,-0.6459744152666667,0.8866666666666667,-0.32651891,1
C_ID_71f2c40981,-39.44890604,54,0.16666666666666666,-0.62298415,-0.730535297037037,0.6481481481481481,1.09469782,1
C_ID_21dda2d7dc,-22.35970499,50,1.76,2.21331503,-0.4471940998,0.92,-0.12930971,1
C_ID_12bcb6d960,-46.107318790000015,77,1.0,0.45521315,-0.5987963479220781,0.922077922077922,0.0285681,1
C_ID_b0a88d57c6,-38.687152100000006,53,0.0,-0.6838265,-0.7299462660377359,0.9245283018867925,0.0,1
C_ID_8fb397747c,-29.46849226999999,43,1.0,-0.39528742,-0.68531377372093,0.9302325581395349,0.0,1
C_ID_27b48b94ad,-58.75925104000002,89,0.033707865168539325,0.24351965,-0.6602163038202249,0.9325842696629213,0.0,1
C_ID_2506f5ad59,-83.10379285000008,116,0.1896551724137931,-0.51961678,-0.7164120073275868,0.7931034482758621,0.0,1
C_ID_38642540a3,-31.612760509999994,64,1.453125,1.64230758,-0.4939493829687499,0.875,-0.4862419,1
C_ID_424c1b657f,-23.927586269999995,82,0.012195121951219513,2.39062787,-0.2917998325609756,0.8902439024390244,0.0,1
C_ID_5f77e1def4,-220.51511251000014,356,1.0084269662921348,5.98496949,-0.619424473342697,0.9971910112359551,0.0,1
C_ID_ed3e7bb837,-825.975497490001,1201,0.009991673605328892,0.54154046,-0.6877397980766037,0.9075770191507078,-0.02538372,1
C_ID_2327ca36e4,-38.08998359000002,62,1.1774193548387097,0.07654505,-0.6143545740322583,0.9516129032258065,0.0,1
C_ID_4320401973,-178.74581244,258,0.015503875968992248,-0.01661932,-0.6928132265116279,0.9612403100775194,0.0,1
C_ID_66154c96db,-177.92632659999995,263,0.0076045627376425855,0.25393302,-0.6765259566539922,0.8897338403041825,0.0,1
C_ID_dcdd29758f,-79.40800734000001,138,1.2681159420289856,2.24036275,-0.5754203430434783,0.9855072463768116,0.53386385,1
C_ID_2222d85544,-30.098704199999997,56,1.2678571428571428,-0.20595337,-0.5374768607142857,0.8928571428571429,-0.01979423,1
C_ID_4e10b6134d,-2.8255402,7,2.5714285714285716,1.39437014,-0.40364859999999997,1.0,0.0,1
C_ID_289f778094,-58.22351077,83,0.024096385542168676,-0.54691995,-0.7014880815662651,0.9156626506024096,-0.81389258,1
C_ID_aae9e7e54f,-233.80128380999997,351,0.019943019943019943,0.10960338,-0.6661005236752136,0.9430199430199431,0.0,1
C_ID_936203fc25,-5.37005458,22,0.8181818181818182,1.35680386,-0.24409339,1.0,0.0,1
C_ID_2eb2e07bac,-223.73589508000006,384,1.3567708333333333,2.85945504,-0.5826455601041668,0.984375,0.74923842,1
C_ID_fe882b6286,-55.186577639999996,109,1.091743119266055,0.33500105,-0.5062988774311926,0.9908256880733946,0.0,1
C_ID_acfd7e2487,-12.16241359,17,0.0,-0.69882296,-0.7154360935294117,0.9411764705882353,-1.71842964,1
C_ID_a85af7105b,-83.36859011000006,130,0.007692307692307693,0.20341389,-0.6412968470000004,0.9384615384615385,-0.10331024,1
C_ID_a5e08bb6b9,-23.645658859999998,34,0.058823529411764705,-0.35017783,-0.6954605547058823,0.8235294117647058,-0.31735928,1
C_ID_cf5f20e241,-13.75922085,21,0.0,-0.45298922,-0.6552009928571428,1.0,-0.75681297,1
C_ID_3a688a2aa5,-87.01251920000003,153,1.4183006535947713,1.20623821,-0.5687092758169936,0.9869281045751634,0.23827666,1
C_ID_ab4d7583d2,-48.82083627999999,81,0.024691358024691357,1.95636168,-0.6027263738271603,0.9012345679012346,3.62230246,1
C_ID_2a3c900748,-12.97186171,20,1.0,-0.51399686,-0.6485930855,1.0,0.4880678,1
C_ID_5bbaf0681b,-120.34948180000008,178,1.1123595505617978,0.90593337,-0.6761206842696633,0.9606741573033708,-0.32378924,1
C_ID_4fa1c21a3d,-2.5101186999999996,5,2.0,0.07955035,-0.5020237399999999,1.0,3.52219091,1
C_ID_f8a5510e04,-317.9977593900002,442,0.0,-0.55157817,-0.7194519443212675,0.9819004524886877,-0.64066815,1
C_ID_6df7bddb40,-5.7157996099999995,42,0.0,2.44433262,-0.1360904669047619,0.9523809523809523,0.33553178,1
C_ID_f9924f0f1e,-5.822878510000001,18,2.2222222222222223,2.81888345,-0.3234932505555556,0.7222222222222222,1.91931818,1
C_ID_f6a2d39bf7,-4.3256669400000005,11,2.5454545454545454,1.64095519,-0.39324244909090916,1.0,0.65038482,1
